scan_id,timestamp,raw_latitude,raw_longitude,latitude,longitude,snap_distance_m,road_type,snapped,segment_id,match_score,candidate_count
scan_01,2026-04-08 11:32:48,48.87859698231721,8.715912761038608,48.87859698231721,8.715912761038608,,,False,unsnapped,130.0,1
scan_02,2026-04-08 11:32:54,48.87859222952685,8.715724689034694,48.87859222952685,8.715724689034694,,,False,unsnapped,130.0,1
scan_03,2026-04-08 11:32:59,48.87857945658125,8.715631235402675,48.87857945658125,8.715631235402675,,,False,unsnapped,130.0,1
scan_04,2026-04-08 11:33:11,48.878608119717214,8.715648679771151,48.878608119717214,8.715648679771151,,,False,unsnapped,130.0,1
scan_05,2026-04-08 11:33:34,48.87875390342473,8.715488070086685,48.87875390342473,8.715488070086685,,,False,unsnapped,130.0,1
scan_06,2026-04-08 11:33:44,48.878844576585145,8.715434311545886,48.878844576585145,8.715434311545886,,,False,unsnapped,130.0,1
scan_07,2026-04-08 11:33:58,48.87897420854232,8.715393751082939,48.87897420854232,8.715393751082939,,,False,unsnapped,130.0,1
scan_08,2026-04-08 11:34:21,48.87909132219016,8.715419893481913,48.87909132219016,8.715419893481913,,,False,unsnapped,130.0,1
scan_09,2026-04-08 11:34:41,48.87920210759939,8.715571569434974,48.87920210759939,8.715571569434974,,,False,unsnapped,130.0,1
scan_10,2026-04-08 11:34:44,48.87920721622213,8.715604125798363,48.87920721622213,8.715604125798363,,,False,unsnapped,130.0,1
scan_11,2026-04-08 11:34:55,48.879207734449146,8.715610960927211,48.879207734449146,8.715610960927211,,,False,unsnapped,130.0,1
scan_12,2026-04-08 11:35:00,48.87924126084299,8.715664202393068,48.87924126084299,8.715664202393068,,,False,unsnapped,130.0,1
scan_13,2026-04-08 11:35:28,48.87947635357801,8.716001691881822,48.87947635357801,8.716001691881822,,,False,unsnapped,130.0,1
scan_14,2026-04-08 11:35:48,48.879556036835005,8.716314433514874,48.879556036835005,8.716314433514874,,,False,unsnapped,130.0,1
scan_15,2026-04-08 12:03:15,48.88978038,8.69490594,48.8896629,8.6948761,13.259000958699358,footway,True,1579:0,13.259000958699358,6
scan_16,2026-04-08 12:04:01,48.88971471078834,8.695300961700791,48.88972488795268,8.695300555635395,1.1333117320118722,residential,True,9:4,9.133311732011872,6
scan_17,2026-04-08 12:04:29,48.889687597532,8.695607415257273,48.88973015181455,8.695605717356488,4.738772613089955,residential,True,9:4,12.738772613089955,6
scan_18,2026-04-08 12:04:35,48.88968961022125,8.695658737095737,48.88973103786175,8.695657084147525,4.6133116693958405,residential,True,9:4,12.613311669395841,2
scan_19,2026-04-08 12:04:42,48.88970071562175,8.695761251426385,48.889732812596,8.695759970768268,3.5742645262810475,residential,True,9:4,11.574264526281048,2
scan_20,2026-04-08 12:06:02,48.88980351745669,8.69637696252907,48.88973940898665,8.696378386109574,7.137315513510973,residential,True,9:3,15.137315513510973,4
scan_21,2026-04-08 12:06:21,48.88979559069876,8.696624859846505,48.88974150000001,8.6965962,6.3763183958549146,residential,True,9:3,14.376318395854915,6
scan_22,2026-04-08 12:06:30,48.88977385104084,8.696722641796185,48.88972467712202,8.696699752991917,5.724668314247665,residential,True,9:1,13.724668314247666,6
scan_23,2026-04-08 12:06:36,48.88977163334506,8.69677642017949,48.88971459217834,8.696749869436887,6.6405478338880375,residential,True,9:1,14.640547833888037,6
scan_24,2026-04-08 12:06:43,48.88976504685391,8.696797228628853,48.8897136,8.6967548,6.514869112705834,residential,True,9:1,14.514869112705835,6
scan_25,2026-04-08 12:07:41,48.88969432278769,8.697389132041538,48.88968389368609,8.69738526765395,1.194926808380818,pedestrian,True,447:2,1.194926808380818,6
scan_26,2026-04-08 12:08:02,48.88965693991006,8.697558467242297,48.889659346248735,8.697558960323315,0.2702939358680504,pedestrian,True,447:3,0.2702939358680504,6
scan_27,2026-04-08 12:08:31,48.8896420292112,8.697542990379423,48.88966042701101,8.697546760257767,2.066547732927936,pedestrian,True,447:3,2.066547732927936,6
scan_28,2026-04-08 12:08:37,48.88963856486564,8.697543677588072,48.889660305454555,8.697548132434434,2.442029222108585,pedestrian,True,447:3,2.442029222108585,6
scan_29,2026-04-08 12:08:43,48.88963798290472,8.697545723775338,48.88966011704595,8.69755025926415,2.4862353038897935,pedestrian,True,447:3,2.4862353038897935,6
scan_30,2026-04-08 12:09:15,48.889626166731695,8.697726274795905,48.88964419713755,8.69772996939107,2.025279914195149,pedestrian,True,447:3,2.025279914195149,6
scan_31,2026-04-08 12:09:21,48.889622042827625,8.697797033731295,48.88963796707575,8.697800296755288,1.7887040453494445,pedestrian,True,447:3,1.7887040453494445,6
scan_32,2026-04-08 12:10:02,48.88954060878895,8.698120571025353,48.889561259994316,8.698129831427709,2.396733227430534,pedestrian,True,447:9,2.396733227430534,6
scan_33,2026-04-08 12:10:31,48.889464695381,8.69804371053606,48.88949792151426,8.697897825261407,11.300447134699244,pedestrian,True,447:10,11.300447134699244,6
scan_34,2026-04-08 12:10:38,48.88946915104124,8.698037976842064,48.889500733854554,8.697899306848985,10.741541906760911,pedestrian,True,447:10,10.741541906760911,6
scan_35,2026-04-08 12:10:43,48.88947905308782,8.698035809343907,48.889509134307865,8.697903732347314,10.23083863631123,pedestrian,True,447:10,10.23083863631123,6
scan_36,2026-04-08 12:11:59,48.88945481592618,8.698039009685715,48.88948814451604,8.697892674576355,11.33529402662792,pedestrian,True,447:10,11.33529402662792,6
scan_37,2026-04-08 12:12:31,48.88945485192254,8.698039627675653,48.889488302327756,8.69789275771419,11.376724307685096,pedestrian,True,447:10,11.376724307685096,6
scan_38,2026-04-08 12:12:39,48.889454860857526,8.698039727855807,48.889488330677715,8.697892772649421,11.38332747998043,pedestrian,True,447:10,11.38332747998043,6
scan_39,2026-04-08 12:12:44,48.88945488230094,8.698039902779703,48.88948838539561,8.697892801475717,11.394644371348532,pedestrian,True,447:10,11.394644371348532,6
scan_40,2026-04-08 12:14:47,48.889377112773786,8.698245436530375,48.889377035928426,8.69824538895028,0.00923616415660929,pedestrian,True,446:2,0.00923616415660929,6
scan_41,2026-04-08 12:14:54,48.889545781511,8.698021899024367,48.88957927254971,8.698036917058888,3.8868958802878844,pedestrian,True,447:9,3.8868958802878844,6
scan_42,2026-04-08 12:16:04,48.88955184381253,8.698102776308806,48.889565332370836,8.698108824841741,1.5654522396946504,pedestrian,True,447:9,1.5654522396946504,6
scan_43,2026-04-08 12:16:21,48.88953460322554,8.698108848520139,48.88956287046842,8.698121524100902,3.2806337090426796,pedestrian,True,447:9,3.2806337090426796,6
scan_44,2026-04-08 12:16:33,48.88953049330193,8.698090217153071,48.889565864797746,8.698106078417974,4.105137606363214,pedestrian,True,447:9,4.105137606363214,6
scan_45,2026-04-08 12:16:41,48.88952851594751,8.69809201982383,48.8895653851324,8.698108552681136,4.278956094162355,pedestrian,True,447:9,4.278956094162355,6
scan_46,2026-04-08 12:16:49,48.88952857298328,8.698091629355158,48.88956545933689,8.698108169911263,4.280948658084408,pedestrian,True,447:9,4.280948658084408,6
scan_47,2026-04-08 12:18:50,48.88962337605448,8.69799616903199,48.889644926038656,8.698003765820834,2.462542375631006,pedestrian,True,447:6,2.462542375631006,6
scan_48,2026-04-08 12:20:03,48.889643927978426,8.697992124613627,48.88964655883715,8.697993052042785,0.30063135978429234,pedestrian,True,447:6,0.30063135978429234,6
scan_49,2026-04-08 12:20:37,48.88963106561858,8.697999197515392,48.889644880080134,8.698004067382458,1.5785949820559972,pedestrian,True,447:6,1.5785949820559972,6
scan_50,2026-04-08 12:20:45,48.88963361259282,8.697992742090427,48.88964594359633,8.697997089009755,1.4090784627183428,pedestrian,True,447:6,1.4090784627183428,6
scan_51,2026-04-08 12:20:53,48.8896369803919,8.69798684200136,48.88964696864357,8.69799036305511,1.141369417241603,pedestrian,True,447:6,1.141369417241603,6
scan_52,2026-04-08 12:46:45,48.88963364652472,8.697984559283105,48.88964712881789,8.697989312054501,1.540637703712757,pedestrian,True,447:6,1.540637703712757,6
scan_53,2026-04-08 12:46:54,48.88962034596227,8.697982588246262,48.88964673575737,8.697991891162273,3.015593340740184,pedestrian,True,447:6,3.015593340740184,6
scan_54,2026-04-08 12:49:57,48.8895794416064,8.698185975801751,48.8896179,8.6981811,4.296037449347699,pedestrian,True,447:6,4.296037449347699,6
scan_55,2026-04-08 12:50:06,48.88951383645598,8.698225544548315,48.889504838298706,8.698255620086316,2.4185404345537744,pedestrian,True,446:3,2.4185404345537744,6
scan_56,2026-04-08 12:50:15,48.88943356786268,8.698291887074879,48.88945478240995,8.698220979419025,5.702085607412499,pedestrian,True,446:3,5.702085607412499,6
scan_57,2026-04-08 12:50:24,48.88934790508701,8.69826100407508,48.889369308617226,8.698274256425897,2.5725239040807475,pedestrian,True,446:2,2.5725239040807475,6
scan_58,2026-04-08 12:50:34,48.88926892924243,8.698347895224666,48.889338127856604,8.698390740649517,8.317090713735302,pedestrian,True,446:2,8.317090713735302,6
scan_59,2026-04-08 12:50:43,48.88925460139264,8.69843281683713,48.88931659071524,8.69847119850687,7.450594675235102,pedestrian,True,446:2,7.450594675235102,6
scan_60,2026-04-08 12:50:52,48.88927602553147,8.698430519928799,48.889320164128776,8.698457849047383,5.3050876761614285,pedestrian,True,446:2,5.3050876761614285,6
scan_61,2026-04-08 12:51:01,48.88927441668948,8.698451525330912,48.88931511203847,8.698476722506681,4.891238233725568,pedestrian,True,446:2,4.891238233725568,6
scan_62,2026-04-08 12:51:10,48.88930969566216,8.69832420133039,48.889349364539214,8.69834876296121,4.767864792153881,pedestrian,True,446:2,4.767864792153881,6
scan_63,2026-04-08 12:51:18,48.88936177377697,8.698271407255865,48.88936889158448,8.698275814365285,0.8555004498893591,pedestrian,True,446:2,0.8555004498893591,6
scan_64,2026-04-08 12:51:27,48.88942810497916,8.698315766014318,48.889456175355484,8.698221943392777,7.5448083650074045,pedestrian,True,446:3,7.5448083650074045,6
scan_65,2026-04-08 12:51:36,48.88949854887613,8.698380980716754,48.8895307002633,8.69827351759515,8.64170674959904,pedestrian,True,446:3,8.64170674959904,6
scan_66,2026-04-08 12:51:45,48.88957810539205,8.698447835305924,48.88960433659429,8.698455770315986,2.9772572749306607,pedestrian,True,446:0,2.9772572749306607,6
scan_67,2026-04-08 12:51:54,48.889655522532514,8.698506450531182,48.889599908832764,8.698489627218295,6.312188339377629,pedestrian,True,446:0,6.312188339377629,6
scan_68,2026-04-08 12:52:03,48.88973707600844,8.69855250806581,48.88984848300734,8.69858009871145,12.565173215679877,path,True,583:0,14.565173215679877,6
scan_69,2026-04-08 12:52:12,48.88980222408848,8.698585860055974,48.8898466871913,8.698596871633269,5.014824812815175,path,True,583:0,7.014824812815175,6
scan_70,2026-04-08 12:52:18,48.88983565543575,8.698616818788484,48.88984432172875,8.698618965053404,0.9774383287628854,path,True,583:0,2.9774383287628856,6
scan_71,2026-04-08 12:52:28,48.88986302131982,8.69861068053691,48.889845668835385,8.698606383077527,1.9571209174730966,path,True,583:0,3.9571209174730964,6
scan_72,2026-04-08 12:52:37,48.88991314866339,8.698615243428197,48.88992563055654,8.698563896069626,4.006936487756197,residential,True,4:2,12.006936487756196,6
scan_73,2026-04-08 12:52:46,48.88998564571088,8.698668501907346,48.89000079952031,8.698606162899171,4.8646728036386415,residential,True,4:2,12.86467280363864,6
scan_74,2026-04-08 12:52:56,48.890060742240735,8.69868835225887,48.890071110851714,8.6986456983259,3.328527909238295,residential,True,4:2,11.328527909238295,6
scan_75,2026-04-08 12:53:04,48.89012124026355,8.698770845401743,48.8900937,8.6986584,8.78273072670882,residential,True,4:2,16.78273072670882,6
scan_76,2026-04-08 12:53:13,48.89012678023144,8.698836909294055,48.89024210000001,8.6989644,15.87058275748192,footway,True,1129:0,15.87058275748192,6
scan_77,2026-04-08 12:53:22,48.890133097721495,8.698895899800554,48.89024210000001,8.6989644,13.129168027898306,footway,True,1129:0,13.129168027898306,6
scan_78,2026-04-08 12:53:31,48.89014008298814,8.698909968172023,48.89024210000001,8.6989644,12.035096110002593,footway,True,1129:0,12.035096110002593,6
scan_79,2026-04-08 12:53:40,48.89014148765448,8.698911934328711,48.89024210000001,8.6989644,11.840203768486761,footway,True,1129:0,11.840203768486761,6
scan_80,2026-04-08 12:53:49,48.89014079524099,8.69891439183786,48.89024210000001,8.6989644,11.856384216318734,footway,True,1129:0,11.856384216318734,6
scan_81,2026-04-08 12:53:58,48.8901420640057,8.6989117771395,48.89024210000001,8.6989644,11.78328667333131,footway,True,1129:0,11.78328667333131,6
scan_82,2026-04-08 12:54:07,48.89019273368481,8.698915444395558,48.89024210000001,8.6989644,6.560454796971114,footway,True,1129:0,6.560454796971114,6
scan_83,2026-04-08 12:54:16,48.8902915156664,8.698898967808262,48.89028769235611,8.69897007085136,5.2216355567655865,footway,True,1129:0,5.2216355567655865,6
scan_84,2026-04-08 12:54:26,48.8904033326553,8.69891857812163,48.8903836,8.698982,5.135540153789502,footway,True,1129:0,5.135540153789502,6
scan_85,2026-04-08 12:54:35,48.89047157461348,8.69891169417736,48.89048303739392,8.698832194234386,5.957107147366025,pedestrian,True,1462:0,5.957107147366025,6
scan_86,2026-04-08 12:54:44,48.8905309236923,8.698909321493588,48.89053933691131,8.698850971692332,4.37227498305415,pedestrian,True,1462:0,4.37227498305415,6
scan_87,2026-04-08 12:54:53,48.89062028276742,8.69892088655433,48.89062618688154,8.698879938577646,3.0683137753836656,pedestrian,True,1462:0,3.0683137753836656,6
scan_88,2026-04-08 12:55:02,48.89070448719596,8.698895740749146,48.89070306841534,8.69890558071162,0.7373268418138726,pedestrian,True,1462:0,0.7373268418138726,6
scan_89,2026-04-08 12:55:12,48.89072328794984,8.698922066841531,48.890724628203394,8.698912771501742,0.6965169848573552,pedestrian,True,1462:0,0.6965169848573552,6
scan_90,2026-04-08 12:55:21,48.89079797256797,8.698988937297218,48.89080505428266,8.698939455172072,3.706525014596869,pedestrian,True,465:5,3.706525014596869,6
scan_91,2026-04-08 12:55:30,48.8908821141815,8.699021630608312,48.89088985690359,8.69896752975989,4.052489965313624,pedestrian,True,465:5,4.052489965313624,6
scan_92,2026-04-08 12:55:39,48.8909767608744,8.699016713232952,48.8909994,8.699003,2.7127039161375714,pedestrian,True,465:3,2.7127039161375714,6
scan_93,2026-04-08 12:55:42,48.89100029509665,8.699020091819449,48.891002299352124,8.69900382643258,1.2112259083639185,pedestrian,True,465:3,1.2112259083639185,6
scan_94,2026-04-08 12:55:48,48.89105861229604,8.699050924581883,48.89106230812182,8.699020931358175,2.2334868534572623,pedestrian,True,465:3,2.2334868534572623,6
scan_95,2026-04-08 12:55:57,48.8911053882836,8.699076431933364,48.89111053334661,8.699034677497046,3.1092989283838435,pedestrian,True,465:3,3.1092989283838435,6
scan_96,2026-04-08 12:56:06,48.89110753051626,8.699075561877734,48.891112499317906,8.699035237878352,3.002779436538522,pedestrian,True,465:3,3.002779436538522,6
scan_97,2026-04-08 12:56:15,48.89109058717651,8.699128907757114,48.89108734882158,8.699159562775414,2.272479365063255,pedestrian,True,1254:20,2.272479365063255,6
scan_98,2026-04-08 12:56:24,48.89107509918353,8.699134104345799,48.891072785727985,8.699156004047614,1.6234417242870642,pedestrian,True,1254:20,1.6234417242870642,6
scan_99,2026-04-08 12:56:29,48.89107832360513,8.699137508740398,48.891076279592966,8.699156857830111,1.434362797349072,pedestrian,True,1254:20,1.434362797349072,6
scan_100,2026-04-08 12:56:39,48.89108420014332,8.699134134852057,48.89108166080485,8.699158172816398,1.781952446835927,pedestrian,True,1254:20,1.781952446835927,6
scan_101,2026-04-08 12:56:45,48.8910881905604,8.699137230809166,48.89108586962614,8.69915920131005,1.6286896907811979,pedestrian,True,1254:20,1.6286896907811979,6
scan_102,2026-04-08 12:56:54,48.89108925676295,8.69914059406714,48.89108725534707,8.699159539933403,1.4044712305323377,pedestrian,True,1254:20,1.4044712305323377,6
scan_103,2026-04-08 12:57:03,48.89108581370503,8.699149448135067,48.89108481072763,8.699158942551048,0.7038282029606688,pedestrian,True,1254:20,0.7038282029606688,6
scan_104,2026-04-08 12:57:11,48.89108520271169,8.699160291412342,48.891085331753565,8.699159069872175,0.09055369313043819,pedestrian,True,1254:20,0.09055369313043819,6
scan_105,2026-04-08 12:57:20,48.89108563080818,8.699162310706964,48.891085957024565,8.69915922266727,0.2289187077438088,pedestrian,True,1254:20,0.2289187077438088,6
scan_106,2026-04-08 12:57:27,48.89107105619794,8.699174320471942,48.8910729859522,8.699156052975644,1.3541836467092572,pedestrian,True,1254:20,1.3541836467092572,6
scan_107,2026-04-08 12:57:37,48.89106609104925,8.699168776932465,48.891067574875755,8.69915473069147,1.0412588247996264,pedestrian,True,1254:20,1.0412588247996264,6
scan_108,2026-04-08 12:57:45,48.891061370749085,8.69916391298063,48.89106247247034,8.69915348383606,0.7731207118323499,pedestrian,True,1254:20,0.7731207118323499,6
scan_109,2026-04-08 12:57:51,48.89106111225609,8.699163749619702,48.89106220365934,8.699153418147738,0.7658801684283183,pedestrian,True,1254:20,0.7658801684283183,6
scan_110,2026-04-08 12:58:21,48.89103832369529,8.699183977151094,48.8910420716091,8.69914849855518,2.630057496761245,pedestrian,True,1254:20,2.630057496761245,6
scan_111,2026-04-08 12:58:28,48.89101125641647,8.699197760332249,48.891017104874756,8.699142397529254,4.104092325686502,pedestrian,True,1254:20,4.104092325686502,6
scan_112,2026-04-08 12:58:35,48.89101967799356,8.699212813915633,48.891026864746415,8.699144782511976,5.043225774878942,pedestrian,True,1254:20,5.043225774878942,6
scan_113,2026-04-08 12:58:54,48.89104440110887,8.699231611514854,48.89105290148739,8.699151145011356,5.9650473699666025,pedestrian,True,1254:20,5.9650473699666025,6
scan_114,2026-04-08 12:58:57,48.89104833011554,8.699225651666692,48.89105611787342,8.699151930987377,5.46497350939351,pedestrian,True,1254:20,5.46497350939351,6
scan_115,2026-04-08 12:59:04,48.8910466645644,8.699212735413969,48.89105316411594,8.699151209188894,4.560988916430453,pedestrian,True,1254:20,4.560988916430453,6
scan_116,2026-04-08 12:59:18,48.89103996965365,8.699197475267514,48.89104506618756,8.699149230328931,3.576436862422202,pedestrian,True,1254:20,3.576436862422202,6
scan_117,2026-04-08 12:59:25,48.8910340322056,8.699204271929762,48.89103997807791,8.699147986966928,4.172450945068267,pedestrian,True,1254:20,4.172450945068267,6
scan_118,2026-04-08 12:59:39,48.8910295984697,8.699178669497934,48.89103301936951,8.699146286493818,2.4005791458651307,pedestrian,True,1254:20,2.4005791458651307,6
scan_119,2026-04-08 12:59:46,48.8910236167171,8.699177570992294,48.89102707502299,8.699144833896465,2.4268285482529954,pedestrian,True,1254:20,2.4268285482529954,6
scan_120,2026-04-08 13:00:14,48.89102117037402,8.699227868205575,48.89102986986734,8.699145516861948,6.104774914997105,pedestrian,True,1254:20,6.104774914997105,6
scan_121,2026-04-08 13:00:22,48.89102060583678,8.699224065184204,48.89102892790017,8.699145286677014,5.83991758645519,pedestrian,True,1254:20,5.83991758645519,6
scan_122,2026-04-08 13:00:28,48.89102672006314,8.69920718022609,48.891033149442876,8.699146318279348,4.511747210002653,pedestrian,True,1254:20,4.511747210002653,6
scan_123,2026-04-08 13:01:31,48.891076149965805,8.699195541919268,48.89108013692656,8.699157800432053,2.7978053912166256,pedestrian,True,1254:20,2.7978053912166256,6
scan_124,2026-04-08 13:01:41,48.89108006527975,8.69919010091108,48.89108339339525,8.699158596202922,2.335467995323938,pedestrian,True,1254:20,2.335467995323938,6
scan_125,2026-04-08 13:01:48,48.89107455612962,8.699174425354524,48.891076408609194,8.699156889357317,1.2999569624737672,pedestrian,True,1254:20,1.2999569624737672,6
scan_126,2026-04-08 13:01:55,48.89107554965384,8.699159334236834,48.891075823043764,8.69915674626492,0.19184834479310464,pedestrian,True,1254:20,0.19184834479310464,6
scan_127,2026-04-08 13:02:04,48.89108754176552,8.699141029513973,48.891085628349764,8.699159142350258,1.342718141125096,pedestrian,True,1254:20,1.342718141125096,6
scan_128,2026-04-08 13:02:16,48.891088197313564,8.6991407636808,48.891086240025444,8.69915929182312,1.3735050712766985,pedestrian,True,1254:20,1.3735050712766985,6
scan_129,2026-04-08 13:02:34,48.89108898746972,8.699153397939126,48.89108831137679,8.699159797991369,0.4744406601398218,pedestrian,True,1254:20,0.4744406601398218,6
scan_130,2026-04-08 13:02:46,48.89109246577733,8.699158513192675,48.891092228923355,8.699160755307327,0.16620962482863305,pedestrian,True,1254:20,0.16620962482863305,6
scan_131,2026-04-08 13:02:53,48.89109129589342,8.699158993308412,48.891091137921904,8.69916048870345,0.11085474755503627,pedestrian,True,1254:20,0.11085474755503627,6
scan_132,2026-04-08 13:03:14,48.8910971611003,8.699162853022765,48.89109725300587,8.699161983023265,0.06449370325184714,pedestrian,True,1254:20,0.06449370325184714,6
scan_133,2026-04-08 13:03:18,48.89109523679841,8.699159947824322,48.89109507795074,8.699161451513314,0.11146957586572862,pedestrian,True,1254:20,0.11146957586572862,6
scan_134,2026-04-08 13:03:46,48.89108571701458,8.699178813799117,48.891087740554596,8.69915965850172,1.419996616870473,pedestrian,True,1254:20,1.419996616870473,6
scan_135,2026-04-08 13:03:50,48.891079322268034,8.699189051796745,48.891082561043284,8.69915839280424,2.272774483777379,pedestrian,True,1254:20,2.272774483777379,6
scan_136,2026-04-08 13:04:04,48.89105964713964,8.699191688539095,48.89106365257105,8.699153772212783,2.810767267437271,pedestrian,True,1254:20,2.810767267437271,6
scan_137,2026-04-08 13:04:16,48.89105925481751,8.699172430914805,48.89106128696553,8.69915319413876,1.4260374387906576,pedestrian,True,1254:20,1.4260374387906576,6
scan_138,2026-04-08 13:04:22,48.8910601253037,8.69916949250915,48.89106183294807,8.699153327558438,1.1983205740221519,pedestrian,True,1254:20,1.1983205740221519,6
scan_139,2026-04-08 13:04:29,48.89106470715746,8.699179456205558,48.8910673255643,8.699154669768177,1.8374380287629795,pedestrian,True,1254:20,1.8374380287629795,6
scan_140,2026-04-08 13:04:39,48.89108869720642,8.699202462792845,48.89109308112995,8.699160963557812,3.0763693532670793,pedestrian,True,1254:20,3.0763693532670793,6
scan_141,2026-04-08 13:04:46,48.89109704259157,8.699203135969181,48.89110128582775,8.699162968508613,2.977643422435891,pedestrian,True,1254:20,2.977643422435891,6
scan_142,2026-04-08 13:04:53,48.89109227406837,8.699206867686145,48.89109702159743,8.699161926474865,3.331525392316294,pedestrian,True,1254:20,3.331525392316294,6
scan_143,2026-04-08 13:05:00,48.89107706648628,8.699212394321494,48.89108276584808,8.699158442851608,3.9994637652588776,pedestrian,True,1254:20,3.9994637652588776,6
scan_144,2026-04-08 13:05:03,48.89107091182369,8.699212564866576,48.89107678363021,8.699156980999778,4.120475100923074,pedestrian,True,1254:20,4.120475100923074,6
scan_145,2026-04-08 13:05:07,48.89107025702656,8.699217837804156,48.89107668831973,8.699156957709118,4.513088661550238,pedestrian,True,1254:20,4.513088661550238,6
scan_146,2026-04-08 13:05:21,48.89106355937874,8.699215098617378,48.891069877135855,8.699155293286015,4.433416185717003,pedestrian,True,1254:20,4.433416185717003,6
scan_147,2026-04-08 13:05:34,48.89105018580661,8.699196928225433,48.89105496891671,8.699151650221195,3.3564949063763314,pedestrian,True,1254:20,3.3564949063763314,6
scan_148,2026-04-08 13:05:55,48.89107615150711,8.699196594884013,48.891080246863694,8.69915782729697,2.873870958304453,pedestrian,True,1254:20,2.873870958304453,6
scan_149,2026-04-08 13:05:58,48.89107589819272,8.699185755803931,48.89107888371234,8.69915749418886,2.0950552095486668,pedestrian,True,1254:20,2.0950552095486668,6
scan_150,2026-04-08 13:06:22,48.89106358923865,8.6992079942455,48.89106917463394,8.699155121618295,3.9194893790741334,pedestrian,True,1254:20,3.9194893790741334,6
scan_151,2026-04-08 13:06:43,48.89105866115542,8.699197789625208,48.891063319690836,8.699153690868112,3.2690758167030536,pedestrian,True,1254:20,3.2690758167030536,6
scan_152,2026-04-08 13:07:10,48.89105912798603,8.699200431367322,48.89106404682111,8.699153868554172,3.451738213216347,pedestrian,True,1254:20,3.451738213216347,6
scan_153,2026-04-08 13:07:48,48.89108551867399,8.699224637479785,48.89109226614055,8.69916076440195,4.734959364292639,pedestrian,True,1254:20,4.734959364292639,6
scan_154,2026-04-08 13:07:57,48.89109044674118,8.699220422935829,48.89109663617813,8.699161832291416,4.343368171982505,pedestrian,True,1254:20,4.343368171982505,6
scan_155,2026-04-08 13:08:06,48.891087030402375,8.699207614045562,48.89109198674837,8.699160696127947,3.47806046355929,pedestrian,True,1254:20,3.47806046355929,6
scan_156,2026-04-08 13:08:12,48.891077128064985,8.699199759322765,48.89108152472135,8.699158139562188,3.0853047099008353,pedestrian,True,1254:20,3.0853047099008353,6
scan_157,2026-04-08 13:08:21,48.89106901873344,8.69918413391939,48.891072010352104,8.69915581457196,2.0993352400518104,pedestrian,True,1254:20,2.0993352400518104,6
scan_158,2026-04-08 13:08:26,48.89107370439832,8.699184852730886,48.891076652125925,8.699156948864575,2.0685351094389817,pedestrian,True,1254:20,2.0685351094389817,6
scan_159,2026-04-08 13:08:36,48.89107681600839,8.699192876129764,48.89108051168444,8.699157892010213,2.5933995773459917,pedestrian,True,1254:20,2.5933995773459917,6
scan_160,2026-04-08 13:08:57,48.89107200613765,8.699198781336241,48.89107643097376,8.699156894822462,3.1050796442709485,pedestrian,True,1254:20,3.1050796442709485,6
scan_161,2026-04-08 13:09:31,48.89108757064021,8.69919498345662,48.89109121268963,8.699160506974156,2.5557675061315583,pedestrian,True,1254:20,2.5557675061315583,6
scan_162,2026-04-08 13:09:57,48.891111060739625,8.69919690919284,48.891114309974945,8.699166151169932,2.280114247890479,pedestrian,True,1254:20,2.280114247890479,6
scan_163,2026-04-08 13:10:26,48.891283212173526,8.699240196601913,48.8913043,8.6991979,3.885163053009483,pedestrian,True,1254:24,3.885163053009483,6
scan_164,2026-04-08 13:10:31,48.8913253402243,8.699258542131224,48.891331097473916,8.6992045044298,4.006701762836941,pedestrian,True,1254:24,4.006701762836941,6
scan_165,2026-04-08 13:10:39,48.89138361566166,8.699288077690733,48.89139094811302,8.69921925504942,5.102946134593171,pedestrian,True,1254:24,5.102946134593171,6
scan_166,2026-04-08 13:10:45,48.89139446200252,8.699303737349608,48.89140314265008,8.69922226048061,6.041209351331001,pedestrian,True,1254:24,6.041209351331001,6
scan_167,2026-04-08 13:10:53,48.89143249963149,8.699299015231373,48.891459356310236,8.699305656985668,3.0289490302075537,pedestrian,True,815:66,3.0289490302075537,6
scan_168,2026-04-08 13:10:55,48.89144557807455,8.699300617992312,48.89145952624513,8.699304067426208,1.5731020967560236,pedestrian,True,815:66,1.5731020967560236,6
scan_169,2026-04-08 13:11:00,48.89147471214108,8.699311938799372,48.8914590975666,8.699308077256163,1.761042395990749,pedestrian,True,815:66,1.761042395990749,6
scan_170,2026-04-08 13:11:04,48.891480680240704,8.699326167594434,48.89145776931464,8.699320501635484,2.58393926391263,pedestrian,True,815:66,2.58393926391263,6
scan_171,2026-04-08 13:11:07,48.89149956626963,8.699332101675385,48.89145763771787,8.699321732582822,4.728784446435631,pedestrian,True,815:66,4.728784446435631,6
scan_172,2026-04-08 13:11:14,48.89151701361737,8.699344721348918,48.891560733788104,8.699361128756255,5.012895224981521,pedestrian,True,480:2,5.012895224981521,6
scan_173,2026-04-08 13:11:17,48.89152093218081,8.699348734905131,48.89156034491388,8.699363525808018,4.519010282144392,pedestrian,True,480:2,4.519010282144392,6
scan_174,2026-04-08 13:11:21,48.8915324894261,8.699375120538956,48.89155697326928,8.699384308894459,2.8072840932049115,pedestrian,True,480:2,2.8072840932049115,6
scan_175,2026-04-08 13:11:24,48.89153370851013,8.699386822865728,48.89155525370923,8.69939490839994,2.470343165633239,pedestrian,True,480:2,2.470343165633239,6
scan_176,2026-04-08 13:11:29,48.89154449275559,8.699355841367689,48.89156061029195,8.699361889996426,1.8480147450945463,pedestrian,True,480:2,1.8480147450945463,6
scan_177,2026-04-08 13:11:36,48.891553917072045,8.699371587263398,48.891558743272704,8.699373398452094,0.5533655858727764,pedestrian,True,480:2,0.5533655858727764,6
scan_178,2026-04-08 13:11:38,48.89155149744726,8.69937254615229,48.89155845778131,8.699375158243836,0.7980624106125908,pedestrian,True,480:2,0.7980624106125908,6
scan_179,2026-04-08 13:11:43,48.89154923625103,8.699353211474255,48.891561284676335,8.699357733037262,1.3814560170850845,pedestrian,True,480:2,1.3814560170850845,6
scan_180,2026-04-08 13:11:50,48.891548222128165,8.699344835341986,48.891562507356674,8.699350196337992,1.637924823315589,pedestrian,True,480:2,1.637924823315589,6
scan_181,2026-04-08 13:11:57,48.891547891785606,8.699351609209511,48.89156145253835,8.699356698322424,1.5548574196027924,pedestrian,True,480:2,1.5548574196027924,6
scan_182,2026-04-08 13:12:00,48.89154749526141,8.699351947119206,48.89156137810933,8.699357157108775,1.5917884136258054,pedestrian,True,480:2,1.5917884136258054,6
scan_183,2026-04-08 13:12:04,48.8915455478961,8.699355850659224,48.891560669423725,8.699361525503434,1.7338137413617614,pedestrian,True,480:2,1.7338137413617614,6
scan_184,2026-04-08 13:12:12,48.8915363107522,8.69937666182448,48.891556956874794,8.699384409951373,2.3672562767681775,pedestrian,True,480:2,2.3672562767681775,6
scan_185,2026-04-08 13:12:19,48.89152512554714,8.699402837361259,48.891552312209924,8.699413040036388,3.117185713883943,pedestrian,True,480:2,3.117185713883943,6
scan_186,2026-04-08 13:12:21,48.891518330320295,8.69942039052243,48.89154923801272,8.69943198963332,3.543833912195345,pedestrian,True,480:2,3.543833912195345,6
scan_187,2026-04-08 13:12:24,48.89151631850272,8.699460946860098,48.891542920678404,8.699470930186356,3.0501692299960625,pedestrian,True,480:2,3.0501692299960625,6
scan_188,2026-04-08 13:12:32,48.8915194292263,8.699522414650726,48.89153369953574,8.699527770045806,1.63621424138012,pedestrian,True,480:2,1.63621424138012,6
scan_189,2026-04-08 13:12:39,48.89151386586865,8.699594719856842,48.89152287083179,8.699597931935887,1.029631661584795,pedestrian,True,480:3,1.029631661584795,6
scan_190,2026-04-08 13:12:42,48.89152293720785,8.69963195031026,48.89151790220398,8.6996301543193,0.5757046761612474,pedestrian,True,480:3,0.5757046761612474,6
scan_191,2026-04-08 13:12:46,48.89152441948977,8.699673507828392,48.89151190548149,8.699669044068923,1.4308575054856647,pedestrian,True,480:3,1.4308575054856647,6
scan_192,2026-04-08 13:12:53,48.89150392667564,8.699719504958185,48.89150411419792,8.699719571847556,0.021441384785910626,pedestrian,True,480:3,0.021441384785910626,6
scan_193,2026-04-08 13:13:01,48.89148954741423,8.69977082998219,48.89149586292559,8.699773082730461,0.7221185035878195,pedestrian,True,480:3,0.7221185035878195,6
scan_194,2026-04-08 13:13:03,48.89148418449346,8.699787398567748,48.89149316168334,8.699790600738783,1.0264560654981032,pedestrian,True,480:3,1.0264560654981032,6
scan_195,2026-04-08 13:13:08,48.89147715150767,8.699837062542203,48.89148553618636,8.699840053363722,0.9587080618030442,pedestrian,True,480:3,0.9587080618030442,6
scan_196,2026-04-08 13:13:15,48.89146967458687,8.69985545244601,48.89148245852889,8.699860012487788,1.4617218817144693,pedestrian,True,480:3,1.4617218817144693,6
scan_197,2026-04-08 13:13:23,48.8914705270844,8.699854938537248,48.89148257808618,8.699859237138737,1.3779171534462684,pedestrian,True,480:3,1.3779171534462684,6
scan_198,2026-04-08 13:13:30,48.891470314196965,8.69985252695975,48.891482919460834,8.699857023266937,1.4412917386160318,pedestrian,True,480:3,1.4412917386160318,6
scan_199,2026-04-08 13:13:33,48.89147093524611,8.699854482561927,48.89148266601054,8.699858666934531,1.3413010650468278,pedestrian,True,480:3,1.3413010650468278,6
scan_200,2026-04-08 13:13:37,48.8914711313576,8.699854730294808,48.891482640026446,8.69985883544576,1.315906553015113,pedestrian,True,480:3,1.315906553015113,6
scan_201,2026-04-08 13:13:44,48.891467777961054,8.699852060298822,48.89148285544087,8.699857438447127,1.723966062256018,pedestrian,True,480:3,1.723966062256018,6
scan_202,2026-04-08 13:13:51,48.89147151577871,8.699835688325198,48.891485443221754,8.699840656254773,1.592470320023578,pedestrian,True,480:3,1.592470320023578,6
scan_203,2026-04-08 13:13:54,48.89147393016236,8.69983366986179,48.89148586411201,8.69983792671089,1.364533356642552,pedestrian,True,480:3,1.364533356642552,6
scan_204,2026-04-08 13:13:59,48.89147881206424,8.699854499960344,48.89148307412545,8.699856020240983,0.4873260613840271,pedestrian,True,480:3,0.4873260613840271,6
scan_205,2026-04-08 13:14:06,48.89147924795474,8.699865831782871,48.89148144060378,8.699866613902545,0.25070851142551526,pedestrian,True,480:3,0.25070851142551526,6
scan_206,2026-04-08 13:14:13,48.89148977629532,8.699897807157654,48.891477316013024,8.699893362564355,1.4247144687247093,pedestrian,True,480:3,1.4247144687247093,6
scan_207,2026-04-08 13:14:20,48.891476674633545,8.69997881131702,48.89146479347823,8.699974573299547,1.3584968265824038,pedestrian,True,480:3,1.3584968265824038,6
scan_208,2026-04-08 13:14:22,48.89146811948938,8.700028584338206,48.89145707268526,8.700024643934912,1.2630967262096444,pedestrian,True,480:3,1.2630967262096444,6
scan_209,2026-04-08 13:14:27,48.891445272587575,8.700109097982295,48.891444113775734,8.70010868463337,0.13249908650226105,pedestrian,True,480:3,0.13249908650226105,6
scan_210,2026-04-08 13:14:35,48.89142797998591,8.700233635872056,48.89142804800594,8.700233641432055,0.007582917029916886,pedestrian,True,480:4,0.007582917029916886,6
scan_211,2026-04-08 13:14:37,48.891424772926754,8.700261850520835,48.891427044656766,8.700262036213424,0.2532539387877454,pedestrian,True,480:4,0.2532539387877454,6
scan_212,2026-04-08 13:14:40,48.89141971207942,8.700303685338518,48.89142555607667,8.700304163030365,0.6514926134771871,pedestrian,True,480:4,0.6514926134771871,6
scan_213,2026-04-08 13:14:42,48.89142135417092,8.700329014629084,48.89142466835575,8.700329285532547,0.36946747910780553,pedestrian,True,480:4,0.36946747910780553,6
scan_214,2026-04-08 13:14:47,48.89141753022115,8.700396080006612,48.89142229436641,8.700396469430697,0.5311100113862716,pedestrian,True,480:4,0.5311100113862716,6
scan_215,2026-04-08 13:14:50,48.89141248568684,8.700435963169118,48.89142087459775,8.70043664888367,0.9352012427519256,pedestrian,True,480:4,0.9352012427519256,6
scan_216,2026-04-08 13:14:57,48.89138119775277,8.700532045851572,48.891417399117614,8.700535004971362,4.035751695099828,pedestrian,True,480:4,4.035751695099828,6
scan_217,2026-04-08 13:15:00,48.8913818506864,8.700571626919512,48.8914168814837,8.700572000607085,3.8997242692754632,pedestrian,True,480:5,3.8997242692754632,6
scan_218,2026-04-08 13:15:04,48.89138198831951,8.700605686891688,48.89141672443336,8.700606057435756,3.8669193012667358,pedestrian,True,480:5,3.8669193012667358,6
scan_219,2026-04-08 13:15:12,48.89137330486397,8.700691223354507,48.89141632958107,8.700691682316378,4.789629308867485,pedestrian,True,480:5,4.789629308867485,6
scan_220,2026-04-08 13:15:19,48.89137079817101,8.700770036395655,48.89141596603561,8.700770518219322,5.028210356227819,pedestrian,True,480:5,5.028210356227819,6
scan_221,2026-04-08 13:15:20,48.891378153724034,8.700774014213755,48.891415948054934,8.70077441738103,4.207368396273883,pedestrian,True,480:5,4.207368396273883,6
scan_222,2026-04-08 13:15:22,48.89139181408476,8.700761327675627,48.89141600722696,8.70076158575362,2.6932468297175025,pedestrian,True,480:5,2.6932468297175025,6
scan_223,2026-04-08 13:15:25,48.89139961888933,8.70076054366346,48.891416011226106,8.700760718527137,1.8248398118160791,pedestrian,True,480:5,1.8248398118160791,6
scan_224,2026-04-08 13:15:34,48.89139357215738,8.700813566697208,48.89141576642921,8.70081380345245,2.470727108368551,pedestrian,True,480:5,2.470727108368551,6
scan_225,2026-04-08 13:15:42,48.89138321236207,8.700888514835215,48.89141542031928,8.700888858410428,3.5854779809956208,pedestrian,True,480:5,3.5854779809956208,6
scan_226,2026-04-08 13:15:43,48.89138095671722,8.700902611481208,48.891415355205964,8.70090297842369,3.829333949599592,pedestrian,True,480:5,3.829333949599592,6
scan_227,2026-04-08 13:15:49,48.89136206807266,8.700964203098406,48.891415070266,8.700964768493925,5.900349282028786,pedestrian,True,480:5,5.900349282028786,6
scan_228,2026-04-08 13:16:00,48.89137231473519,8.701041388230967,48.89141471485446,8.701041840529998,4.720097368154436,pedestrian,True,480:5,4.720097368154436,6
scan_229,2026-04-08 13:16:04,48.89139994633529,8.701013023203355,48.891414847010275,8.701013182154874,1.6587839370433888,pedestrian,True,480:5,1.6587839370433888,6
scan_230,2026-04-08 13:16:29,48.891528836034325,8.700926780316639,48.89152341286542,8.700926372234138,0.60444556738849,pedestrian,True,815:22,0.60444556738849,6
scan_231,2026-04-08 13:16:39,48.89157586587517,8.70089202059816,48.8915243,8.7008991,5.763651300006346,pedestrian,True,815:22,5.763651300006346,6
scan_232,2026-04-08 13:16:41,48.89159341695891,8.700891512509841,48.8915243,8.7008991,7.7141152121860666,pedestrian,True,815:22,7.7141152121860666,6
scan_233,2026-04-08 13:21:07,48.891332,8.70081253,48.89132862481658,8.700812028329427,0.37751531145783285,pedestrian,True,815:48,0.37751531145783285,6
scan_234,2026-04-08 13:21:11,48.891347357384085,8.700908772171562,48.8913233,8.7008949,2.8640771993724163,pedestrian,True,815:48,2.8640771993724163,6
scan_235,2026-04-08 13:21:19,48.89135907992793,8.701005949847762,48.89141487761669,8.701006545063919,6.211551486129221,pedestrian,True,480:5,6.211551486129221,6
scan_236,2026-04-08 13:21:26,48.89138071160203,8.701044575656445,48.89141470056967,8.7010449382304,3.783744938726724,pedestrian,True,480:5,3.783744938726724,6
scan_237,2026-04-08 13:21:35,48.89139212296492,8.701098426919684,48.891414452812406,8.701098665121162,2.4858197605666006,pedestrian,True,480:5,2.4858197605666006,6
scan_238,2026-04-08 13:21:46,48.89141289902663,8.701192330557548,48.89141402082656,8.701192342524243,0.12488183921787131,pedestrian,True,480:5,0.12488183921787131,6
scan_239,2026-04-08 13:21:51,48.89139178949341,8.701236336165433,48.89141381686982,8.70123657114033,2.4521478526487774,pedestrian,True,480:5,2.4521478526487774,6
scan_240,2026-04-08 13:21:55,48.89137592136886,8.701258079587715,48.891375134989154,8.701280475732242,1.641546310548525,pedestrian,True,456:0,1.641546310548525,6
scan_241,2026-04-08 13:22:00,48.89136657671654,8.701255230703266,48.89136571716503,8.701279710782392,1.794290576588188,pedestrian,True,456:0,1.794290576588188,6
scan_242,2026-04-08 13:22:07,48.89136680002006,8.701257144481579,48.89136600683954,8.701279734310807,1.655742913305652,pedestrian,True,456:0,1.655742913305652,6
scan_243,2026-04-08 13:22:14,48.891372359143226,8.701261963704354,48.89137171888622,8.701280198263966,1.336519156266398,pedestrian,True,456:0,1.336519156266398,6
scan_244,2026-04-08 13:22:22,48.89139897596304,8.701249146228088,48.891397811241596,8.70128231757975,2.431324051661959,pedestrian,True,456:0,2.431324051661959,6
scan_245,2026-04-08 13:22:26,48.89140739201508,8.701239734630661,48.891405873837165,8.701282972453019,3.1691545413169635,pedestrian,True,456:0,3.1691545413169635,6
scan_246,2026-04-08 13:22:28,48.891402759998456,8.701256082002603,48.891401827354095,8.701282643782982,1.9468694332163212,pedestrian,True,456:0,1.9468694332163212,6
scan_247,2026-04-08 13:22:36,48.89140320611991,8.701280453663207,48.89140312551755,8.701282749224527,0.16825521713614455,pedestrian,True,456:0,0.16825521713614455,6
scan_248,2026-04-08 13:22:43,48.89140685694671,8.701295950185527,48.891413597713665,8.701295953071542,0.7503822072917106,pedestrian,True,480:6,0.7503822072917106,6
scan_249,2026-04-08 13:22:51,48.8914056731127,8.701297251027107,48.891413597472805,8.701297254419869,0.8821398018390862,pedestrian,True,480:6,0.8821398018390862,6
scan_250,2026-04-08 13:22:53,48.891404827373954,8.701298704793869,48.89141359720367,8.701298708548611,0.9762574830340719,pedestrian,True,480:6,0.9762574830340719,6
scan_251,2026-04-08 13:22:58,48.89141261630305,8.701284685704522,48.89141359979898,8.701284686125598,0.10948277126864317,pedestrian,True,480:6,0.10948277126864317,6
scan_252,2026-04-08 13:23:15,48.89141475364461,8.701293886877147,48.89141359809617,8.701293886382407,0.12863565734371232,pedestrian,True,480:6,0.12863565734371232,6
scan_253,2026-04-08 13:23:20,48.891412697118696,8.701342825404682,48.89141358903836,8.70134282578655,0.0992885006724367,pedestrian,True,480:6,0.0992885006724367,6
scan_254,2026-04-08 13:23:26,48.89140559404409,8.701377169494942,48.89141358268131,8.701377172915223,0.8892951307828233,pedestrian,True,480:6,0.8892951307828233,6
scan_255,2026-04-08 13:23:29,48.89140286119071,8.701407474263366,48.891413577072214,8.701407478851298,1.1928919759831795,pedestrian,True,480:6,1.1928919759831795,6
scan_256,2026-04-08 13:23:33,48.89138886550364,8.701456315466855,48.89141356803146,8.701456326043074,2.7498855055475535,pedestrian,True,480:6,2.7498855055475535,6
scan_257,2026-04-08 13:23:40,48.89137660440869,8.701443657386907,48.891413570373274,8.701443673213628,4.115051340387242,pedestrian,True,480:6,4.115051340387242,6
scan_258,2026-04-08 13:23:43,48.89139236047141,8.701428216410749,48.89141357323238,8.701428225492847,2.361404644741574,pedestrian,True,480:6,2.361404644741574,6
scan_259,2026-04-08 13:23:48,48.89144644468569,8.701387483343451,48.89141358077563,8.701387469272982,3.6584106133191705,pedestrian,True,480:6,3.6584106133191705,6
scan_260,2026-04-08 13:23:55,48.89145031654221,8.701404217471746,48.89141357767875,8.70140420174224,4.089770442890125,pedestrian,True,480:6,4.089770442890125,6
scan_261,2026-04-08 13:24:00,48.89145577111527,8.701467916851918,48.89141356588955,8.701467898782022,4.698285913061298,pedestrian,True,480:6,4.698285913061298,6
scan_262,2026-04-08 13:24:10,48.8914421089298,8.701639795046729,48.89141353407685,8.701639782812592,3.1809527569751976,pedestrian,True,480:6,3.1809527569751976,6
scan_263,2026-04-08 13:24:18,48.89148266781629,8.701681243019001,48.8915013,8.7016853,2.095281835647522,pedestrian,True,815:31,2.095281835647522,6
scan_264,2026-04-08 13:24:22,48.89150147323288,8.701696885399295,48.891501407951615,8.701696886806248,0.007267839772853779,pedestrian,True,815:31,0.007267839772853779,6
scan_265,2026-04-08 13:24:27,48.89151362203793,8.701734260182338,48.89150175853292,8.701734515866669,1.3207779614465247,pedestrian,True,815:31,1.3207779614465247,6
scan_266,2026-04-08 13:24:35,48.89153123002783,8.701798537235137,48.8915022,8.7017819,3.453430924829005,pedestrian,True,815:31,3.453430924829005,6
scan_267,2026-04-08 13:24:44,48.89157249920287,8.701872821064171,48.891502311481226,8.701873242567427,7.813358079095997,pedestrian,True,815:33,7.813358079095997,6
scan_268,2026-04-08 13:24:48,48.8915702610563,8.701921677532907,48.89150243827839,8.701922084833786,7.550090490628371,pedestrian,True,815:33,7.550090490628371,6
scan_269,2026-04-08 13:24:49,48.89156850121348,8.701929510829396,48.89150245858629,8.701929907439805,7.351922567144021,pedestrian,True,815:33,7.351922567144021,6
scan_270,2026-04-08 13:24:55,48.89156910484079,8.701970461659114,48.891502564904606,8.701970861256049,7.407283436090908,pedestrian,True,815:33,7.407283436090908,6
scan_271,2026-04-08 13:24:59,48.89156814788234,8.702003672696064,48.89150265110599,8.702004066028433,7.2911579781619755,pedestrian,True,815:33,7.2911579781619755,6
scan_272,2026-04-08 13:25:02,48.89156767811787,8.70201460839197,48.89150267948788,8.702014998732784,7.235703893527981,pedestrian,True,815:33,7.235703893527981,6
scan_273,2026-04-08 13:25:07,48.89153653105811,8.702040856467244,48.8915027,8.7020229,3.9888075369138547,pedestrian,True,815:33,3.9888075369138547,6
scan_274,2026-04-08 13:25:10,48.89150166661301,8.702038540708658,48.8915027,8.7020229,1.1505316590835422,pedestrian,True,815:33,1.1505316590835422,6
scan_275,2026-04-08 13:25:17,48.89149713372208,8.701996181456769,48.89150263055152,8.701996148446307,0.6119118228946991,pedestrian,True,815:33,0.6119118228946991,6
scan_276,2026-04-08 13:25:27,48.89144049270056,8.702032016515442,48.891414105795036,8.702032134069123,2.9374029239008115,pedestrian,True,467:34,2.9374029239008115,6
scan_277,2026-04-08 13:25:31,48.89141471593958,8.702042696692137,48.891414126142166,8.702042699319684,0.06565653002981359,pedestrian,True,467:34,0.06565653002981359,6
scan_278,2026-04-08 13:25:32,48.89140724519336,8.702048100071858,48.8914141364841,8.702048069371166,0.7671417758550424,pedestrian,True,467:34,0.7671417758550424,6
scan_279,2026-04-08 13:25:39,48.89134999677602,8.702061094563275,48.8913253,8.7019769,6.7477994681209035,pedestrian,True,467:1,6.7477994681209035,6
scan_280,2026-04-08 13:25:44,48.89131486433503,8.70205226059355,48.89131492907697,8.701976879395517,5.517284806054129,pedestrian,True,467:1,5.517284806054129,6
scan_281,2026-04-08 13:25:52,48.89126434204779,8.701993158615933,48.89126435611567,8.701976778919436,1.1988605154481966,pedestrian,True,467:1,1.1988605154481966,6
scan_282,2026-04-08 13:25:59,48.89121728876826,8.701971863082631,48.89121728462656,8.70197668539992,0.3529547224610994,pedestrian,True,467:1,0.3529547224610994,6
scan_283,2026-04-08 13:26:07,48.89115524764657,8.702002567665497,48.89115355680053,8.70199893511943,0.32575632960687617,pedestrian,True,351:5,0.32575632960687617,6
scan_284,2026-04-08 13:26:09,48.89114873026605,8.702014179579175,48.89114561485746,8.702007486560458,0.6002108239182382,pedestrian,True,351:5,0.6002108239182382,6
scan_285,2026-04-08 13:26:14,48.89114988999594,8.702019902321618,48.8911446129595,8.70200856534826,1.016667405717271,pedestrian,True,351:5,1.016667405717271,6
scan_286,2026-04-08 13:26:22,48.89111935210786,8.702022451539404,48.89111935128949,8.702022509458487,0.004240193065683,pedestrian,True,351:6,0.004240193065683,6
scan_287,2026-04-08 13:26:27,48.8910741812939,8.702048914175391,48.89107457505904,8.702021045955236,2.0402039341891967,pedestrian,True,351:6,2.0402039341891967,6
scan_288,2026-04-08 13:26:30,48.89105372146221,8.702059096943312,48.89105426848334,8.702020382238365,2.834265167428853,pedestrian,True,351:6,2.834265167428853,6
scan_289,2026-04-08 13:26:35,48.89101408202727,8.70207573098628,48.8910035,8.7021042,2.3936386368235767,pedestrian,True,208:3,2.3936386368235767,6
scan_290,2026-04-08 13:26:42,48.89095144623508,8.702081491693987,48.89095159867573,8.702104979215592,1.7191885285295603,pedestrian,True,208:3,1.7191885285295603,6
scan_291,2026-04-08 13:26:49,48.89088137082457,8.702080673822383,48.89088153540064,8.702106031103904,1.856049749903404,pedestrian,True,208:3,1.856049749903404,6
scan_292,2026-04-08 13:26:52,48.89085284315155,8.702082150260743,48.890853000925595,8.702106459503531,1.7793385975597742,pedestrian,True,208:3,1.7793385975597742,6
scan_293,2026-04-08 13:26:57,48.89081291786701,8.702086483867662,48.890817000000006,8.702107,1.5688791130877269,pedestrian,True,208:3,1.5688791130877269,6
scan_294,2026-04-08 13:27:04,48.89074304581225,8.702138730856733,48.89074421358977,8.702104584758647,2.5026190737464464,pedestrian,True,208:5,2.5026190737464464,6
scan_295,2026-04-08 13:27:07,48.8907146093398,8.702138913010714,48.890715860058364,8.702102341710427,2.6803673270977026,pedestrian,True,208:5,2.6803673270977026,6
scan_296,2026-04-08 13:27:11,48.890679948745394,8.702137212278766,48.8906719,8.7020999,2.874207644750311,pedestrian,True,208:7,2.874207644750311,6
scan_297,2026-04-08 13:27:14,48.89065052518121,8.702138648584555,48.8906505945104,8.702099812021379,2.842563392358878,pedestrian,True,208:7,2.842563392358878,6
scan_298,2026-04-08 13:27:19,48.89060071467988,8.702127469018,48.8906007644192,8.702099606253624,2.039360500853338,pedestrian,True,208:7,2.039360500853338,6
scan_299,2026-04-08 13:27:26,48.89054065767117,8.702079847725173,48.89054062284246,8.70209935790575,1.4280111939921234,pedestrian,True,208:7,1.4280111939921234,6
scan_300,2026-04-08 13:27:28,48.89052188355798,8.702071566184255,48.89052187980559,8.70209929852263,2.0298099867483246,pedestrian,True,370:9,2.0298099867483246,6
scan_301,2026-04-08 13:27:34,48.890463650997525,8.702066840682082,48.8904636466082,8.702099280296277,2.374351872533206,pedestrian,True,370:9,2.374351872533206,6
scan_302,2026-04-08 13:27:37,48.89043439940722,8.702059935501858,48.89043439408481,8.70209927114056,2.8790941066372753,pedestrian,True,370:9,2.8790941066372753,6
scan_303,2026-04-08 13:27:42,48.8903894936396,8.702062583409703,48.890389488677364,8.702099257085658,2.6842594305823373,pedestrian,True,370:9,2.6842594305823373,6
scan_304,2026-04-08 13:27:49,48.89032477602501,8.702061083156018,48.89032477086251,8.70209923682969,2.7925886418914194,pedestrian,True,370:9,2.7925886418914194,6
scan_305,2026-04-08 13:27:57,48.8902562168712,8.702080230212733,48.89025621430236,8.702099215372238,1.3895860710686263,pedestrian,True,370:9,1.3895860710686263,6
scan_306,2026-04-08 13:28:00,48.89024062580945,8.702099304856535,48.89024062582221,8.702099210493214,0.0069067629868309,pedestrian,True,370:9,0.0069067629868309,6
scan_307,2026-04-08 13:28:03,48.89022049222853,8.70209581783711,48.89022049177033,8.702099204191477,0.24785855607987872,pedestrian,True,370:9,0.24785855607987872,6
scan_308,2026-04-08 13:28:04,48.8902124316701,8.70209186464215,48.89021243067733,8.702099201668444,0.5370214808135588,pedestrian,True,370:9,0.5370214808135588,6
scan_309,2026-04-08 13:28:11,48.890185717417694,8.702000138216873,48.89019128618561,8.702000213963412,0.6199400358591783,footway,True,352:0,0.6199400358591783,6
scan_310,2026-04-08 13:28:21,48.89018715877425,8.701829074736342,48.89019229212814,8.701829144560369,0.5714678076295655,footway,True,352:0,0.5714678076295655,6
scan_311,2026-04-08 13:28:26,48.89018191422402,8.701770681441895,48.8901901592147,8.701769643076334,0.9209736538742661,footway,True,352:1,0.9209736538742661,6
scan_312,2026-04-08 13:28:36,48.89016371147312,8.701654002741089,48.89018372595228,8.701651482138988,2.235637217941762,footway,True,352:1,2.235637217941762,6
scan_313,2026-04-08 13:28:45,48.89018843167491,8.701501240675967,48.890179060711326,8.701501398004611,1.0432392222314002,footway,True,674:0,1.0432392222314002,6
scan_314,2026-04-08 13:28:51,48.890174141654974,8.701412607836865,48.8901787,8.7014517,2.9059354038739773,footway,True,674:0,2.9059354038739773,6
scan_315,2026-04-08 13:29:01,48.89022652793258,8.701327644437264,48.8902265199849,8.701326339155141,0.09554202938431094,pedestrian,True,456:5,0.09554202938431094,6
scan_316,2026-04-08 13:29:09,48.89022509281128,8.701322521207382,48.890225116178634,8.70132635892706,0.28090749922522357,pedestrian,True,456:5,0.28090749922522357,6
scan_317,2026-04-08 13:29:20,48.89024957311625,8.701221571043414,48.890185396522824,8.701213958831929,7.16583167244894,footway,True,307:1,7.16583167244894,6
scan_318,2026-04-08 13:29:30,48.89024980738625,8.701139938502163,48.89018955858484,8.701132792179882,6.727262173403634,footway,True,307:1,6.727262173403634,6
scan_319,2026-04-08 13:29:36,48.89025258230392,8.701152841264824,48.89018891773285,8.701145289785808,7.108660266853695,footway,True,307:1,7.108660266853695,6
scan_320,2026-04-08 13:29:45,48.890250401126806,8.701160245170746,48.890188527184414,8.701152906084717,6.908722205597143,footway,True,307:1,6.908722205597143,6
scan_321,2026-04-08 13:29:54,48.89025460647251,8.701142707553538,48.890189446464746,8.701134978695299,7.275637773755998,footway,True,307:1,7.275637773755998,6
scan_322,2026-04-08 13:30:03,48.89026736938519,8.701122821805072,48.890190537159334,8.701113708462346,8.578934588607975,footway,True,307:1,8.578934588607975,6
scan_323,2026-04-08 13:30:09,48.89027956723392,8.701081172704317,48.89019273367197,8.701070873065978,9.69566401850453,footway,True,307:1,9.69566401850453,6
scan_324,2026-04-08 13:30:12,48.89027347246508,8.701055794401823,48.890193990306855,8.701046366740453,8.874820800964162,footway,True,307:1,8.874820800964162,6
scan_325,2026-04-08 13:30:20,48.89026248190547,8.700975259371347,48.890198028571255,8.700967614333345,7.196731998202567,footway,True,307:1,7.196731998202567,6
scan_326,2026-04-08 13:30:30,48.89026515976512,8.700875913044307,48.89020310824186,8.70086855289334,6.928550530191966,footway,True,307:1,6.928550530191966,6
scan_327,2026-04-08 13:30:41,48.89028228151842,8.700797651599004,48.89020720057917,8.700788745980821,8.383389379555984,footway,True,307:1,8.383389379555984,6
scan_328,2026-04-08 13:30:48,48.8903055241188,8.700768426708121,48.8903568,8.7007143,6.948146749850257,pedestrian,True,458:1,6.948146749850257,6
scan_329,2026-04-08 13:30:55,48.89031191039941,8.700701077151578,48.8903571977967,8.700706260656911,5.055648957115757,pedestrian,True,458:1,5.055648957115757,6
scan_330,2026-04-08 13:31:00,48.89030615942733,8.700637910453231,48.89036027337423,8.700644104227381,6.040998944595202,pedestrian,True,458:1,6.040998944595202,6
scan_331,2026-04-08 13:31:02,48.89030247289836,8.700613842829542,48.89036143680237,8.700620591719755,6.582422875841551,pedestrian,True,458:1,6.582422875841551,6
scan_332,2026-04-08 13:31:07,48.89029258046196,8.700549357813706,48.890364553921366,8.700557595750457,8.034741826815134,pedestrian,True,458:1,8.034741826815134,6
scan_333,2026-04-08 13:31:22,48.89018027481718,8.700555747127572,48.8902341,8.7004542,9.54699533659419,steps,True,1147:0,12.54699533659419,6
scan_334,2026-04-08 13:31:29,48.89022050600667,8.700414597594438,48.8902341,8.7004542,3.2698766718389476,steps,True,1147:0,6.269876671838947,6
scan_335,2026-04-08 13:31:30,48.89022477278872,8.70039918783769,48.8902341,8.7004542,4.1582405988061,steps,True,1147:0,7.1582405988061,6
scan_336,2026-04-08 13:31:36,48.89023772324016,8.700313484372133,48.89023501749532,8.700454240796859,10.306829896049775,steps,True,1147:0,13.306829896049775,6
scan_337,2026-04-08 13:31:44,48.89023206114601,8.700215258427583,48.890236799357695,8.700107716357017,7.8890129858944045,pedestrian,True,1383:0,7.8890129858944045,6
scan_338,2026-04-08 13:31:46,48.89023162753919,8.700185001190595,48.890235040540574,8.700107537105488,5.682568463037719,pedestrian,True,1383:0,5.682568463037719,6
scan_339,2026-04-08 13:31:48,48.89023323548768,8.700150505438954,48.890235128241876,8.70010754604365,3.1513919871676834,pedestrian,True,1383:0,3.1513919871676834,6
scan_340,2026-04-08 13:31:50,48.89023369118024,8.700116475240767,48.890234089258406,8.700107440154655,0.6627909335827306,pedestrian,True,1383:0,0.6627909335827306,6
scan_341,2026-04-08 13:31:51,48.89023400388773,8.700098817989339,48.89023362608231,8.700107392949622,0.6290372693254593,pedestrian,True,1383:0,0.6290372693254593,6
scan_342,2026-04-08 13:31:54,48.89023821314686,8.70005499265467,48.890235894250026,8.700107624112102,3.8609094836749356,pedestrian,True,1383:0,3.8609094836749356,6
scan_343,2026-04-08 13:31:58,48.89021785939824,8.70002508482213,48.890214319664025,8.700105425317552,5.893576235852792,pedestrian,True,1383:0,5.893576235852792,6
scan_344,2026-04-08 13:32:04,48.89021320714672,8.69995049453617,48.89020641651499,8.70010461986057,11.306246356027756,pedestrian,True,1383:0,11.306246356027756,6
scan_345,2026-04-08 13:32:05,48.8902137491041,8.699936839625689,48.89020635711531,8.700104613806793,12.307492040035408,pedestrian,True,1383:0,12.307492040035408,6
scan_346,2026-04-08 13:32:10,48.89021308158017,8.699858465591781,48.89020225491773,8.700104195727409,18.026145075819144,pedestrian,True,1383:0,18.026145075819144,6
scan_347,2026-04-08 13:32:12,48.89021845213454,8.699826343305661,48.89020619251105,8.700104597030993,20.41199167516649,pedestrian,True,1383:0,20.41199167516649,6
scan_348,2026-04-08 13:32:14,48.89022440862415,8.699791186460805,48.89021058031825,8.700105044218555,23.023810979156384,pedestrian,True,1383:0,23.023810979156384,6
scan_349,2026-04-08 13:32:16,48.89023194397395,8.699765427660507,48.890216952147114,8.700105693609583,24.96104531997349,pedestrian,True,1383:0,24.96104531997349,6
scan_350,2026-04-08 13:32:19,48.89025286581159,8.69973751619241,48.89023655620518,8.700107691575894,27.155114074696815,pedestrian,True,1383:0,27.155114074696815,5
scan_351,2026-04-08 13:32:27,48.89028298989228,8.699647320746806,48.89018309083797,8.69962745328624,11.2154338239282,secondary,True,481:2,33.2154338239282,2
scan_352,2026-04-08 13:32:28,48.8902833823253,8.699632914483585,48.89018431520657,8.699613212474407,11.122034357038991,secondary,True,481:2,33.12203435703899,2
scan_353,2026-04-08 13:32:29,48.89028215517799,8.699619015977571,48.89018546942719,8.699599787564118,10.854683735567871,secondary,True,481:2,32.854683735567875,2
scan_354,2026-04-08 13:32:30,48.89027930145389,8.6996057666482,48.89018654142793,8.699587318965387,10.413951766548125,secondary,True,481:2,32.413951766548124,2
scan_355,2026-04-08 13:32:34,48.890270237070006,8.699551561640778,48.89019097103245,8.699535797581564,8.899013169905416,secondary,True,481:2,30.899013169905416,2
scan_356,2026-04-08 13:32:42,48.89027205681833,8.6994490454988,48.89019966738466,8.69943464902609,8.126992888795142,secondary,True,481:2,30.126992888795144,2
scan_357,2026-04-08 13:32:46,48.89026458007936,8.69939954335959,48.89020372614257,8.699387441013869,6.831929562473657,secondary,True,481:2,28.831929562473658,5
scan_358,2026-04-08 13:32:50,48.89024497783899,8.699329320914437,48.8902093325596,8.699322231950198,4.0018123956142215,secondary,True,481:2,26.001812395614223,6
scan_359,2026-04-08 13:32:51,48.89023923406083,8.699312221866068,48.890210681394926,8.699306543447618,3.205541220866571,secondary,True,481:2,25.20554122086657,6
scan_360,2026-04-08 13:32:59,48.890230856583294,8.699215623287142,48.890244350172956,8.698964679880168,18.428699331144674,footway,True,1129:0,18.428699331144674,6
scan_361,2026-04-08 13:33:01,48.89023742667724,8.699191804625816,48.89024960436103,8.698965333404622,16.631516825436204,footway,True,1129:0,16.631516825436204,6
scan_362,2026-04-08 13:33:03,48.89024431679962,8.699165618457236,48.89025504999305,8.698966010741186,14.658721819093051,footway,True,1129:0,14.658721819093051,6
scan_363,2026-04-08 13:33:08,48.890251988864975,8.699093549075526,48.890258821558696,8.698966479854649,9.331663686584541,footway,True,1129:0,9.331663686584541,6
scan_364,2026-04-08 13:33:14,48.89022876719995,8.699035909230808,48.89024210000001,8.6989644,5.440368051578246,footway,True,1129:0,5.440368051578246,6
scan_365,2026-04-08 13:33:22,48.89021992052451,8.69901016197634,48.89024210000001,8.6989644,4.161131440191528,footway,True,1129:0,4.161131440191528,6
scan_366,2026-04-08 13:33:29,48.89023063670346,8.698894255087897,48.89024210000001,8.6989644,5.290349298863031,footway,True,1129:0,5.290349298863031,6
scan_367,2026-04-08 13:33:33,48.89023704815236,8.698857162791647,48.8902713,8.6987648,7.761475108616558,pedestrian,True,1462:3,7.761475108616558,6
scan_368,2026-04-08 13:33:38,48.89023077501373,8.698840164672346,48.8902713,8.6987648,7.125984386901327,pedestrian,True,1462:3,7.125984386901327,6
scan_369,2026-04-08 13:33:41,48.890247106877936,8.698818985165984,48.8902713,8.6987648,4.793984878266337,pedestrian,True,1462:3,4.793984878266337,6
scan_370,2026-04-08 13:33:45,48.89028067491106,8.69878934719315,48.89028341198316,8.698768473776882,1.557879314776571,pedestrian,True,1462:3,1.557879314776571,6
scan_371,2026-04-08 13:33:53,48.8903458918424,8.698735843753225,48.89033938686661,8.698785451940582,3.7024830250141996,pedestrian,True,1462:3,3.7024830250141996,6
scan_372,2026-04-08 13:33:56,48.89037014266353,8.698735147755169,48.8903557,8.6987904,4.351953142941731,pedestrian,True,1462:3,4.351953142941731,6
scan_373,2026-04-08 13:34:08,48.89049321140792,8.698780028420813,48.890485568125996,8.698833038304059,3.9721464944295186,pedestrian,True,1462:0,3.9721464944295186,6
scan_374,2026-04-08 13:34:15,48.89058248557016,8.698811625939689,48.89057509296305,8.698862897331999,3.841870811450517,pedestrian,True,1462:0,3.841870811450517,6
scan_375,2026-04-08 13:34:18,48.89062730062017,8.69883253673671,48.89062072844739,8.698878118037749,3.4154975623243358,pedestrian,True,1462:0,3.4154975623243358,6
scan_376,2026-04-08 13:34:22,48.89067334339959,8.698846898509123,48.8906666343792,8.698893428945263,3.486614981938022,pedestrian,True,1462:0,3.486614981938022,6
scan_377,2026-04-08 13:34:29,48.890732389192365,8.698849195473564,48.890723286950426,8.6989123241565,4.730348004699836,pedestrian,True,1462:0,4.730348004699836,6
scan_378,2026-04-08 13:34:37,48.89079594908054,8.698876770570397,48.89078779558714,8.698933741542497,4.267487319683581,pedestrian,True,465:5,4.267487319683581,6
scan_379,2026-04-08 13:34:44,48.89086206342628,8.698874101271729,48.89085055441456,8.698954518355674,6.023742029005411,pedestrian,True,465:5,6.023742029005411,6
scan_380,2026-04-08 13:34:47,48.89088819257826,8.698888313746627,48.8908774436038,8.698963420237433,5.6259425267601495,pedestrian,True,465:5,5.6259425267601495,6
scan_381,2026-04-08 13:34:51,48.890917139216334,8.698931766575603,48.89091101829512,8.698974535408283,3.2036493092496507,pedestrian,True,465:5,3.2036493092496507,6
scan_382,2026-04-08 13:34:58,48.890952869655166,8.698952833057202,48.890948010987685,8.698986782135854,2.5429935540227278,pedestrian,True,465:5,2.5429935540227278,6
scan_383,2026-04-08 13:35:02,48.89096391873114,8.698965466434121,48.8909532,8.6989885,2.065413699205353,pedestrian,True,465:5,2.065413699205353,6
scan_384,2026-04-08 13:35:05,48.89100289997757,8.699065408047332,48.8909950887321,8.69906413377886,0.8745353597766307,pedestrian,True,316:0,0.8745353597766307,6
scan_385,2026-04-08 13:35:09,48.89104697295447,8.699202091179412,48.890985290673605,8.699188750224206,6.935552680959916,pedestrian,True,1143:0,6.935552680959916,6
scan_386,2026-04-08 13:35:12,48.89103122042049,8.699286871810726,48.89097720860567,8.699275189865107,6.073085861764559,pedestrian,True,1143:0,6.073085861764559,6
scan_387,2026-04-08 13:35:19,48.89097541010351,8.699427736395913,48.89096458875985,8.699426052382494,1.2109213057207273,pedestrian,True,1247:0,1.2109213057207273,6
scan_388,2026-04-08 13:35:25,48.89095473776584,8.699521401557034,48.89095813862223,8.699521930796879,0.380559900895845,pedestrian,True,1247:0,0.380559900895845,6
scan_389,2026-04-08 13:35:30,48.89094040469303,8.699571547650324,48.890954651538564,8.69957376473802,1.5942390686709116,pedestrian,True,1247:0,1.5942390686709116,3
scan_390,2026-04-08 13:35:32,48.89094843878022,8.69959941813815,48.89095287924027,8.69960010916062,0.4968927941784432,pedestrian,True,1247:0,0.4968927941784432,3
scan_391,2026-04-08 13:35:39,48.8909959849232,8.699668275010454,48.89094878755917,8.699660930172445,5.281441511208387,pedestrian,True,1247:0,5.281441511208387,3
scan_392,2026-04-08 13:35:42,48.89101629081201,8.699675934064233,48.890948488024975,8.699665382614327,7.587212990917559,pedestrian,True,1247:0,7.587212990917559,3
scan_393,2026-04-08 13:35:46,48.89104187192714,8.699682197096053,48.89094833608923,8.699667641071324,10.466772153330835,pedestrian,True,1247:0,10.466772153330835,3
scan_394,2026-04-08 13:35:54,48.89099730806727,8.699694297151993,48.89094706878841,8.699686478932076,5.6218354201347065,pedestrian,True,1247:0,5.6218354201347065,3
scan_395,2026-04-08 13:36:01,48.89092353478779,8.699842060969708,48.890936466754106,8.69984407343604,1.4471025124373904,pedestrian,True,1247:0,1.4471025124373904,6
scan_396,2026-04-08 13:36:03,48.8909048969577,8.699879757715928,48.89093376391203,8.699884249976252,3.230246751868749,pedestrian,True,1247:0,3.230246751868749,6
scan_397,2026-04-08 13:36:08,48.89089744188424,8.699964795287153,48.890933003683166,8.699965508541517,3.959083658992607,pedestrian,True,1248:0,3.959083658992607,6
scan_398,2026-04-08 13:36:11,48.89089740963353,8.699994135723566,48.89093274932494,8.699994844523173,3.9343565004904892,pedestrian,True,1248:0,3.9343565004904892,6
scan_399,2026-04-08 13:36:15,48.89088936438864,8.70003289374479,48.89093241193232,8.700033757138826,4.792469219478857,pedestrian,True,1248:0,4.792469219478857,6
scan_400,2026-04-08 13:36:17,48.89088496886124,8.700051895421494,48.89093224644228,8.700052843656296,5.2633979212084245,pedestrian,True,1248:0,5.2633979212084245,6
scan_401,2026-04-08 13:36:21,48.89087965997741,8.700086532121025,48.89093194525323,8.700087580793854,5.8209029738195355,pedestrian,True,1248:0,5.8209029738195355,6
scan_402,2026-04-08 13:36:28,48.89087335406088,8.700124813818407,48.89087205576226,8.700168723153551,3.2170765245811532,pedestrian,True,464:3,3.2170765245811532,6
scan_403,2026-04-08 13:36:31,48.89086453835058,8.700153023955888,48.89086409026992,8.700168178343935,1.110306827948301,pedestrian,True,464:3,1.110306827948301,6
scan_404,2026-04-08 13:36:36,48.89084071863881,8.700216477003043,48.89084219100766,8.700166680517034,3.6484089343371733,pedestrian,True,464:3,3.6484089343371733,6
scan_405,2026-04-08 13:36:41,48.89084293974835,8.700300454813243,48.890759329256156,8.700298668269099,9.308438481112677,pedestrian,True,457:0,9.308438481112677,6
scan_406,2026-04-08 13:36:43,48.89085003969072,8.700323227561878,48.8907591203426,8.700321284845836,10.122140612356374,pedestrian,True,457:0,10.122140612356374,6
scan_407,2026-04-08 13:36:48,48.8908563821205,8.700344167652005,48.89075892820484,8.700342085308641,10.849640455206329,pedestrian,True,457:0,10.849640455206329,6
scan_408,2026-04-08 13:36:56,48.89084676196233,8.700359304076793,48.89075878651603,8.700357424264553,9.794393122125843,pedestrian,True,457:0,9.794393122125843,6
scan_409,2026-04-08 13:37:03,48.89084076474656,8.700356595052792,48.890758810351386,8.70035484389529,9.12406356734613,pedestrian,True,457:0,9.12406356734613,6
scan_410,2026-04-08 13:37:06,48.89084073383519,8.700356219730878,48.89075881381152,8.70035446930781,9.120236954051984,pedestrian,True,457:0,9.120236954051984,6
scan_411,2026-04-08 13:37:11,48.8908406548962,8.700356020030908,48.89075881564024,8.700354271333643,9.11124500582491,pedestrian,True,457:0,9.11124500582491,6
scan_412,2026-04-08 13:37:19,48.89084057726616,8.700356436838149,48.890758811775555,8.700354689717063,9.103032636005006,pedestrian,True,457:0,9.103032636005006,6
scan_413,2026-04-08 13:37:39,48.89085516805072,8.700400335679621,48.890758409233065,8.700398268188774,10.772254509724252,pedestrian,True,457:0,10.772254509724252,6
scan_414,2026-04-08 13:37:47,48.89088398921077,8.700456209028673,48.89080419999999,8.7005583,11.60720783475993,footway,True,812:2,11.60720783475993,6
scan_415,2026-04-08 13:37:49,48.890886435778405,8.70045838639195,48.89080419999999,8.7005583,11.716796269229853,footway,True,812:2,11.716796269229853,6
scan_416,2026-04-08 13:37:54,48.89090212461547,8.70048111661394,48.89080419999999,8.7005583,12.277822675800516,footway,True,812:2,12.277822675800516,6
scan_417,2026-04-08 13:38:02,48.89091133559035,8.700516228905686,48.89080419999999,8.7005583,12.317443392690492,footway,True,812:2,12.317443392690492,6
scan_418,2026-04-08 13:38:09,48.89094643652257,8.700555150644654,48.89080419999999,8.7005583,15.835447478713887,footway,True,812:2,15.835447478713887,6
scan_419,2026-04-08 13:38:12,48.89096359767354,8.700578175940072,48.89080396301762,8.700571592556718,17.77706147664506,footway,True,812:2,17.77706147664506,6
scan_420,2026-04-08 13:38:17,48.8909748355345,8.700535665228696,48.89080419999999,8.7005583,19.067256110137727,footway,True,812:2,19.067256110137727,6
scan_421,2026-04-08 13:38:25,48.89095114555106,8.700483653662124,48.89080419999999,8.7005583,17.246265512475144,footway,True,812:2,17.246265512475144,6
scan_422,2026-04-08 13:38:32,48.89087638127395,8.700322852476951,48.89075912900481,8.700320347092246,13.053810655594487,pedestrian,True,457:0,13.053810655594487,6
scan_423,2026-04-08 13:38:39,48.89071872427638,8.700315641325643,48.89075916449097,8.700316505429024,4.502248938456413,pedestrian,True,457:0,4.502248938456413,6
scan_424,2026-04-08 13:38:41,48.890681094108224,8.70033070269081,48.890759017967994,8.700332367722451,8.675340091575947,pedestrian,True,457:0,8.675340091575947,6
scan_425,2026-04-08 13:38:46,48.89060126634554,8.700401543797758,48.89059826750593,8.700483167493422,5.983584205274842,pedestrian,True,458:0,5.983584205274842,6
scan_426,2026-04-08 13:38:54,48.89054336729984,8.700559175469795,48.890546322013975,8.700478752862377,5.895542908884213,pedestrian,True,458:0,5.895542908884213,6
scan_427,2026-04-08 13:39:01,48.89053830800131,8.700608617999109,48.89054308932028,8.700478478129202,9.540168982015425,pedestrian,True,458:0,9.540168982015425,6
scan_428,2026-04-08 13:39:04,48.89053863255853,8.700609047878585,48.89054342861179,8.700478506964176,9.569568306356395,pedestrian,True,458:0,9.569568306356395,6
scan_429,2026-04-08 13:39:11,48.89053537922787,8.700614508639273,48.89054038541086,8.7004782483352,9.9888404944837,pedestrian,True,458:0,9.9888404944837,6
scan_430,2026-04-08 13:39:19,48.89052598670887,8.700719166706904,48.89051270734146,8.700909901182333,14.038453829836449,pedestrian,True,458:3,14.038453829836449,6
scan_431,2026-04-08 13:39:24,48.890539562124765,8.700771063749585,48.89052970535759,8.700912638690546,10.420207096976604,pedestrian,True,458:3,10.420207096976604,6
scan_432,2026-04-08 13:39:33,48.89049879722391,8.700806185749315,48.890491810623374,8.700906535793278,7.385975813242802,pedestrian,True,458:3,7.385975813242802,6
scan_433,2026-04-08 13:39:42,48.89048187023427,8.700876170649726,48.890479889805896,8.70090461596125,2.093635891756759,pedestrian,True,458:3,2.093635891756759,6
scan_434,2026-04-08 13:39:52,48.89051531683133,8.70089241176129,48.89051408374491,8.700910122850305,1.303573240845269,pedestrian,True,458:3,1.303573240845269,6
scan_435,2026-04-08 13:40:01,48.89057751289821,8.700911925961345,48.89057693372514,8.700920244757233,0.6122800392341968,pedestrian,True,458:3,0.6122800392341968,6
scan_436,2026-04-08 13:40:10,48.89065879139768,8.700931608229372,48.89065866611801,8.700933407651965,0.13244089247510288,pedestrian,True,458:3,0.13244089247510288,6
scan_437,2026-04-08 13:40:19,48.89072532164,8.700992500773795,48.89072865111644,8.700944678644221,3.519794153290451,pedestrian,True,458:3,3.519794153290451,6
scan_438,2026-04-08 13:40:28,48.89076017735564,8.701101008085276,48.89077176339547,8.701101041981746,1.2897603403294684,pedestrian,True,457:3,1.2897603403294684,6
scan_439,2026-04-08 13:40:33,48.89077850803361,8.701165731989507,48.89077168160369,8.701165712017891,0.7599195851152162,pedestrian,True,457:3,0.7599195851152162,6
scan_440,2026-04-08 13:40:42,48.89080698748118,8.701266481325241,48.89077155428627,8.701266377660742,3.9444305549335534,pedestrian,True,457:3,3.9444305549335534,6
scan_441,2026-04-08 13:40:45,48.89080685216396,8.701305972490134,48.890771504339284,8.701305869075398,3.9349271231502416,pedestrian,True,457:3,3.9349271231502416,6
scan_442,2026-04-08 13:40:49,48.890808041158806,8.701370263655203,48.89077228494473,8.70137131063341,3.9811193376005773,pedestrian,True,466:1,3.9811193376005773,6
scan_443,2026-04-08 13:40:51,48.89080855339977,8.70139924225622,48.89077265181634,8.701400293490996,3.9973048529767374,pedestrian,True,466:1,3.9973048529767374,6
scan_444,2026-04-08 13:40:53,48.89081941884937,8.701428198202114,48.89077302223725,8.701429556742172,5.165827940251218,pedestrian,True,466:1,5.165827940251218,6
scan_445,2026-04-08 13:41:00,48.890843517680416,8.701523738739548,48.89077424009188,8.70152576725855,7.713410228066224,pedestrian,True,466:1,7.713410228066224,6
scan_446,2026-04-08 13:41:05,48.89085551141175,8.70160086552383,48.89077522046235,8.701603216525735,8.93964474474469,pedestrian,True,466:1,8.93964474474469,6
scan_447,2026-04-08 13:41:07,48.89086001183075,8.70163418747112,48.89077564377032,8.701636657855193,9.393592848663042,pedestrian,True,466:1,9.393592848663042,6
scan_448,2026-04-08 13:41:13,48.890870963886776,8.70173019547695,48.89077686266909,8.701732950858338,10.477288690841876,pedestrian,True,466:1,10.477288690841876,6
scan_449,2026-04-08 13:41:22,48.89086088601028,8.701889594899368,48.890863351102574,8.70198738044956,7.162417072382402,pedestrian,True,467:5,7.162417072382402,6
scan_450,2026-04-08 13:41:31,48.890881775183225,8.702022179459528,48.89088087217257,8.701986358724348,2.623730577296565,pedestrian,True,467:5,2.623730577296565,6
scan_451,2026-04-08 13:41:40,48.89094906383017,8.702018291357822,48.89094815991981,8.70198243490075,2.6263435352212423,pedestrian,True,467:5,2.6263435352212423,6
scan_452,2026-04-08 13:41:49,48.89101102918068,8.70190734273542,48.89100127241706,8.701907653206783,1.0863606194034385,pedestrian,True,552:1,1.0863606194034385,6
scan_453,2026-04-08 13:41:58,48.89105931877072,8.701817494294,48.89100005811286,8.701819380037035,6.598340131114742,pedestrian,True,552:1,6.598340131114742,6
scan_454,2026-04-08 13:42:07,48.89108682124046,8.701711688374981,48.891025,8.7016631,7.746499590946501,pedestrian,True,351:11,7.746499590946501,6
scan_455,2026-04-08 13:42:16,48.89106726132341,8.701577003183003,48.89102255857702,8.70158004279029,4.981280329921556,pedestrian,True,351:11,4.981280329921556,6
scan_456,2026-04-08 13:42:26,48.891032134069846,8.701428369801585,48.891020000000005,8.701493,4.919498274114142,pedestrian,True,351:11,4.919498274114142,6
scan_457,2026-04-08 13:42:43,48.89107923736487,8.701230790570076,48.8910802258646,8.701293210510025,4.569969770928931,pedestrian,True,456:2,4.569969770928931,6
scan_458,2026-04-08 13:43:01,48.8909566122137,8.701347227737342,48.890955374787545,8.701298498844578,3.56923653377672,pedestrian,True,456:3,3.56923653377672,6
scan_459,2026-04-08 13:43:10,48.89086390189517,8.701323634491139,48.890863400794935,8.701303901572174,1.4453762813663367,pedestrian,True,456:3,1.4453762813663367,6
scan_460,2026-04-08 13:43:19,48.89081569875999,8.701377799354633,48.89077238313519,8.70137906768018,4.822788875847454,pedestrian,True,466:1,4.822788875847454,6
scan_461,2026-04-08 13:43:20,48.89082025097459,8.701395866009634,48.890772613428936,8.701397260885503,5.303994259646175,pedestrian,True,466:1,5.303994259646175,6
scan_462,2026-04-08 13:43:29,48.89085242554204,8.701493046174225,48.890773855022786,8.701495346800062,8.748090972085077,pedestrian,True,466:1,8.748090972085077,6
scan_463,2026-04-08 13:43:47,48.89085236541206,8.701486947571361,48.89077377783161,8.701489248696767,8.74999057567732,pedestrian,True,466:1,8.74999057567732,6
scan_464,2026-04-08 13:43:58,48.89081754529873,8.701501550988738,48.89077394971534,8.701502827511788,4.853959642056927,pedestrian,True,466:1,4.853959642056927,6
scan_465,2026-04-08 13:44:14,48.89085552022436,8.701429821529992,48.89077305615396,8.701432236163123,9.18160140248593,pedestrian,True,466:1,9.18160140248593,6
scan_466,2026-04-08 13:44:24,48.89085593946421,8.701432817669305,48.89077309422106,8.701435243463584,9.224041415548495,pedestrian,True,466:1,9.224041415548495,6
scan_467,2026-04-08 13:45:03,48.89077623784379,8.70132785556558,48.89077173654897,8.701327987368002,0.5011769928200926,pedestrian,True,466:1,0.5011769928200926,6
scan_468,2026-04-08 13:45:07,48.89077711204903,8.70132591353377,48.89077171229929,8.701326071643853,0.6012115281655176,pedestrian,True,466:1,0.6012115281655176,6
scan_469,2026-04-08 13:45:12,48.89077591941413,8.701328648449975,48.89077174646378,8.70132877063814,0.46461891406604405,pedestrian,True,466:1,0.46461891406604405,6
scan_470,2026-04-08 13:45:37,48.89077656772768,8.701343646197117,48.890771936478544,8.70134378180473,0.5156461879749177,pedestrian,True,466:1,0.5156461879749177,6
scan_471,2026-04-08 13:46:32,48.89079149727712,8.701414870694975,48.890772843251945,8.701415416903629,2.0769508818820612,pedestrian,True,466:1,2.0769508818820612,6
scan_472,2026-04-08 13:46:56,48.890808497053925,8.701365283973196,48.890772222103045,8.70136634614055,4.03887581929932,pedestrian,True,466:1,4.03887581929932,6
scan_473,2026-04-08 13:47:05,48.89081103078304,8.701340121249594,48.890771904644346,8.701341266902658,4.356328861816233,pedestrian,True,466:1,4.356328861816233,6
scan_474,2026-04-08 13:47:23,48.89078065128084,8.70121514062648,48.890771619122006,8.701215114201716,1.0054617818226643,pedestrian,True,457:3,1.0054617818226643,6
scan_475,2026-04-08 13:47:32,48.89079078789517,8.701157585484308,48.89077169195243,8.701157529616614,2.1257642786858213,pedestrian,True,457:3,2.1257642786858213,6
scan_476,2026-04-08 13:47:46,48.890818933771904,8.701047926986632,48.8907963,8.7010157,3.4513979260466208,footway,True,812:1,3.4513979260466208,6
scan_477,2026-04-08 13:47:55,48.89082060133335,8.700950551299574,48.89079743538842,8.700949630412337,2.579713669728164,footway,True,812:1,2.579713669728164,6
scan_478,2026-04-08 13:48:05,48.890819764374186,8.700840793174793,48.89079931969385,8.700839980462638,2.276679043228388,footway,True,812:1,2.276679043228388,6
scan_479,2026-04-08 13:48:14,48.89081338308633,8.700739217802509,48.89080105969195,8.700738727925858,1.372308750366513,footway,True,812:1,1.372308750366513,6
scan_480,2026-04-08 13:48:23,48.8908363944338,8.700647891867662,48.89080264374152,8.700646550217735,3.7584101350576002,footway,True,812:1,3.7584101350576002,6
scan_481,2026-04-08 13:48:38,48.890839546998336,8.700593636363287,48.8908031,8.70062,4.492766097577275,footway,True,812:1,4.492766097577275,6
scan_482,2026-04-08 13:48:47,48.8908473545724,8.70057105885761,48.8908031,8.70062,6.091074587618861,footway,True,812:1,6.091074587618861,6
scan_483,2026-04-08 13:49:23,48.89083407309735,8.700542902866752,48.8908031,8.70062,6.612927419606708,footway,True,812:1,6.612927419606708,6
scan_484,2026-04-08 13:49:33,48.89084864285131,8.70046474505544,48.890757813101345,8.700462804253918,10.112165561729896,pedestrian,True,457:0,10.112165561729896,6
scan_485,2026-04-08 13:49:38,48.89084487548859,8.700471545609787,48.89075774955232,8.700469683949471,9.69981633341621,pedestrian,True,457:0,9.69981633341621,6
scan_486,2026-04-08 13:49:47,48.890850586455,8.700444633070049,48.89075799922641,8.700442654715612,10.30782738911782,pedestrian,True,457:0,10.30782738911782,6
scan_487,2026-04-08 13:50:15,48.89084649754413,8.700382376934263,48.8907585733776,8.700380498217749,9.788684094832536,pedestrian,True,457:0,9.788684094832536,6
scan_488,2026-04-08 13:50:17,48.89084746727298,8.700368981765346,48.89075869727824,8.700367084975603,9.882850982981111,pedestrian,True,457:0,9.882850982981111,6
scan_489,2026-04-08 13:50:24,48.89085121764163,8.700382688558,48.8907585714311,8.700380708943252,10.314393906532104,pedestrian,True,457:0,10.314393906532104,6
scan_490,2026-04-08 13:50:27,48.89085175382003,8.700365927243052,48.89075872633375,8.700363939481395,10.35684171111951,pedestrian,True,457:0,10.35684171111951,6
scan_491,2026-04-08 13:50:29,48.890853957050496,8.700340975432326,48.890758957207595,8.700338945526346,10.576426117160912,pedestrian,True,457:0,10.576426117160912,6
scan_492,2026-04-08 13:50:33,48.8908432069225,8.7003000282725,48.890759333248134,8.700298236104814,9.337738810955166,pedestrian,True,457:0,9.337738810955166,6
scan_493,2026-04-08 13:50:38,48.89084707849023,8.700242355029488,48.890759866645546,8.70024049153347,9.709380602232127,pedestrian,True,457:0,9.709380602232127,6
scan_494,2026-04-08 13:50:47,48.89077554485152,8.70017791729257,48.89076044763533,8.700177594703643,1.680787954685803,pedestrian,True,457:0,1.680787954685803,6
scan_495,2026-04-08 13:50:56,48.890725469592674,8.700180209960305,48.890726464832795,8.700157621081818,1.657046389631367,pedestrian,True,1383:0,1.657046389631367,6
scan_496,2026-04-08 13:51:05,48.890683023051416,8.700181755974606,48.89068427584908,8.700153321351227,2.0858729211125775,pedestrian,True,1383:0,2.0858729211125775,6
scan_497,2026-04-08 13:51:14,48.890644538527845,8.700176542808054,48.890645734701266,8.70014939339332,1.9915956608681946,pedestrian,True,1383:0,1.9915956608681946,6
scan_498,2026-04-08 13:51:21,48.890708983311306,8.700451358444614,48.890707473673444,8.70049244847083,3.0121780290279885,pedestrian,True,458:0,3.0121780290279885,6
scan_499,2026-04-08 13:51:25,48.890969478718645,8.700493798903194,48.8908564,8.7006985,19.568648930962475,footway,True,828:0,19.568648930962475,6
scan_500,2026-04-08 13:51:27,48.89121090885359,8.700737457261402,48.8912496,8.7009372,15.240808242847239,pedestrian,True,815:44,15.240808242847239,6
scan_501,2026-04-08 13:52:04,48.89021378,8.7000694,48.89021220226275,8.700105209520581,2.6268963814238333,pedestrian,True,1383:0,2.6268963814238333,6
scan_502,2026-04-08 13:52:06,48.89020756471847,8.700066676552114,48.89020589530858,8.70010456674132,2.7795293446442306,pedestrian,True,1383:0,2.7795293446442306,6
scan_503,2026-04-08 13:52:12,48.89023199438218,8.70008830585444,48.890231164474514,8.700107142072511,1.381777088589335,pedestrian,True,1383:0,1.381777088589335,6
scan_504,2026-04-08 13:52:20,48.89021042371543,8.700100490105678,48.89021022466206,8.700105007971517,0.3314192993868314,pedestrian,True,1383:0,0.3314192993868314,6
scan_505,2026-04-08 13:52:21,48.890207128001535,8.700105004367717,48.89020714168633,8.700104693767098,0.02278488334782756,pedestrian,True,1383:0,0.02278488334782756,6
scan_506,2026-04-08 13:52:30,48.89015158305616,8.700064627075314,48.89015007400308,8.700098877659627,2.5125398577912184,pedestrian,True,1383:0,2.5125398577912184,6
scan_507,2026-04-08 13:52:38,48.89012917924762,8.699924193491247,48.890139500000004,8.7000978,12.758695741299718,pedestrian,True,1383:0,12.758695741299718,6
scan_508,2026-04-08 13:52:47,48.89012808061501,8.699815838241602,48.890139500000004,8.7000978,20.676871636787357,pedestrian,True,1383:0,20.676871636787357,6
scan_509,2026-04-08 13:52:56,48.890110463785305,8.699708722078695,48.890139500000004,8.7000978,28.660821304097258,pedestrian,True,1383:0,28.660821304097258,6
scan_510,2026-04-08 13:53:05,48.89009590746706,8.699599777229045,48.890183964671984,8.699617289593848,9.885977221233173,secondary,True,481:2,31.885977221233173,2
scan_511,2026-04-08 13:53:10,48.8900900076293,8.699527504324955,48.89018997476848,8.699547385274768,11.22307779731954,secondary,True,481:2,33.22307779731954,2
scan_512,2026-04-08 13:53:12,48.890085642191366,8.69949636723254,48.890192533421114,8.699517625208586,12.000429317875302,secondary,True,481:2,34.0004293178753,2
scan_513,2026-04-08 13:53:14,48.89008288653422,8.699464978668608,48.89019514039284,8.699487303135784,12.602479170496327,secondary,True,481:2,34.60247917049632,2
scan_514,2026-04-08 13:53:18,48.89008063227524,8.69940558419197,48.890200123152816,8.699429347919354,13.414962430746911,secondary,True,481:2,35.41496243074691,2
scan_515,2026-04-08 13:53:23,48.890080360654586,8.699327179976848,48.89020674614931,8.699352314869923,14.189005035396447,secondary,True,481:2,36.18900503539645,2
scan_516,2026-04-08 13:53:24,48.89007945640402,8.699312836797434,48.89020794338687,8.699338389623284,14.424934212915776,secondary,True,481:2,36.42493421291577,2
scan_517,2026-04-08 13:53:26,48.89008276749507,8.699260702140801,48.89024210000001,8.6989644,28.01679391524762,footway,True,1129:0,28.01679391524762,4
scan_518,2026-04-08 13:53:30,48.89008249056253,8.699193388115217,48.89024210000001,8.6989644,24.42549099450767,footway,True,1129:0,24.42549099450767,4
scan_519,2026-04-08 13:53:31,48.8900853366818,8.699177860256489,48.89024210000001,8.6989644,23.423069566712925,footway,True,1129:0,23.423069566712925,4
scan_520,2026-04-08 13:53:39,48.89009150595227,8.699077910142018,48.89024210000001,8.6989644,18.709952756959904,footway,True,1129:0,18.709952756959904,6
scan_521,2026-04-08 13:53:46,48.89009572895911,8.699005456900421,48.89024210000001,8.6989644,16.568821485750714,footway,True,1129:0,16.568821485750714,6
scan_522,2026-04-08 13:53:48,48.89009428687989,8.698986100324875,48.89024210000001,8.6989644,16.53103749727145,footway,True,1129:0,16.53103749727145,6
scan_523,2026-04-08 13:53:57,48.89009487029244,8.698972903414912,48.89024210000001,8.6989644,16.401424498289497,footway,True,1129:0,16.401424498289497,6
scan_524,2026-04-08 13:54:14,48.890064150938834,8.698930434121836,48.89024210000001,8.6989644,19.964682847254988,footway,True,1129:0,19.964682847254988,6
scan_525,2026-04-08 13:54:22,48.8900335993947,8.698855907806538,48.89008306466355,8.69865241984635,15.87932601899683,residential,True,4:2,23.879326018996828,6
scan_526,2026-04-08 13:54:23,48.89002586722074,8.698849190701473,48.89007482578946,8.69864778720185,15.716666006446724,residential,True,4:2,23.716666006446722,6
scan_527,2026-04-08 13:54:24,48.890018668902265,8.698840028559054,48.8900665336889,8.698643124628584,15.365541036123602,residential,True,4:2,23.365541036123602,6
scan_528,2026-04-08 13:54:32,48.88999343339338,8.698771175442905,48.89002960809271,8.69862236169929,11.612794049160309,residential,True,4:2,19.612794049160307,6
scan_529,2026-04-08 13:54:39,48.890071821532594,8.698672585344184,48.8900774860195,8.69864928302518,1.8184115097720663,residential,True,4:2,9.818411509772066,6
scan_530,2026-04-08 13:54:42,48.89007997807254,8.698657073780344,48.89008134450346,8.698651452615865,0.43865113097908837,residential,True,4:2,8.438651130979089,6
scan_531,2026-04-08 13:54:48,48.89007059815828,8.698668530159678,48.89007554253019,8.698648190218687,1.587240466277388,residential,True,4:2,9.587240466277388,6
scan_532,2026-04-08 13:54:52,48.89007146939044,8.698625990913031,48.89006721173121,8.698643505885649,1.366792207126416,residential,True,4:2,9.366792207126416,6
scan_533,2026-04-08 13:55:03,48.89010247472679,8.69859077010646,48.89008695653116,8.698654608208365,4.981644571380028,residential,True,4:2,12.981644571380027,6
scan_534,2026-04-08 13:55:09,48.89007829642564,8.698528964866071,48.89005246823664,8.69863521575179,8.29135544320869,residential,True,4:2,16.29135544320869,6
scan_535,2026-04-08 13:55:11,48.89007140850428,8.698512833104315,48.890042958708875,8.698629868630194,9.132942904888303,residential,True,4:2,17.132942904888303,6
scan_536,2026-04-08 13:55:18,48.89002868891375,8.698450408443371,48.88999202621878,8.69860122975094,11.769447868343688,residential,True,4:2,19.76944786834369,6
scan_537,2026-04-08 13:55:27,48.88996400390268,8.69840838573441,48.889862035951914,8.698394635202549,11.39560390123494,path,True,95:0,13.39560390123494,6
scan_538,2026-04-08 13:55:37,48.889881018847966,8.698359820374808,48.88986419784699,8.698357552039981,1.8798599337057122,path,True,95:0,3.8798599337057125,6
scan_539,2026-04-08 13:55:46,48.88982788227848,8.698334108138951,48.88986527065894,8.698339150009263,4.178402860736775,path,True,95:0,6.178402860736775,6
scan_540,2026-04-08 13:55:55,48.88975531301359,8.698276424466975,48.88986804124061,8.69829162599601,12.598137237194168,path,True,95:0,14.598137237194168,6
scan_541,2026-04-08 13:56:04,48.88969726226518,8.698186923425363,48.889621104070976,8.698160076153208,8.702687400606019,pedestrian,True,447:6,8.702687400606019,6
scan_542,2026-04-08 13:56:13,48.88961263650851,8.698130088164575,48.88962500955611,8.69813444990404,1.4138829012747824,pedestrian,True,447:6,1.4138829012747824,6
scan_543,2026-04-08 13:56:22,48.889525429659685,8.698088812008793,48.889565710431505,8.698106874687078,4.674897339346071,pedestrian,True,447:9,4.674897339346071,6
scan_544,2026-04-08 13:56:30,48.88946817647291,8.69801888483975,48.8894806,8.6978887,9.628643851058467,pedestrian,True,447:11,9.628643851058467,6
scan_545,2026-04-08 13:56:31,48.889465326928246,8.69801625675701,48.8894806,8.6978887,9.489988145215488,pedestrian,True,447:11,9.489988145215488,6
scan_546,2026-04-08 13:56:40,48.88944220775769,8.697981047392993,48.8894806,8.6978887,7.997121981054759,pedestrian,True,447:11,7.997121981054759,6
scan_547,2026-04-08 13:56:48,48.889400367507264,8.697930962367199,48.8894806,8.6978887,9.45200073180615,pedestrian,True,447:11,9.45200073180615,6
scan_548,2026-04-08 13:56:49,48.88940004604359,8.697921319990721,48.8894806,8.6978887,9.27968341936928,pedestrian,True,447:11,9.27968341936928,6
scan_549,2026-04-08 13:56:59,48.88943942766042,8.697827159160424,48.88948874347464,8.69785370120716,5.8234447127655375,pedestrian,True,447:11,5.8234447127655375,6
scan_550,2026-04-08 13:57:08,48.8894738401677,8.697726106415901,48.88951346934437,8.697747435069978,4.67960059305758,pedestrian,True,447:11,4.67960059305758,6
scan_551,2026-04-08 13:57:18,48.88952571431101,8.697579343369538,48.88954959068936,8.697592193784546,2.819435561791868,pedestrian,True,447:11,2.819435561791868,6
scan_552,2026-04-08 13:57:27,48.88954186727055,8.697462208378614,48.88957560995969,8.697480368907229,3.984496106450431,pedestrian,True,447:11,3.984496106450431,6
scan_553,2026-04-08 13:57:32,48.88956011843823,8.697386954729302,48.88959320237693,8.697404760718596,3.9067076896813626,pedestrian,True,447:11,3.9067076896813626,6
scan_554,2026-04-08 13:57:34,48.88956628676074,8.697358433887807,48.88959978649944,8.697376463664828,3.9558072990693596,pedestrian,True,447:11,3.9558072990693596,6
scan_555,2026-04-08 13:57:36,48.889570807595085,8.697342193114364,48.88960364795517,8.697359868010599,3.877944746441563,pedestrian,True,447:11,3.877944746441563,6
scan_556,2026-04-08 13:57:45,48.88959000060552,8.697310080139516,48.88961242441681,8.697322148784263,2.647909454055196,pedestrian,True,447:11,2.647909454055196,6
scan_557,2026-04-08 13:58:04,48.88962279624855,8.697310497352982,48.889615988043744,8.69730683313016,0.8039449318901587,pedestrian,True,447:11,0.8039449318901587,6
scan_558,2026-04-08 13:58:13,48.88962087953427,8.697309914613506,48.889615895229134,8.697307232026143,0.5885702577404177,pedestrian,True,447:11,0.5885702577404177,6
scan_559,2026-04-08 13:58:23,48.88961911298675,8.697310708554717,48.889615534452226,8.697308782562827,0.42257023457025333,pedestrian,True,447:11,0.42257023457025333,6
scan_560,2026-04-08 13:58:32,48.889617869477775,8.69730934843871,48.88961567730872,8.697308168598271,0.2588616615066309,pedestrian,True,447:11,0.2588616615066309,6
scan_561,2026-04-08 13:58:40,48.88960322939842,8.697276204593827,48.88962090157851,8.697285715880664,2.086814399357602,pedestrian,True,447:11,2.086814399357602,6
scan_562,2026-04-08 13:58:50,48.889600098595785,8.697262837313161,48.88962331727634,8.697275333763523,2.7417713471980276,pedestrian,True,447:11,2.7417713471980276,6
scan_563,2026-04-08 13:58:59,48.88960192311439,8.697270014090412,48.88962203629262,8.697280839138763,2.3750589778688145,pedestrian,True,447:11,2.3750589778688145,6
scan_564,2026-04-08 13:59:39,48.88964020451581,8.697270016841095,48.88962629614678,8.697262531259142,1.642365786608665,pedestrian,True,447:11,1.642365786608665,6
scan_565,2026-04-08 13:59:59,48.88964006297813,8.697267364370145,48.88962682888165,8.697260241686429,1.5627445053005116,pedestrian,True,447:11,1.5627445053005116,6
scan_566,2026-04-08 14:00:08,48.889641319721626,8.697269522841271,48.889626522411554,8.697261558824879,1.7473361348149057,pedestrian,True,447:11,1.7473361348149057,6
scan_567,2026-04-08 14:00:33,48.889435684095865,8.697894485018482,48.88942394007553,8.697887541131353,1.4026658762430062,living_street,True,968:0,7.402665876243006,6
scan_568,2026-04-08 14:00:49,48.88931079436093,8.698064036028423,48.8892674,8.6980317,5.3793249972372115,footway,True,1573:9,5.3793249972372115,6
scan_569,2026-04-08 14:00:55,48.889031491615945,8.698010093004838,48.88901829337759,8.698075857826929,5.0328878869453435,footway,True,1573:5,5.0328878869453435,6
scan_570,2026-04-08 14:00:56,48.888975084366805,8.698001928031292,48.888965194196814,8.698051209212844,3.7714225577822855,footway,True,1573:5,3.7714225577822855,6
scan_571,2026-04-08 14:01:03,48.88858571651623,8.697988160757978,48.88858393766571,8.697966618359532,1.5891969114383242,pedestrian,True,591:3,1.5891969114383242,6
scan_572,2026-04-08 14:01:05,48.88846744248883,8.697952377402794,48.888471934307525,8.697953597587414,0.5079428919837741,pedestrian,True,591:4,0.5079428919837741,6
scan_573,2026-04-08 14:01:10,48.887995155211264,8.697680641351576,48.888010911334426,8.697635380163991,3.748619741845599,residential,True,970:2,11.748619741845598,6
scan_574,2026-04-08 14:01:20,48.88730840206357,8.697215617129114,48.8873473286941,8.697184523382894,4.894661967420849,residential,True,443:0,12.894661967420848,6
scan_575,2026-04-08 14:01:33,48.88718699396441,8.697085105797207,48.887216884327195,8.697021429128794,5.726813050903861,residential,True,969:2,13.72681305090386,6
scan_576,2026-04-08 14:01:42,48.88718439197096,8.69708192916823,48.88721417297614,8.697018485471036,5.705860858372658,residential,True,969:2,13.705860858372658,6
scan_577,2026-04-08 14:01:51,48.887187972904506,8.697071133482613,48.887213188194266,8.697017416313727,4.831097263335144,residential,True,969:2,12.831097263335144,6
scan_578,2026-04-08 14:02:00,48.887191783066754,8.69703229927991,48.88720363686859,8.697007046637019,2.2711168185726387,residential,True,969:2,10.271116818572638,6
scan_579,2026-04-08 14:02:15,48.88699034808451,8.696937076459037,48.887039444909874,8.696831200359917,9.483278579335986,residential,True,969:4,17.483278579335988,6
scan_580,2026-04-08 14:02:37,48.88645621436865,8.697962885748854,48.88636403185934,8.698174345937128,18.57126719377462,residential,True,506:14,26.57126719377462,5
scan_581,2026-04-08 14:02:43,48.886337477820845,8.69819471970273,48.886351755240355,8.698161968359106,2.876358219442374,residential,True,506:14,10.876358219442373,5
scan_582,2026-04-08 14:02:54,48.88594954734962,8.698968381774547,48.88594954734962,8.698968381774547,,,False,unsnapped,130.0,1
scan_583,2026-04-08 14:02:57,48.885811143041046,8.699256821115267,48.88574136575499,8.699452609349569,16.301291450634665,living_street,True,85:9,22.301291450634665,1
scan_584,2026-04-08 14:03:05,48.8859223056349,8.700071099730291,48.88606997516002,8.699729575160017,29.919894629627944,living_street,True,85:8,35.91989462962795,1
scan_585,2026-04-08 14:03:10,48.88621792601322,8.700690702355564,48.88621792601322,8.700690702355564,,,False,unsnapped,130.0,1
scan_586,2026-04-08 14:03:13,48.88637925350102,8.70107658336782,48.88637925350102,8.70107658336782,,,False,unsnapped,130.0,1
scan_587,2026-04-08 14:03:21,48.8867286649986,8.702012284026168,48.886771,8.7021162,8.94810007237802,living_street,True,86:0,14.94810007237802,1
scan_588,2026-04-08 14:03:22,48.88676914899248,8.702130422175044,48.886771,8.7021162,1.0612365466674014,living_street,True,86:0,7.061236546667401,3
scan_589,2026-04-08 14:03:41,48.88700596546739,8.702897038079165,48.88689898880445,8.702961105596954,12.798760064745512,path,True,568:6,14.798760064745512,6
scan_590,2026-04-08 14:03:44,48.8870416226304,8.703065978930663,48.886941648727635,8.70312585257658,11.960944734904368,path,True,568:6,13.960944734904368,4
scan_591,2026-04-08 14:03:45,48.88705830630457,8.703143732199516,48.88696131914352,8.703201817120389,11.603608780672461,path,True,568:6,13.603608780672461,4
scan_592,2026-04-08 14:03:52,48.88714105817374,8.703535527160582,48.88704247405912,8.703583018140177,11.511790474004927,path,True,568:7,13.511790474004927,5
scan_593,2026-04-08 14:04:01,48.88716264519395,8.703694530336294,48.88707454036579,8.703736973135696,10.288110941779786,path,True,568:7,12.288110941779786,3
scan_594,2026-04-08 14:04:09,48.88719665947866,8.704176286591272,48.887171723115216,8.704192325371848,3.0139661522634156,path,True,568:8,5.013966152263416,6
scan_595,2026-04-08 14:04:16,48.88702917529015,8.704532727247322,48.88700669678116,8.704499776189735,3.4754933034024367,secondary,True,550:3,25.475493303402438,6
scan_596,2026-04-08 14:04:17,48.88701283743511,8.704612254739692,48.8869954,8.7045176,7.195322972749367,secondary,True,550:3,29.195322972749366,6
scan_597,2026-04-08 14:04:24,48.88695002469747,8.705254790711168,48.88695002469747,8.705254790711168,,,False,unsnapped,130.0,1
scan_598,2026-04-08 14:04:27,48.8869144472026,8.705561828771337,48.8869144472026,8.705561828771337,,,False,unsnapped,130.0,1
scan_599,2026-04-08 14:04:28,48.88690265806055,8.705659214487616,48.88690265806055,8.705659214487616,,,False,unsnapped,130.0,1
scan_600,2026-04-08 14:04:35,48.88681746068812,8.70631968674567,48.88681746068812,8.70631968674567,,,False,unsnapped,130.0,1
scan_601,2026-04-08 14:04:43,48.88668744655333,8.707133914455683,48.88668744655333,8.707133914455683,,,False,unsnapped,130.0,1
scan_602,2026-04-08 14:04:52,48.886488445529984,8.708173429249271,48.886488445529984,8.708173429249271,,,False,unsnapped,130.0,1
scan_603,2026-04-08 14:05:01,48.88635802928222,8.709223306460068,48.88635802928222,8.709223306460068,,,False,unsnapped,130.0,1
scan_604,2026-04-08 14:05:11,48.88626208645287,8.710205702220348,48.88626208645287,8.710205702220348,,,False,unsnapped,130.0,1
scan_605,2026-04-08 14:05:12,48.886242550461816,8.71030382083208,48.886242550461816,8.71030382083208,,,False,unsnapped,130.0,1
scan_606,2026-04-08 14:05:22,48.88585388428909,8.711328463716564,48.88585388428909,8.711328463716564,,,False,unsnapped,130.0,1
scan_607,2026-04-08 14:05:40,48.8848521694063,8.712104128993655,48.8848521694063,8.712104128993655,,,False,unsnapped,130.0,1
scan_608,2026-04-08 14:05:55,48.883823270294,8.711399473143334,48.883823270294,8.711399473143334,,,False,unsnapped,130.0,1
scan_609,2026-04-08 14:06:05,48.88318533358555,8.712440781276346,48.88318533358555,8.712440781276346,,,False,unsnapped,130.0,1
scan_610,2026-04-08 14:06:13,48.882459939110895,8.71350206975222,48.882459939110895,8.71350206975222,,,False,unsnapped,130.0,1
scan_611,2026-04-08 14:06:23,48.881396893564805,8.713768391584496,48.881396893564805,8.713768391584496,,,False,unsnapped,130.0,1
scan_612,2026-04-08 14:06:33,48.88038281432714,8.714258423094844,48.88038281432714,8.714258423094844,,,False,unsnapped,130.0,1
scan_613,2026-04-08 14:06:43,48.87978138574744,8.715180063837892,48.87978138574744,8.715180063837892,,,False,unsnapped,130.0,1
scan_614,2026-04-08 14:07:05,48.87937773554384,8.71628413741541,48.87937773554384,8.71628413741541,,,False,unsnapped,130.0,1
scan_615,2026-04-08 14:07:11,48.879499054164256,8.716963056874352,48.879499054164256,8.716963056874352,,,False,unsnapped,130.0,1
scan_616,2026-04-08 14:07:14,48.879558365578816,8.717330473725287,48.879558365578816,8.717330473725287,,,False,unsnapped,130.0,1
scan_617,2026-04-08 14:07:21,48.87976131065256,8.717896222443903,48.87976131065256,8.717896222443903,,,False,unsnapped,130.0,1
scan_618,2026-04-08 14:07:30,48.87971692420305,8.716820588363573,48.87971692420305,8.716820588363573,,,False,unsnapped,130.0,1
scan_619,2026-04-08 14:07:34,48.87958706750018,8.716248795345065,48.87958706750018,8.716248795345065,,,False,unsnapped,130.0,1
scan_620,2026-04-08 14:07:58,48.87946494963772,8.715919666490278,48.87946494963772,8.715919666490278,,,False,unsnapped,130.0,1
scan_621,2026-04-08 14:08:17,48.879456597137455,8.71588189063921,48.879456597137455,8.71588189063921,,,False,unsnapped,130.0,1
scan_622,2026-04-08 14:08:45,48.879497048861616,8.715944891906144,48.879497048861616,8.715944891906144,,,False,unsnapped,130.0,1
scan_623,2026-04-08 14:12:26,48.87861313700829,8.715641639475109,48.87861313700829,8.715641639475109,,,False,unsnapped,130.0,1
scan_624,2026-04-08 14:12:32,48.87861589348032,8.715630974999218,48.87861589348032,8.715630974999218,,,False,unsnapped,130.0,1
scan_625,2026-04-08 14:12:42,48.87856408829116,8.715586700518703,48.87856408829116,8.715586700518703,,,False,unsnapped,130.0,1
scan_626,2026-04-08 14:12:51,48.87850966554596,8.715554108401134,48.87850966554596,8.715554108401134,,,False,unsnapped,130.0,1
scan_627,2026-04-08 14:12:53,48.878506170383744,8.715546615042332,48.878506170383744,8.715546615042332,,,False,unsnapped,130.0,1
scan_628,2026-04-08 14:13:01,48.87845122980476,8.71555563642028,48.87845122980476,8.71555563642028,,,False,unsnapped,130.0,1
