scan_id,timestamp,actual_latitude,actual_longitude,raw_estimated_latitude,raw_estimated_longitude,estimated_latitude,estimated_longitude,matched_access_points,residual_rmse,snap_distance_m,error_m,method,seen_calibrated_aps,median_router_rmse_m,good_router_count,usable_router_count,weak_router_count
scan_01,2026-04-08 11:32:48,48.87859698231721,8.715912761038608,48.87860811971721,8.715648679771151,48.87860811971721,8.715648679771151,3,47.521924764610844,,19.373192859794283,wknn_fingerprinting_smoothed_road_snapped,4,0.7372803097490346,0,2,2
scan_04,2026-04-08 11:33:11,48.878608119717214,8.715648679771151,48.87865290659073,8.715609347332942,48.87865290659073,8.715609347332942,3,32.2658629304208,,5.757491403409537,wknn_fingerprinting_smoothed_road_snapped,5,1.9787682925729804,0,2,3
scan_05,2026-04-08 11:33:34,48.87875390342473,8.715488070086685,48.878637231184996,8.715623113686316,48.878637231184996,8.715623113686316,3,17.009801096230763,,16.32271291704811,wknn_fingerprinting_smoothed_road_snapped,5,1.9787682925729804,0,1,4
scan_16,2026-04-08 12:04:01,48.88971471078834,8.695300961700791,48.88269666701146,8.709812873937468,48.88269666701146,8.709812873937468,5,15.082595409820314,,1318.5554032706086,wknn_fingerprinting_smoothed_road_snapped,12,120.90160146746217,0,0,12
scan_20,2026-04-08 12:06:02,48.88980351745669,8.69637696252907,48.88514219634758,8.705463211738236,48.88514219634758,8.705463211738236,3,38.97007398846795,,843.5390072126894,wknn_fingerprinting_smoothed_road_snapped,6,39.07449317405229,0,1,5
scan_22,2026-04-08 12:06:30,48.88977385104084,8.696722641796185,48.88679884111323,8.702908574958883,48.88687376704676,8.702863702505473,5,51.39588580473312,8.964190854466443,553.4112770468112,wknn_fingerprinting_smoothed_road_snapped,8,35.8959201568386,0,2,6
scan_25,2026-04-08 12:07:41,48.88969432278769,8.697389132041538,48.88782803986893,8.700623008861625,48.88793218319802,8.700577297913593,3,38.97007398846795,12.066405046681345,304.8504721183709,wknn_fingerprinting_smoothed_road_snapped,3,40.37291463272438,0,1,2
scan_26,2026-04-08 12:08:02,48.88965693991006,8.697558467242297,48.88853456643176,8.6999138608317,48.88857858942963,8.699840066696941,3,48.13176359397884,7.2932583561857545,205.66718256274987,wknn_fingerprinting_smoothed_road_snapped,13,11.445526257579614,0,5,8
scan_27,2026-04-08 12:08:31,48.8896420292112,8.697542990379423,48.88889287318064,8.699294794540606,48.88890117234414,8.69926009493847,5,33.58836439349036,2.7026551087405637,150.32511490302457,wknn_fingerprinting_smoothed_road_snapped,8,17.694450185901232,1,6,1
scan_30,2026-04-08 12:09:15,48.889626166731695,8.697726274795905,48.889239032167936,8.69886049025207,48.889171168926126,8.69881851170451,5,38.151730613835184,8.155485724886773,94.63998362831651,wknn_fingerprinting_smoothed_road_snapped,5,37.77607171538021,0,2,3
scan_32,2026-04-08 12:10:02,48.88954060878895,8.698120571025353,48.88935021955241,8.698534397343554,48.88930685992822,8.698507550512073,6,20.751966016403596,5.211461302133706,38.46267279285523,wknn_fingerprinting_smoothed_road_snapped,17,8.972300230954039,2,6,9
scan_33,2026-04-08 12:10:31,48.889464695381,8.69804371053606,48.889605359555944,8.698574942873666,48.889589383394366,8.698570110039556,3,70.16538362493182,1.8133039620435472,40.95345391747046,wknn_fingerprinting_smoothed_road_snapped,8,15.191356615129092,0,4,4
scan_55,2026-04-08 12:50:06,48.88951383645598,8.698225544548315,48.88958992470937,8.698419153867581,48.88960839456136,8.698424741048953,3,38.622100754188224,2.0963393338263177,17.982748520395504,wknn_fingerprinting_smoothed_road_snapped,8,15.61379154919987,1,2,5
scan_57,2026-04-08 12:50:24,48.88934790508701,8.69826100407508,48.88958095727705,8.698312396287825,48.88958197323591,8.69830900053291,3,20.286912579660267,0.2730710976044364,26.292226647450967,wknn_fingerprinting_smoothed_road_snapped,5,0.4483258670965485,0,0,5
scan_59,2026-04-08 12:50:43,48.88925460139264,8.69843281683713,48.889680435681726,8.698322296621281,48.88966269860571,8.698372774609076,4,26.96931988597143,4.18919611871881,45.64145898698131,wknn_fingerprinting_smoothed_road_snapped,8,17.48631675727855,0,4,4
scan_64,2026-04-08 12:51:27,48.88942810497916,8.698315766014318,48.88965214016537,8.698381712003998,48.8896569285304,8.698368084789433,4,45.1191352009209,1.130930664388451,25.75888059532144,wknn_fingerprinting_smoothed_road_snapped,5,24.78359901747013,0,3,2
scan_65,2026-04-08 12:51:36,48.88949854887613,8.698380980716754,48.889800080133796,8.698474838323246,48.889797456881055,8.698482303856517,3,110.0605893739141,0.6195673613471261,34.09090174339594,wknn_fingerprinting_smoothed_road_snapped,4,34.88519167816267,0,1,3
scan_67,2026-04-08 12:51:54,48.889655522532514,8.698506450531182,48.88973261693127,8.698460158352026,48.88974096837157,8.698436390951226,4,55.9531292355032,1.9724678285877375,10.806054576695656,wknn_fingerprinting_smoothed_road_snapped,10,37.30930513397575,0,3,7
scan_69,2026-04-08 12:52:12,48.88980222408848,8.698585860055974,48.889794192995055,8.698493104781317,48.88979787020103,8.698482639796008,5,42.804148747163055,0.8684930876366456,7.57062816452622,wknn_fingerprinting_smoothed_road_snapped,14,26.698974795584846,0,6,8
scan_70,2026-04-08 12:52:18,48.88983565543575,8.698616818788484,48.88989111424489,8.69854651252192,48.88989154723173,8.698544731323858,3,36.62421785285432,0.13899742310562602,8.157923924703574,wknn_fingerprinting_smoothed_road_snapped,10,13.26365345050495,1,5,4
scan_71,2026-04-08 12:52:28,48.88986302131982,8.69861068053691,48.88993958709163,8.698573059734,48.88993986853291,8.698571901955175,3,33.575784925051764,0.09034824751969066,9.013211241313392,wknn_fingerprinting_smoothed_road_snapped,4,1.9803475251144815,0,2,2
scan_73,2026-04-08 12:52:46,48.88998564571088,8.698668501907346,48.89001089528848,8.698613263143887,48.89001119970936,8.698612010831562,5,52.621851100817395,0.09772511506706194,5.018828213412189,wknn_fingerprinting_smoothed_road_snapped,12,38.16003872327564,0,4,8
scan_74,2026-04-08 12:52:56,48.890060742240735,8.69868835225887,48.8900242231302,8.69862025904903,48.89002442100374,8.698619445045997,3,31.003479014063515,0.06352131009620668,6.464182572572998,wknn_fingerprinting_smoothed_road_snapped,12,16.331227203649657,1,4,7
scan_75,2026-04-08 12:53:04,48.89012124026355,8.698770845401743,48.89011488518192,8.699142526298186,48.890222935444825,8.699164014785143,4,15.72569688416055,12.130551229892589,30.92408591402595,wknn_fingerprinting_smoothed_road_snapped,29,33.36355169879227,0,3,26
scan_76,2026-04-08 12:53:13,48.89012678023144,8.698836909294055,48.889984011096516,8.698231596288394,48.889872418190784,8.698216547812835,5,33.75276559049856,12.471257301855763,53.51181211766549,wknn_fingerprinting_smoothed_road_snapped,14,65.01418719708437,0,0,14
scan_77,2026-04-08 12:53:22,48.890133097721495,8.698895899800554,48.89007223687439,8.69850692883546,48.890042424806076,8.69862956842148,3,42.488656177651364,9.570259208016344,21.951944406227422,wknn_fingerprinting_smoothed_road_snapped,7,23.637645242942504,0,4,3
scan_78,2026-04-08 12:53:31,48.89014008298814,8.698909968172023,48.89011058455819,8.698904360407198,48.89024426549188,8.698949597528117,4,37.35713758550337,15.245263459086384,11.954822204546788,wknn_fingerprinting_smoothed_road_snapped,12,31.457024846362476,0,2,10
scan_80,2026-04-08 12:53:49,48.89014079524099,8.69891439183786,48.89015381496282,8.699446804264678,48.890197869066874,8.699455565525467,4,21.860800694864423,4.945851582408244,40.11667506218071,wknn_fingerprinting_smoothed_road_snapped,15,35.743824863401954,0,5,10
scan_83,2026-04-08 12:54:16,48.8902915156664,8.698898967808262,48.89014997635604,8.699181096744393,48.89022026497666,8.699195075394453,3,42.7278207572849,7.891139614567086,23.0788352693458,wknn_fingerprinting_smoothed_road_snapped,5,12.627999708732562,0,3,2
scan_84,2026-04-08 12:54:26,48.8904033326553,8.69891857812163,48.8903435585768,8.699084666132922,48.8903778,8.6990327,3,21.361959960016154,5.384847637939169,8.823269034429508,wknn_fingerprinting_smoothed_road_snapped,6,11.141007076044794,0,4,2
scan_87,2026-04-08 12:54:53,48.89062028276742,8.69892088655433,48.89051114442877,8.699035849287842,48.890510617141764,8.699047302429749,4,62.750277572508594,0.8403412272111488,15.318212370599621,wknn_fingerprinting_smoothed_road_snapped,11,8.409037113512232,0,4,7
scan_88,2026-04-08 12:55:02,48.89070448719596,8.698895740749146,48.89046940083454,8.69899365363613,48.89046703637368,8.699042659416705,3,21.361959960016154,3.596522904652808,28.536636815340763,wknn_fingerprinting_smoothed_road_snapped,6,9.90424179691119,0,2,4
scan_90,2026-04-08 12:55:21,48.89079797256797,8.698988937297218,48.890524275950995,8.69895385336566,48.890519928034074,8.699048293997585,4,42.20189569201838,6.9293069418371935,31.25532863681285,wknn_fingerprinting_smoothed_road_snapped,7,1.8392407224353544,0,2,5
scan_91,2026-04-08 12:55:30,48.8908821141815,8.699021630608312,48.89055994477668,8.698927983189856,48.89056959369623,8.698861063173265,3,83.2986594529988,5.014456619900428,36.721187399310416,wknn_fingerprinting_smoothed_road_snapped,6,2.589844208388258,0,1,5
scan_94,2026-04-08 12:55:48,48.89105861229604,8.699050924581883,48.89070821093543,8.699025721256834,48.890706790801886,8.699065611007214,5,39.76083570578479,2.9239120529983507,39.179517415225106,wknn_fingerprinting_smoothed_road_snapped,14,12.399639167342308,1,6,7
scan_95,2026-04-08 12:55:57,48.8911053882836,8.699076431933364,48.890832144950664,8.699024044792303,48.89082470406597,8.699096179420229,5,73.92022727237789,5.3442904062704235,31.279178760470042,wknn_fingerprinting_smoothed_road_snapped,11,6.203623197472461,0,1,10
scan_101,2026-04-08 12:56:45,48.8910881905604,8.699137230809166,48.89108583486218,8.699150137228058,48.89108490231534,8.699158964931987,3,96.99484522385713,0.654404336586734,1.6323371791793964,wknn_fingerprinting_smoothed_road_snapped,6,12.882670169456683,0,5,1
scan_115,2026-04-08 12:59:04,48.8910466645644,8.699212735413969,48.89109878694293,8.699156471734177,48.891098180787594,8.699162209741756,4,39.873910086144534,0.4253627112268979,6.823750702021705,wknn_fingerprinting_smoothed_road_snapped,5,17.803929871770777,0,5,0
scan_163,2026-04-08 13:10:26,48.891283212173526,8.699240196601913,48.891180095628776,8.699173283177645,48.89117918503037,8.699181951737021,3,37.797707161502096,0.6425151894652993,12.340054175232526,wknn_fingerprinting_smoothed_road_snapped,6,14.395101858413527,1,3,2
scan_164,2026-04-08 13:10:31,48.8913253402243,8.699258542131224,48.891277557112296,8.699222230819787,48.891279234423955,8.699206263413766,3,34.50867954604184,1.183504735755163,6.40184590974769,wknn_fingerprinting_smoothed_road_snapped,9,11.42577663401013,2,1,6
scan_165,2026-04-08 13:10:39,48.89138361566166,8.699288077690733,48.891374520724554,8.699284086923495,48.89138167157736,8.69921696878062,4,61.5787132162731,4.976564731912992,5.209074333798681,wknn_fingerprinting_smoothed_road_snapped,17,17.336747751648268,0,10,7
scan_167,2026-04-08 13:10:53,48.89143249963149,8.699299015231373,48.89141775477407,8.69945027897767,48.891430099999994,8.6994328,3,75.60646673042787,1.8775685587221869,9.795558261655545,wknn_fingerprinting_smoothed_road_snapped,8,28.867942314161454,2,2,4
scan_169,2026-04-08 13:11:00,48.89147471214108,8.699311938799372,48.89146648124739,8.699427189448546,48.8914589,8.6994465,3,45.24378410345447,1.6461628999186542,10.0047946618074,wknn_fingerprinting_smoothed_road_snapped,5,7.119796838856449,2,2,1
scan_170,2026-04-08 13:11:04,48.891480680240704,8.699326167594434,48.89149946963664,8.699404068206244,48.8914589,8.6994465,3,29.512709126747414,5.480985322249461,9.134945793753175,wknn_fingerprinting_smoothed_road_snapped,5,6.127562795625457,0,2,3
scan_171,2026-04-08 13:11:07,48.89149956626963,8.699332101675385,48.891519595908065,8.69939715244712,48.891552864211626,8.699409637453869,3,33.99019466454014,3.814498367400544,8.210184361505487,wknn_fingerprinting_smoothed_road_snapped,5,7.4734253819369245,1,4,0
scan_172,2026-04-08 13:11:14,48.89151701361737,8.699344721348918,48.89153194846942,8.699397153992832,48.89155357286653,8.699405269248478,3,29.267425943661625,2.4794239032694105,6.016813178839657,wknn_fingerprinting_smoothed_road_snapped,11,11.145125954304188,2,5,4
scan_173,2026-04-08 13:11:17,48.89152093218081,8.699348734905131,48.891461650621,8.699329726645772,48.89145690847251,8.699328553894754,3,31.219651930581588,0.5348288266080465,7.278570219217042,wknn_fingerprinting_smoothed_road_snapped,4,9.463077145217438,2,1,1
scan_174,2026-04-08 13:11:21,48.8915324894261,8.699375120538956,48.89145891803375,8.699339351411783,48.89145583563723,8.699338589123649,3,50.55239652634623,0.3476387378198273,8.942198949433092,wknn_fingerprinting_smoothed_road_snapped,15,7.4625305830363455,1,5,9
scan_175,2026-04-08 13:11:24,48.89153370851013,8.699386822865728,48.89149431153009,8.699348465298677,48.89145579804426,8.699338940765758,3,86.43758739235616,4.343626604678326,9.354289780154396,wknn_fingerprinting_smoothed_road_snapped,7,3.4388782436246315,4,1,2
scan_178,2026-04-08 13:11:38,48.89155149744726,8.69937254615229,48.89144178501023,8.699744441970665,48.8914297,8.6997112,3,33.37348206742368,2.780194472644558,28.252529170296324,wknn_fingerprinting_smoothed_road_snapped,6,20.696207970080536,0,4,2
scan_184,2026-04-08 13:12:12,48.8915363107522,8.69937666182448,48.89145709792187,8.699777905958236,48.89149313695497,8.699790761106415,3,53.1381846384186,4.120719839661837,30.687200816450105,wknn_fingerprinting_smoothed_road_snapped,4,19.289314385111446,1,2,1
scan_185,2026-04-08 13:12:19,48.89152512554714,8.699402837361259,48.89148713588666,8.699670464438078,48.891510406518925,8.69967876509212,3,10.408329997330663,2.660774909813998,20.26190230891688,wknn_fingerprinting_smoothed_road_snapped,7,5.4200565554475,0,1,6
scan_186,2026-04-08 13:12:21,48.891518330320295,8.69942039052243,48.89151038996803,8.699577639104437,48.891525186119736,8.699582916905795,3,103.71891387123827,1.6917988498311747,11.91999528944825,wknn_fingerprinting_smoothed_road_snapped,7,21.618256563137248,0,3,4
scan_187,2026-04-08 13:12:24,48.89151631850272,8.699460946860098,48.89152527177616,8.69951874099334,48.89153459660532,8.699522240437298,3,24.04118528673991,1.069172206445849,4.9260280933148834,wknn_fingerprinting_smoothed_road_snapped,9,3.909582022478168,3,2,4
scan_189,2026-04-08 13:12:39,48.89151386586865,8.699594719856842,48.8915011951547,8.69950108476317,48.891535914884166,8.699514114461232,4,73.61921345463948,3.9809169122527943,6.3898453629354846,wknn_fingerprinting_smoothed_road_snapped,12,2.6926830594923357,3,5,4
scan_191,2026-04-08 13:12:46,48.89152441948977,8.699673507828392,48.89149806522148,8.699604479053262,48.891520620671464,8.699612524602363,5,60.18312977977457,2.579000626410655,4.483437049696174,wknn_fingerprinting_smoothed_road_snapped,14,12.959745071756256,2,4,8
scan_192,2026-04-08 13:12:53,48.89150392667564,8.699719504958185,48.89147567669053,8.699627752128922,48.891439815032804,8.699618682329232,7,44.94556800583924,4.046936268006182,10.265979220686766,wknn_fingerprinting_smoothed_road_snapped,17,3.909582022478168,5,4,8
scan_195,2026-04-08 13:13:08,48.89147715150767,8.699837062542203,48.891476295375895,8.699720424451456,48.89150253924804,8.699729785661308,7,34.91922947921219,3.000736551154188,8.344893721966622,wknn_fingerprinting_smoothed_road_snapped,12,12.040602767650997,4,6,2
scan_198,2026-04-08 13:13:30,48.891470314196965,8.69985252695975,48.89146956743417,8.699826901270665,48.891486625951146,8.699832986056553,3,26.00640946638604,1.9504787721660828,2.3114434226124296,wknn_fingerprinting_smoothed_road_snapped,6,21.040295848411844,0,5,1
scan_206,2026-04-08 13:14:13,48.89148977629532,8.699897807157654,48.89142576050895,8.700053476576702,48.891451226078445,8.700062560159262,7,45.80938742645331,2.911745115236869,12.799374021732064,wknn_fingerprinting_smoothed_road_snapped,18,18.378510898640688,4,4,10
scan_207,2026-04-08 13:14:20,48.891476674633545,8.69997881131702,48.89103576265444,8.700283083987195,48.891038194714035,8.7001785099346,3,36.20313061969457,7.6587850282817564,50.95297097891419,wknn_fingerprinting_smoothed_road_snapped,9,39.1185282960716,0,0,9
scan_208,2026-04-08 13:14:22,48.89146811948938,8.700028584338206,48.89116763499461,8.700255361349159,48.89116925832715,8.700185560937307,4,37.11505904122246,5.112022787569148,35.19725190763692,wknn_fingerprinting_smoothed_road_snapped,19,22.628769117105307,0,8,11
scan_211,2026-04-08 13:14:37,48.891424772926754,8.700261850520835,48.8912559073587,8.700329042351523,48.891259131822494,8.700190395980718,4,46.23947080458053,10.154125704222357,19.166492735779524,wknn_fingerprinting_smoothed_road_snapped,16,17.428399061094066,2,4,10
scan_212,2026-04-08 13:14:40,48.89141971207942,8.700303685338518,48.89113042348549,8.699806279180063,48.890940992520264,8.69977679994375,6,48.90785286190978,21.197551483525142,65.7805917454912,wknn_fingerprinting_smoothed_road_snapped,6,18.0832054658069,0,5,1
scan_213,2026-04-08 13:14:42,48.89142135417092,8.700329014629084,48.891232831143185,8.70000569013043,48.891228573717854,8.700188752005907,4,36.68835032323076,13.407016296364297,23.78942938817636,wknn_fingerprinting_smoothed_road_snapped,12,20.424743491986725,0,6,6
scan_214,2026-04-08 13:14:47,48.89141753022115,8.700396080006612,48.89129717141544,8.700220671706488,48.89129782711547,8.700192477722622,3,52.519821818984816,2.0648576550106417,19.99084097362432,wknn_fingerprinting_smoothed_road_snapped,11,20.360904465006705,1,5,5
scan_215,2026-04-08 13:14:50,48.89141248568684,8.700435963169118,48.89133904428051,8.70034920101276,48.89134818183795,8.70034984270555,3,79.8911259138362,1.0182766049102112,9.537967693885276,wknn_fingerprinting_smoothed_road_snapped,11,20.981268101600783,1,4,6
scan_216,2026-04-08 13:14:57,48.89138119775277,8.700532045851572,48.89136790552338,8.700373563886565,48.891347505200585,8.700372131255886,5,32.886151112853966,2.2733834026194475,12.290672274835666,wknn_fingerprinting_smoothed_road_snapped,14,17.231973107559746,1,7,6
scan_219,2026-04-08 13:15:12,48.89137330486397,8.700691223354507,48.89138500156176,8.700452893898802,48.891420198906374,8.700455770949565,5,48.75946981880763,3.923822866983734,18.00645298708485,wknn_fingerprinting_smoothed_road_snapped,18,8.510809836606613,4,7,7
scan_220,2026-04-08 13:15:19,48.89137079817101,8.700770036395655,48.891417750504836,8.700254211688147,48.891427293577934,8.700254991744654,3,51.04278028211536,1.0638679942524671,38.21797476748022,wknn_fingerprinting_smoothed_road_snapped,9,17.760028640838325,0,2,7
scan_226,2026-04-08 13:15:43,48.89138095671722,8.700902611481208,48.891417314247924,8.700394083978258,48.891422364072305,8.700394496753924,3,45.421306164204324,0.562957705589114,37.474315882155906,wknn_fingerprinting_smoothed_road_snapped,11,26.598410355085424,0,2,9
scan_227,2026-04-08 13:15:49,48.89136206807266,8.700964203098406,48.89144637647864,8.700166550573513,48.89143577411884,8.700162768704933,4,30.023404755697907,1.2122787651940967,59.22937549029972,wknn_fingerprinting_smoothed_road_snapped,16,19.868536392089542,3,6,7
scan_231,2026-04-08 13:16:39,48.89157586587517,8.70089202059816,48.89147462124909,8.700399676213227,48.89142233208261,8.700395402062215,3,87.68368683093226,5.829230272912377,40.16597354544006,wknn_fingerprinting_smoothed_road_snapped,6,12.80801300882129,1,5,0
scan_232,2026-04-08 13:16:41,48.89159341695891,8.700891512509841,48.8914925846691,8.700560683751716,48.891492878761184,8.700553172824662,3,115.55606817672634,0.5507097390862111,27.175194926549565,wknn_fingerprinting_smoothed_road_snapped,4,8.252073727935437,1,2,1
scan_236,2026-04-08 13:21:26,48.89138071160203,8.701044575656445,48.89150936931249,8.700988569956522,48.8915179,8.7009942,3,47.156507943545435,1.0351866010031276,15.710594790480453,wknn_fingerprinting_smoothed_road_snapped,12,9.840444039849636,0,4,8
scan_237,2026-04-08 13:21:35,48.89139212296492,8.701098426919684,48.8914758454636,8.701116627643199,48.89151193345306,8.701120589264532,3,53.22162182471511,4.027765478177049,13.435582122231375,wknn_fingerprinting_smoothed_road_snapped,7,16.335576189937747,0,3,4
scan_238,2026-04-08 13:21:46,48.89141289902663,8.701192330557548,48.891454470879395,8.701085870270514,48.891414513780404,8.701085444031689,4,71.33300792880682,4.448133661669802,7.825258971255889,wknn_fingerprinting_smoothed_road_snapped,10,11.887128748575421,2,4,4
scan_240,2026-04-08 13:21:55,48.89137592136886,8.701258079587715,48.89144015823353,8.701197424835945,48.89141399867672,8.701197145781238,3,36.09853908343756,2.912153488646456,6.152833073442943,wknn_fingerprinting_smoothed_road_snapped,13,2.442010806229799,1,2,10
scan_241,2026-04-08 13:22:00,48.89136657671654,8.701255230703266,48.891433905880035,8.700917090444108,48.891415291045206,8.700916891872055,3,72.18494764607554,2.072254380340581,25.350392651125627,wknn_fingerprinting_smoothed_road_snapped,7,8.48784382435577,0,4,3
scan_249,2026-04-08 13:22:51,48.8914056731127,8.701297251027107,48.891413336068226,8.701044275294954,48.89141470355948,8.701044289882539,3,34.54465708808431,0.15223287022400656,18.541900453608324,wknn_fingerprinting_smoothed_road_snapped,3,18.56010892830319,0,1,2
scan_252,2026-04-08 13:23:15,48.89141475364461,8.701293886877147,48.89141341984757,8.701174487303057,48.89141410313087,8.701174494591916,4,35.927583480679004,0.07606496818986425,8.738810181481554,wknn_fingerprinting_smoothed_road_snapped,6,7.14654882469459,0,2,4
scan_256,2026-04-08 13:23:33,48.89138886550364,8.701456315466855,48.891413470720735,8.701278486300914,48.8914136235739,8.701278487931463,4,39.45746634475158,0.017016032419872984,13.304088423518735,wknn_fingerprinting_smoothed_road_snapped,19,9.305971433245052,2,5,12
scan_257,2026-04-08 13:23:40,48.89137660440869,8.701443657386907,48.891413506912414,8.7013292060071,48.89141359155912,8.70132920604334,3,100.60441792409361,0.009422871843434003,9.334088079683065,wknn_fingerprinting_smoothed_road_snapped,5,8.616251199190419,2,1,2
scan_260,2026-04-08 13:23:55,48.89145031654221,8.701404217471746,48.891400076739274,8.7013121504109,48.891413594714756,8.70131215619853,3,22.832725052724946,1.5048210902900028,7.881165923514218,wknn_fingerprinting_smoothed_road_snapped,5,17.325061439471845,0,0,5
scan_262,2026-04-08 13:24:10,48.8914421089298,8.701639795046729,48.891404804518444,8.70133112908433,48.89141359120251,8.70133113284629,4,39.04134598330342,0.9781337086489493,22.813421598095363,wknn_fingerprinting_smoothed_road_snapped,15,4.765853082059008,0,7,8
scan_263,2026-04-08 13:24:18,48.89148266781629,8.701681243019001,48.891407871748,8.70137494801989,48.89141358309264,8.701374950465164,3,25.52776266472772,0.6357869107009207,23.700442049459035,wknn_fingerprinting_smoothed_road_snapped,7,8.83947899782104,0,2,5
scan_266,2026-04-08 13:24:35,48.89153123002783,8.701798537235137,48.891440616955165,8.701478260653683,48.89141356397389,8.701478249071128,3,27.93347719230358,3.011537994720459,26.853609745402466,wknn_fingerprinting_smoothed_road_snapped,9,8.87964452755194,1,4,4
scan_267,2026-04-08 13:24:44,48.89157249920287,8.701872821064171,48.891431149831874,8.701470583539969,48.89141356539404,8.701470576011308,3,61.4220373047546,1.9574996973197425,34.34805844863554,wknn_fingerprinting_smoothed_road_snapped,5,3.756829360035601,0,0,5
scan_270,2026-04-08 13:24:55,48.89156910484079,8.701970461659114,48.89145577229746,8.70155323762427,48.89141355009818,8.701553219547108,3,42.08493501721818,4.700175410465851,35.10636767581334,wknn_fingerprinting_smoothed_road_snapped,9,10.801243552147334,0,5,4
scan_280,2026-04-08 13:25:44,48.89131486433503,8.70205226059355,48.89134488616554,8.7017147346727,48.89132374635672,8.701715024794705,4,23.94311934103797,2.3533793194990547,24.702666337422702,wknn_fingerprinting_smoothed_road_snapped,7,1.0097938642114148,0,0,7
scan_281,2026-04-08 13:25:52,48.89126434204779,8.701993158615933,48.89112920389836,8.701445215062733,48.89112012425216,8.701445757402029,3,13.012814197295423,1.0115253805145494,43.16211402170411,wknn_fingerprinting_smoothed_road_snapped,10,14.738982683460101,0,3,7
scan_282,2026-04-08 13:25:59,48.89121728876826,8.701971863082631,48.89122925712704,8.701277058763651,48.89122945800867,8.701282948677818,3,23.558437978779494,0.43167333689844783,50.441128100286896,wknn_fingerprinting_smoothed_road_snapped,8,21.58324378275288,0,3,5
scan_285,2026-04-08 13:26:14,48.89114988999594,8.702019902321618,48.89124390583167,8.70156617091096,48.89132256693811,8.701564611677032,4,15.630043708312993,8.757298014153074,38.47030176794082,wknn_fingerprinting_smoothed_road_snapped,5,0.4412920688602965,0,0,5
scan_286,2026-04-08 13:26:22,48.89111935210786,8.702022451539404,48.891080440724764,8.701624543892542,48.89108243811872,8.701627539717398,3,48.85011088353161,0.3122804552136878,29.195032225111632,wknn_fingerprinting_smoothed_road_snapped,4,8.754121238656733,0,0,4
scan_289,2026-04-08 13:26:35,48.89101408202727,8.70207573098628,48.89104464544948,8.701634809158255,48.89104492126934,8.701662643351991,4,29.27130345250478,2.0374750973962352,30.429057545791927,wknn_fingerprinting_smoothed_road_snapped,8,3.0296075983939645,1,2,5
scan_290,2026-04-08 13:26:42,48.89095144623508,8.702081491693987,48.89095077974882,8.70165796227861,48.89097823419725,8.701656009401114,4,28.75128185297475,3.059569819354535,31.284458564979634,wknn_fingerprinting_smoothed_road_snapped,6,22.201625986979494,1,3,2
scan_292,2026-04-08 13:26:52,48.89085284315155,8.702082150260743,48.89083020172186,8.701401414807165,48.89077268732769,8.701403098887447,4,66.55123161430315,6.403688777980946,50.496023219122954,wknn_fingerprinting_smoothed_road_snapped,9,64.60753168564496,0,2,7
scan_296,2026-04-08 13:27:11,48.890679948745394,8.702137212278766,48.890811787534524,8.701549410758815,48.89077455317746,8.701550501018602,4,121.92032823062765,4.145696706779772,44.21546247752732,wknn_fingerprinting_smoothed_road_snapped,4,44.22665803488174,0,2,2
scan_302,2026-04-08 13:27:37,48.89043439940722,8.702059935501858,48.89061733690326,8.701741842373513,48.89065844218459,8.701729543931695,3,52.188759964830226,4.663538692829854,34.73919929718581,wknn_fingerprinting_smoothed_road_snapped,3,5.483115119360386,1,1,1
scan_304,2026-04-08 13:27:49,48.89032477602501,8.702061083156018,48.89069981931108,8.70186945836902,48.89070035493808,8.701899814084161,3,66.05553219324884,2.222614495543337,43.44374811977897,wknn_fingerprinting_smoothed_road_snapped,5,64.60753168564496,0,0,5
scan_305,2026-04-08 13:27:57,48.8902562168712,8.702080230212733,48.89059250907509,8.701678544890244,48.890649635135865,8.701661453137564,5,64.01798740576027,6.48115249033209,53.4561018239074,wknn_fingerprinting_smoothed_road_snapped,10,25.625563540850713,1,3,6
scan_312,2026-04-08 13:28:36,48.89016371147312,8.701654002741089,48.89042758202332,8.70128364356417,48.89042782472667,8.701323503877088,3,40.86155487333622,2.917622029384185,38.073566614247476,wknn_fingerprinting_smoothed_road_snapped,6,40.235991430433685,0,0,6
scan_313,2026-04-08 13:28:45,48.89018843167491,8.701501240675967,48.89034057186031,8.70132880933987,48.89034054704092,8.701324733140268,4,53.81449618829484,0.2983626966111671,21.299016584588486,wknn_fingerprinting_smoothed_road_snapped,9,38.43730117558224,0,1,8
scan_314,2026-04-08 13:28:51,48.890174141654974,8.701412607836865,48.89029492033961,8.70110756229205,48.890191481465216,8.701095293035896,4,56.566985316332364,11.549780401133026,23.305422909093195,wknn_fingerprinting_smoothed_road_snapped,10,44.15726047120156,0,1,9
scan_318,2026-04-08 13:29:30,48.89024980738625,8.701139938502163,48.890254341765896,8.701214356512992,48.89018579306173,8.701206225709555,3,81.16854891725818,7.654012920959506,8.620945105982194,wknn_fingerprinting_smoothed_road_snapped,3,59.44277518410695,0,0,3
scan_323,2026-04-08 13:30:09,48.89027956723392,8.701081172704317,48.89021531877804,8.700330005705798,48.8902341,8.7004542,3,31.6175056996384,9.327527848224745,46.168443605864255,wknn_fingerprinting_smoothed_road_snapped,5,63.27137829852612,0,0,5
scan_325,2026-04-08 13:30:20,48.89026248190547,8.700975259371347,48.89043969720572,8.700458978708768,48.89043930485263,8.700469657919488,4,13.455413541232605,0.7828628971421414,41.91595439219602,wknn_fingerprinting_smoothed_road_snapped,12,20.75634513471274,0,3,9
scan_326,2026-04-08 13:30:30,48.89026515976512,8.700875913044307,48.89036805930708,8.7004573204396,48.890367627155584,8.700463443209074,3,117.27602767260949,0.45071924824223564,32.273038868942486,wknn_fingerprinting_smoothed_road_snapped,7,10.995650547224717,1,2,4
scan_327,2026-04-08 13:30:41,48.89028228151842,8.700797651599004,48.8905389785496,8.700541733285739,48.890541308096026,8.700478326750371,5,38.94673936456646,4.6481455246011425,37.11762294834765,wknn_fingerprinting_smoothed_road_snapped,10,35.1330654681387,1,0,9
scan_328,2026-04-08 13:30:48,48.8903055241188,8.700768426708121,48.89040459579807,8.700329201002734,48.890399559522876,8.700466280129424,6,25.711597780055428,10.048892220172574,24.467449289250844,wknn_fingerprinting_smoothed_road_snapped,21,34.07703221391654,0,5,16
scan_329,2026-04-08 13:30:55,48.89031191039941,8.700701077151578,48.89046693588372,8.70026402022323,48.89047276292593,8.700131764809552,5,37.1565949505708,9.70187552201007,45.35416079336358,wknn_fingerprinting_smoothed_road_snapped,20,25.625563540850713,0,6,14
scan_330,2026-04-08 13:31:00,48.89030615942733,8.700637910453231,48.89037296324028,8.699978726213848,48.89036669677437,8.700120954976361,6,32.240228306060345,10.433511194644897,38.43306423977683,wknn_fingerprinting_smoothed_road_snapped,15,29.49669346485572,0,3,12
scan_331,2026-04-08 13:31:02,48.89030247289836,8.700613842829542,48.8903209016061,8.700023423898035,48.890316828400444,8.700115872593381,6,45.615998903932436,6.781789306450668,36.48305610948002,wknn_fingerprinting_smoothed_road_snapped,16,19.31282746218853,1,4,11
scan_332,2026-04-08 13:31:07,48.89029258046196,8.700549357813706,48.890293496769,8.700053133244872,48.89029084918436,8.700113224896748,4,77.56222640492916,4.408165454477144,31.922556031375013,wknn_fingerprinting_smoothed_road_snapped,8,22.205162541033765,0,4,4
scan_333,2026-04-08 13:31:22,48.89018027481718,8.700555747127572,48.89033951786875,8.700198490954966,48.8903430402582,8.70011854399991,6,21.797581232235274,5.864692857834596,36.77396014049841,wknn_fingerprinting_smoothed_road_snapped,24,30.674559459827506,1,3,20
scan_334,2026-04-08 13:31:29,48.89022050600667,8.700414597594438,48.89030652841018,8.699758993491288,48.89017404677222,8.699732646149345,5,74.38567352312518,14.873404455949325,50.18152023200509,wknn_fingerprinting_smoothed_road_snapped,16,51.36339401333488,0,2,14
scan_336,2026-04-08 13:31:36,48.89023772324016,8.700313484372133,48.89026308268298,8.699715775867524,48.89017696961747,8.699698650105015,4,45.53151068474471,9.667713037295625,45.507110157452395,wknn_fingerprinting_smoothed_road_snapped,18,30.937865201562712,2,4,12
scan_337,2026-04-08 13:31:44,48.89023206114601,8.700215258427583,48.89013412640596,8.699057658622085,48.8902304328328,8.699076811559545,4,31.821753742227294,10.812098098195818,83.32689456031562,wknn_fingerprinting_smoothed_road_snapped,19,37.42464748603541,1,2,16
scan_338,2026-04-08 13:31:46,48.89023162753919,8.700185001190595,48.89024402405814,8.699432716749351,48.89020057640417,8.699424076085942,5,59.38057420618749,4.877766796148853,55.80179138171981,wknn_fingerprinting_smoothed_road_snapped,15,33.41467453484282,0,1,14
scan_341,2026-04-08 13:31:51,48.89023400388773,8.700098817989339,48.89048637900173,8.699576691589693,48.89019248037164,8.69951824223481,3,63.84355879804947,32.99531296366961,42.74492693873413,wknn_fingerprinting_smoothed_road_snapped,5,48.28235855137787,0,0,5
scan_343,2026-04-08 13:31:58,48.89021785939824,8.70002508482213,48.890366142981335,8.699265523505654,48.890216762317564,8.699235815339168,3,7.483314773547883,16.77061855224422,57.7693934325209,wknn_fingerprinting_smoothed_road_snapped,7,35.880959802569,0,0,7
scan_347,2026-04-08 13:32:12,48.89021845213454,8.699826343305661,48.89031074820483,8.699291316476867,48.890213650772175,8.699272006182674,5,32.64987569377853,10.900902262082926,40.57730164151201,wknn_fingerprinting_smoothed_road_snapped,10,19.92452829555605,0,1,9
scan_350,2026-04-08 13:32:19,48.89025286581159,8.69973751619241,48.89028364324385,8.699204545576485,48.890220529912234,8.69919199388972,4,19.104862306249697,7.085586535195302,40.09049609886746,wknn_fingerprinting_smoothed_road_snapped,9,33.36355169879227,0,2,7
scan_351,2026-04-08 13:32:27,48.89028298989228,8.699647320746806,48.89023436473871,8.699023628597068,48.890235453831096,8.699023909949183,4,31.388692231439016,0.12297426955318451,45.93527393810185,wknn_fingerprinting_smoothed_road_snapped,7,30.6475622921797,0,1,6
scan_357,2026-04-08 13:32:46,48.89026458007936,8.69939954335959,48.890234272080164,8.699524328588094,48.89019266845095,8.699516054656657,4,147.7057886475679,4.670742441700615,11.69646783447046,wknn_fingerprinting_smoothed_road_snapped,4,56.16556858531636,0,0,4
scan_359,2026-04-08 13:32:51,48.89023923406083,8.699312221866068,48.89023453297547,8.699849797861162,48.8901645454431,8.699834404154606,4,121.90365047856443,7.872061944654017,39.114132989487764,wknn_fingerprinting_smoothed_road_snapped,4,51.76461031605998,0,0,4
scan_360,2026-04-08 13:32:59,48.890230856583294,8.699215623287142,48.89021280803166,8.699449268710804,48.89019865248075,8.69944645352313,3,100.48579851054282,1.5892106974932707,17.271385013266908,wknn_fingerprinting_smoothed_road_snapped,5,29.55049799393268,0,0,5
scan_364,2026-04-08 13:33:14,48.89022876719995,8.699035909230808,48.890214959020554,8.699365639070631,48.890205757912454,8.699363809198589,3,29.533844663746265,1.0329869536867253,24.136380959610477,wknn_fingerprinting_smoothed_road_snapped,6,22.940189579827116,0,2,4
scan_366,2026-04-08 13:33:29,48.89023063670346,8.698894255087897,48.89008606388032,8.699096570467553,48.89022633560806,8.699124466984905,3,32.92415526630866,15.74798005391508,16.85677303897608,wknn_fingerprinting_smoothed_road_snapped,6,32.96050209146142,0,2,4
scan_368,2026-04-08 13:33:38,48.89023077501373,8.698840164672346,48.89003980567992,8.69891569743314,48.89010408490633,8.69866454811939,3,55.19113147563703,19.726103599765082,19.082003587793107,wknn_fingerprinting_smoothed_road_snapped,5,44.49858528834688,0,0,5
scan_379,2026-04-08 13:34:44,48.89086206342628,8.698874101271729,48.89039618133411,8.698952101689112,48.89038761469744,8.69894964301198,3,20.683153452559083,0.9704691412209165,53.10425375996535,wknn_fingerprinting_smoothed_road_snapped,8,20.714926040071383,0,4,4
scan_380,2026-04-08 13:34:47,48.89088819257826,8.698888313746627,48.890756476298606,8.699424932488272,48.89096250713302,8.699456994835439,3,53.88314556907948,23.055097286729566,42.437253595898504,wknn_fingerprinting_smoothed_road_snapped,9,16.768690539813736,0,7,2
scan_382,2026-04-08 13:34:58,48.890952869655166,8.698952833057202,48.89079561798266,8.699215522168588,48.890808331508296,8.69909227271204,3,34.53500639447844,9.131278340211713,19.05382176818655,wknn_fingerprinting_smoothed_road_snapped,11,9.282794399384583,0,4,7
scan_383,2026-04-08 13:35:02,48.89096391873114,8.698965466434121,48.89086543274496,8.699162536232183,48.8908855,8.6991189,3,20.273134932713294,3.897545870790489,14.223981125906075,wknn_fingerprinting_smoothed_road_snapped,7,18.241539500759067,0,4,3
scan_384,2026-04-08 13:35:05,48.89100289997757,8.699065408047332,48.890905628837885,8.699104598107802,48.89090486188917,8.699112030840942,3,31.829500263314586,0.5506776661814955,11.434653609729384,wknn_fingerprinting_smoothed_road_snapped,9,18.241539500759067,0,3,6
scan_385,2026-04-08 13:35:09,48.89104697295447,8.699202091179412,48.89093693980086,8.699090435592673,48.89093399398842,8.699118984368528,3,43.385865593915874,2.115125512517018,13.970553929863936,wknn_fingerprinting_smoothed_road_snapped,6,5.781103565334229,0,2,4
scan_393,2026-04-08 13:35:46,48.89104187192714,8.699682197096053,48.89093582823977,8.699368270626925,48.8909681377241,8.699373298614043,3,52.491269115285576,3.6154699730627233,24.052791841982856,wknn_fingerprinting_smoothed_road_snapped,5,15.67141105921369,1,1,3
scan_394,2026-04-08 13:35:54,48.89099730806727,8.699694297151993,48.890934833293535,8.699578036427635,48.8909541618108,8.699581044322576,3,41.85448956336699,2.1628842190076885,9.580209872435482,wknn_fingerprinting_smoothed_road_snapped,12,17.46025086716795,2,8,2
scan_395,2026-04-08 13:36:01,48.89092353478779,8.699842060969708,48.890934195713,8.699713330683291,48.89094514770177,8.699715035026719,4,55.069403467166154,1.2255406536587166,9.603581128723565,wknn_fingerprinting_smoothed_road_snapped,12,20.63108487495168,0,6,6
scan_396,2026-04-08 13:36:03,48.8909048969577,8.699879757715928,48.89109559063765,8.699751527045489,48.89094427686572,8.699727979615623,3,89.26886977072557,16.93219202308141,11.942661523574087,wknn_fingerprinting_smoothed_road_snapped,10,15.383110116054528,4,3,3
scan_397,2026-04-08 13:36:08,48.89089744188424,8.699964795287153,48.89104360799041,8.699728760205794,48.89094525403795,8.69971345438688,3,14.189197769195175,11.005924933443623,19.15070955755384,wknn_fingerprinting_smoothed_road_snapped,5,5.4549911080094216,1,2,2
scan_423,2026-04-08 13:38:39,48.89071872427638,8.700315641325643,48.891005162562976,8.699783181625454,48.89094123249354,8.699773232848209,3,167.52412761549704,7.153851263611241,46.79365966332544,wknn_fingerprinting_smoothed_road_snapped,4,8.547958937920917,3,0,1
scan_437,2026-04-08 13:40:19,48.89072532164,8.700992500773795,48.89106181896882,8.700553614814137,48.8908564,8.7006985,4,53.08998636777078,25.20644802484542,25.999414592071602,wknn_fingerprinting_smoothed_road_snapped,10,19.60969325102751,1,6,3
scan_439,2026-04-08 13:40:33,48.89077850803361,8.701165731989507,48.89107495221919,8.700911029240924,48.8912496,8.7009372,3,38.88444419044716,19.535924506025736,55.0449433322608,wknn_fingerprinting_smoothed_road_snapped,6,21.1784149282026,0,2,4
scan_443,2026-04-08 13:40:51,48.89080855339977,8.70139924225622,48.89101211882267,8.701287097472017,48.89101225506241,8.701295700477058,4,47.953701542579395,0.629855231775146,23.908940677028507,wknn_fingerprinting_smoothed_road_snapped,14,17.53279116502285,1,4,9
scan_448,2026-04-08 13:41:13,48.890870963886776,8.70173019547695,48.8909914152122,8.701573348899242,48.89099667135618,8.70157318164278,4,63.59787868464551,0.5852419970845534,18.107904804741935,wknn_fingerprinting_smoothed_road_snapped,7,18.896388132641285,0,4,3
scan_452,2026-04-08 13:41:49,48.89101102918068,8.70190734273542,48.890924181780775,8.701316669946431,48.89092376749043,8.701300355517445,3,30.95157508108432,1.194980850457514,45.47630224613111,wknn_fingerprinting_smoothed_road_snapped,3,19.020051678204187,0,3,0
scan_455,2026-04-08 13:42:16,48.89106726132341,8.701577003183003,48.890870806718794,8.701263834671442,48.89087181163621,8.70130340750333,3,38.88444419044716,2.8985891446478926,29.570073385645397,wknn_fingerprinting_smoothed_road_snapped,5,23.107739181282994,0,0,5
scan_464,2026-04-08 13:43:58,48.89081754529873,8.701501550988738,48.89083645250294,8.701311595258286,48.890836297558316,8.701305493667943,3,70.58092282385282,0.44692317519355274,14.50095763845199,wknn_fingerprinting_smoothed_road_snapped,3,0.4688443627714623,0,1,2
scan_478,2026-04-08 13:48:05,48.890819764374186,8.700840793174793,48.89089413947288,8.70152021554026,48.890973884103765,8.70151454318528,3,30.95157508108432,8.886875537019563,52.21266273529708,wknn_fingerprinting_smoothed_road_snapped,5,19.020051678204187,0,3,2
scan_494,2026-04-08 13:50:47,48.89077554485152,8.70017791729257,48.89069020898099,8.701236464313507,48.89069259923829,8.701314864429849,3,37.59432581299116,5.744477420449043,83.7267223917285,wknn_fingerprinting_smoothed_road_snapped,7,32.26353677030962,1,0,6
scan_496,2026-04-08 13:51:05,48.890683023051416,8.700181755974606,48.89055662739894,8.701051904881234,48.89056591739348,8.700918470591459,3,99.65774764997785,9.821035071952066,55.47553592980201,wknn_fingerprinting_smoothed_road_snapped,4,38.93927494391225,0,0,4
scan_500,2026-04-08 13:51:27,48.89121090885359,8.700737457261402,48.89045322062564,8.700929985330909,48.89045526303034,8.700900649851329,6,15.9525455553209,2.1591554010420575,84.96227929992838,wknn_fingerprinting_smoothed_road_snapped,16,34.874410714524466,0,0,16
scan_502,2026-04-08 13:52:06,48.89020756471847,8.700066676552114,48.89042148694104,8.700813802584943,48.89041588199215,8.70089430758675,5,48.03696235049983,5.925347799600257,64.8641188248614,wknn_fingerprinting_smoothed_road_snapped,5,38.40349014082709,0,0,5
scan_503,2026-04-08 13:52:12,48.89023199438218,8.70008830585444,48.89038873319558,8.700777974069887,48.890355237212546,8.70077601193249,8,29.065073389142476,3.731537493044144,52.171667221055834,wknn_fingerprinting_smoothed_road_snapped,11,35.880959802569,0,0,11
scan_504,2026-04-08 13:52:20,48.89021042371543,8.700100490105678,48.890718966655896,8.700770106001803,48.890754769222916,8.70077093070335,4,19.710403344427025,3.9859988337540506,77.97423553558102,wknn_fingerprinting_smoothed_road_snapped,4,39.0677593768703,0,0,4
scan_506,2026-04-08 13:52:30,48.89015158305616,8.700064627075314,48.89051732495654,8.700041242873525,48.89051315527829,8.700135881434738,3,33.50124375800596,6.942404783247328,40.58669828074908,wknn_fingerprinting_smoothed_road_snapped,6,37.208731251810846,0,1,5
scan_509,2026-04-08 13:52:56,48.890110463785305,8.699708722078695,48.890394501411635,8.69996202097727,48.89038740593989,8.700123065570754,3,23.629078131263043,11.813783770082999,43.24559504236266,wknn_fingerprinting_smoothed_road_snapped,5,35.47428119272116,0,1,4
scan_514,2026-04-08 13:53:18,48.89008063227524,8.69940558419197,48.89031466610744,8.69991052674471,48.890305668864805,8.700114735258643,3,46.99290726623895,14.980192888043522,57.63430936209319,wknn_fingerprinting_smoothed_road_snapped,5,28.73929575394681,0,1,4
scan_524,2026-04-08 13:54:14,48.890064150938834,8.698930434121836,48.89021304842233,8.699458630213744,48.89019786518765,8.69945561064527,3,34.7864831557247,1.7045863577817904,41.22091015772074,wknn_fingerprinting_smoothed_road_snapped,5,7.048744946639012,0,4,1
scan_526,2026-04-08 13:54:23,48.89002586722074,8.698849190701473,48.890158497177964,8.69917136395588,48.890221230939794,8.699183840134747,3,63.814750655693345,7.042973219661576,32.75571088054831,wknn_fingerprinting_smoothed_road_snapped,6,9.572072907243664,1,2,3
scan_528,2026-04-08 13:54:32,48.88999343339338,8.698771175442905,48.89012231819064,8.698984235657264,48.89023658788275,8.69901375562462,3,30.178050828020684,12.90269989492993,32.37168738450536,wknn_fingerprinting_smoothed_road_snapped,10,10.418930232613839,1,5,4
scan_531,2026-04-08 13:54:48,48.89007059815828,8.698668530159678,48.8898676211663,8.698640548572715,48.88984267239388,8.698634369841182,3,57.0701322935211,2.813877431556826,25.495593380649776,wknn_fingerprinting_smoothed_road_snapped,8,14.140267642566936,0,4,4
scan_533,2026-04-08 13:55:03,48.89010247472679,8.69859077010646,48.88970206810048,8.698417151967758,48.8897054514184,8.69840752337228,3,83.26063495634256,0.7990821426056468,46.1869773419665,wknn_fingerprinting_smoothed_road_snapped,7,14.31212388137376,0,3,4
scan_537,2026-04-08 13:55:27,48.88996400390268,8.69840838573441,48.88968777338161,8.69810935793066,48.88963183868732,8.698089639845348,3,39.58660157621672,6.391724040897253,43.72149564944015,wknn_fingerprinting_smoothed_road_snapped,7,16.875110219301547,0,6,1
scan_538,2026-04-08 13:55:37,48.889881018847966,8.698359820374808,48.88954651131567,8.698209673503165,48.889583943618966,8.698201009667061,6,32.240542424765245,4.214940931080455,35.053799212369555,wknn_fingerprinting_smoothed_road_snapped,14,17.694450185901232,2,5,7
scan_541,2026-04-08 13:56:04,48.88969726226518,8.698186923425363,48.889551673353196,8.698181728776756,48.88956116934397,8.698146910100167,3,43.91658760271188,2.7590663129216555,15.430356180200514,wknn_fingerprinting_smoothed_road_snapped,5,8.272215297750993,1,2,2
scan_543,2026-04-08 13:56:22,48.889525429659685,8.698088812008793,48.88955399267958,8.698168908704892,48.88956016507342,8.698146276565009,3,12.384093299685372,1.7933930321802132,5.713391389785222,wknn_fingerprinting_smoothed_road_snapped,5,5.183720592542132,0,1,4
scan_573,2026-04-08 14:01:10,48.887995155211264,8.697680641351576,48.888539738379926,8.697973497145123,48.88853986544226,8.69797503590615,5,25.314027731674784,0.11351551755082548,64.35222269361401,wknn_fingerprinting_smoothed_road_snapped,5,56.3658001353645,0,0,5
scan_579,2026-04-08 14:02:15,48.88699034808451,8.696937076459037,48.88777877749271,8.698044335028454,48.88791148680162,8.697693591031346,5,12.657013865837392,29.62042555013102,116.53808195467282,wknn_fingerprinting_smoothed_road_snapped,5,56.3658001353645,0,0,5
scan_580,2026-04-08 14:02:37,48.88645621436865,8.697962885748854,48.887520502624305,8.697620265074084,48.88759481823471,8.697421619623281,5,12.657013865837392,16.729016002959465,132.79741896069584,wknn_fingerprinting_smoothed_road_snapped,6,52.47876242688207,0,0,6
scan_601,2026-04-08 14:04:43,48.88668744655333,8.707133914455683,48.8872476767058,8.701521902298154,48.88719541190269,8.701573074295593,20,0.0,6.919577378093472,410.9541293112386,wknn_fingerprinting_smoothed_road_snapped,20,48.45652950590193,0,0,20
scan_602,2026-04-08 14:04:52,48.886488445529984,8.708173429249271,48.88707383985877,8.704040361493801,48.887131905130715,8.704012389703573,20,0.0,6.780354769490419,312.8924619325046,wknn_fingerprinting_smoothed_road_snapped,20,48.45652950590193,0,0,20
scan_603,2026-04-08 14:05:01,48.88635802928222,8.709223306460068,48.887041170908205,8.70546518997097,48.8872155,8.705838,20,0.0,33.485689736120044,265.5498614309363,wknn_fingerprinting_smoothed_road_snapped,20,48.45652950590193,0,0,20
scan_613,2026-04-08 14:06:43,48.87978138574744,8.715180063837892,48.88435896853068,8.709251821576526,48.88435896853068,8.709251821576526,3,0.0,,669.3450637927233,wknn_fingerprinting_smoothed_road_snapped,3,23.8915475143704,0,0,3
scan_614,2026-04-08 14:07:05,48.87937773554384,8.71628413741541,48.882756814556544,8.711326706368004,48.882756814556544,8.711326706368004,3,0.0,,522.6983057618547,wknn_fingerprinting_smoothed_road_snapped,3,23.8915475143704,0,0,3
