scan_id,timestamp,actual_latitude,actual_longitude,raw_estimated_latitude,raw_estimated_longitude,estimated_latitude,estimated_longitude,matched_access_points,residual_rmse,snap_distance_m,error_m,method
scan_01,2026-04-08 11:32:48,48.87859698231721,8.715912761038608,48.87857468932462,8.715884222781341,48.87857468932462,8.715884222781341,4,0.7427577504572096,,3.2440364275641302,precomputed_wifi_multilateration
scan_04,2026-04-08 11:33:11,48.878608119717214,8.715648679771151,48.87861666485961,8.715649833996656,48.87861666485961,8.715649833996656,5,1.8641569927116743,,0.9549910916763221,precomputed_wifi_multilateration
scan_05,2026-04-08 11:33:34,48.87875390342473,8.715488070086685,48.87872242989423,8.715537595039015,48.87872242989423,8.715537595039015,5,0.5254626385789317,,5.0419585704005705,precomputed_wifi_multilateration
scan_16,2026-04-08 12:04:01,48.88971471078834,8.695300961700791,48.88987866895415,8.69758287592063,48.88991185464039,8.697598299961633,12,18.86246620736564,3.862881780965168,169.57761856454,precomputed_wifi_multilateration
scan_17,2026-04-08 12:04:29,48.889687597532,8.695607415257273,48.88965091651948,8.696147470226729,48.889737173806246,8.696145554817708,4,9.981489878372129,9.603184582785047,39.773394662298905,precomputed_wifi_multilateration
scan_20,2026-04-08 12:06:02,48.88980351745669,8.69637696252907,48.88972309472445,8.696931065905009,48.88968700710272,8.696939914176674,6,10.698974073097604,4.06914358847784,43.197711214268836,precomputed_wifi_multilateration
scan_22,2026-04-08 12:06:30,48.88977385104084,8.696722641796185,48.88982331097485,8.697366928124257,48.889946811086155,8.697424328455263,8,7.871179804736593,14.37566610755493,54.849656646077065,precomputed_wifi_multilateration
scan_23,2026-04-08 12:06:36,48.88977163334506,8.69677642017949,48.889623040713886,8.697194454292278,48.889640011028334,8.69720358783269,6,29.61655890000841,2.0039347632490734,34.529061407635126,precomputed_wifi_multilateration
scan_25,2026-04-08 12:07:41,48.88969432278769,8.697389132041538,48.88961314898875,8.697119136659492,48.889619413018075,8.697122840400993,3,0.8257121738357873,0.7481542576739557,21.199914146414795,precomputed_wifi_multilateration
scan_26,2026-04-08 12:08:02,48.88965693991006,8.697558467242297,48.88974415200318,8.697827167646993,48.8896579,8.6978247,13,15.957070692269072,9.60327165420407,19.4869746704021,precomputed_wifi_multilateration
scan_27,2026-04-08 12:08:31,48.8896420292112,8.697542990379423,48.88968787517238,8.69781416224131,48.8896579,8.6978247,8,4.182687931479899,3.4248185804834432,20.695054637487946,precomputed_wifi_multilateration
scan_28,2026-04-08 12:08:37,48.88963856486564,8.697543677588072,48.88957321980477,8.697858407911843,48.88961039135988,8.69785525526951,4,11.129115248944222,4.144366649328172,23.020316114612832,precomputed_wifi_multilateration
scan_30,2026-04-08 12:09:15,48.889626166731695,8.697726274795905,48.88961224014092,8.697378310708839,48.889600790554994,8.697372148463524,5,5.346122162337724,1.352021114125949,26.073472781306172,precomputed_wifi_multilateration
scan_32,2026-04-08 12:10:02,48.88954060878895,8.698120571025353,48.88950003419333,8.698099301110638,48.88956180852992,8.698127001910292,17,7.048916155517088,7.169393052969928,2.4064394652317795,precomputed_wifi_multilateration
scan_33,2026-04-08 12:10:31,48.889464695381,8.69804371053606,48.88966025945055,8.698059695931475,48.88963761856481,8.698051714574676,8,4.394810701586936,2.5872009648926624,19.2587216912043,precomputed_wifi_multilateration
scan_35,2026-04-08 12:10:43,48.88947905308782,8.698035809343907,48.8894570861094,8.698018897721044,48.88939912322461,8.697984625995268,3,1.226272609288015,6.922889841120367,9.65431183121629,precomputed_wifi_multilateration
scan_42,2026-04-08 12:16:04,48.88955184381253,8.698102776308806,48.88968538471649,8.697828724301083,48.88965784099974,8.697826173849766,3,23.616925137612625,3.0718440700249348,23.433312397512715,precomputed_wifi_multilateration
scan_43,2026-04-08 12:16:21,48.88953460322554,8.698108848520139,48.88969876469806,8.698155156034064,48.889625775237896,8.698129425802913,4,3.257414488873448,8.340592390193432,10.260414639034595,precomputed_wifi_multilateration
scan_44,2026-04-08 12:16:33,48.88953049330193,8.698090217153071,48.88963944477684,8.697856800757906,48.889656551551035,8.697858384784071,4,23.81187618873012,1.9078522842233558,22.019544751486922,precomputed_wifi_multilateration
scan_52,2026-04-08 12:46:45,48.88963364652472,8.697984559283105,48.89003240628693,8.69804223343856,48.889883749159516,8.69802218678257,3,32.46184391110989,16.61343316473342,27.97731417687062,precomputed_wifi_multilateration
scan_54,2026-04-08 12:49:57,48.8895794416064,8.698185975801751,48.88989624777331,8.698571515914987,48.88990141058863,8.698550277400381,3,8.98291534232173,1.657366787506029,44.672478413638274,precomputed_wifi_multilateration
scan_55,2026-04-08 12:50:06,48.88951383645598,8.698225544548315,48.88971148324005,8.698428532092871,48.88971588540926,8.698416003943613,8,9.82747454045668,1.0397174364444592,26.461918733267638,precomputed_wifi_multilateration
scan_56,2026-04-08 12:50:15,48.88943356786268,8.698291887074879,48.88952845928085,8.69762571170266,48.889540307980326,8.697632088746484,3,35.67616617948157,1.3991504119059213,49.7338994055066,precomputed_wifi_multilateration
scan_57,2026-04-08 12:50:24,48.88934790508701,8.69826100407508,48.889341331313176,8.698251847841052,48.88932824185707,8.69824238879705,5,5.644954910056563,1.6132401082702092,2.5783405479750914,precomputed_wifi_multilateration
scan_59,2026-04-08 12:50:43,48.88925460139264,8.69843281683713,48.889690633640775,8.698423218880016,48.88969821536479,8.698401642030266,8,6.173979342628648,1.790674353517399,49.43579726926681,precomputed_wifi_multilateration
scan_64,2026-04-08 12:51:27,48.88942810497916,8.698315766014318,48.88985474091563,8.698848242866642,48.889811347684756,8.698832270947936,5,3.833612065584513,4.969983179441367,57.002959527240286,precomputed_wifi_multilateration
scan_65,2026-04-08 12:51:36,48.88949854887613,8.698380980716754,48.88984920007002,8.698534816965735,48.8898532244507,8.698535813630473,4,14.24115847214824,0.45389463718625916,41.07677255253073,precomputed_wifi_multilateration
scan_66,2026-04-08 12:51:45,48.88957810539205,8.698447835305924,48.889819167909074,8.69858329868666,48.88984739201581,8.698590288572284,6,12.602538755949425,3.1832899949142153,31.738574792633415,precomputed_wifi_multilateration
scan_67,2026-04-08 12:51:54,48.889655522532514,8.698506450531182,48.89004342773556,8.698815872235285,48.890083149304814,8.698652467439368,10,15.00977955172491,12.751405711872762,48.7884138175813,precomputed_wifi_multilateration
scan_68,2026-04-08 12:52:03,48.88973707600844,8.69855250806581,48.88989214919658,8.698913866840003,48.88980355280225,8.698881256797257,5,17.08985979759319,10.147264322359128,25.174674964624835,precomputed_wifi_multilateration
scan_69,2026-04-08 12:52:12,48.88980222408848,8.698585860055974,48.88995661907343,8.698791703096063,48.89000161065138,8.698606618990846,14,13.338367390223931,14.44318960483131,22.24765833874509,precomputed_wifi_multilateration
scan_70,2026-04-08 12:52:18,48.88983565543575,8.698616818788484,48.89015479140073,8.699050962773281,48.890231346237215,8.699066187618056,10,19.53539989908717,8.59463306010925,54.97339505792889,precomputed_wifi_multilateration
scan_71,2026-04-08 12:52:28,48.88986302131982,8.69861068053691,48.88985444183628,8.698744713493957,48.889827716356464,8.698734360306364,4,5.615037167416226,3.0700731051947185,9.868921574498588,precomputed_wifi_multilateration
scan_72,2026-04-08 12:52:37,48.88991314866339,8.698615243428197,48.89011111554643,8.699152608111662,48.89022201985077,8.69917466419476,6,16.7981639610541,12.450967816189008,53.46786529598414,precomputed_wifi_multilateration
scan_73,2026-04-08 12:52:46,48.88998564571088,8.698668501907346,48.89016039897436,8.699143695959505,48.890223601705834,8.699156265405046,12,22.738842910536395,7.095623347173519,44.4551099057904,precomputed_wifi_multilateration
scan_74,2026-04-08 12:52:56,48.890060742240735,8.69868835225887,48.89018763656481,8.698817335710471,48.890210727957445,8.698728415000646,12,12.26080207430192,6.997642958129792,16.951952509876172,precomputed_wifi_multilateration
scan_75,2026-04-08 12:53:04,48.89012124026355,8.698770845401743,48.8902920058005,8.699587263165922,48.89018831911402,8.699566642436162,29,27.00909822203965,11.64066244211269,58.7238438754895,precomputed_wifi_multilateration
scan_76,2026-04-08 12:53:13,48.89012678023144,8.698836909294055,48.89018866572046,8.699339157638391,48.89020755438819,8.699342914124296,14,55.06637432667078,2.1205866930875197,38.11214678969131,precomputed_wifi_multilateration
scan_77,2026-04-08 12:53:22,48.890133097721495,8.698895899800554,48.8903782205401,8.699576430819489,48.890190684145686,8.699539134403851,7,10.534649432446392,21.054273369244136,47.514990611350534,precomputed_wifi_multilateration
scan_78,2026-04-08 12:53:31,48.89014008298814,8.698909968172023,48.89024855769022,8.699370727742918,48.890205892592924,8.699362242710155,12,40.73174709434301,4.78991098061907,33.904469394851986,precomputed_wifi_multilateration
scan_80,2026-04-08 12:53:49,48.89014079524099,8.69891439183786,48.8901717058552,8.69911819603819,48.89022594731218,8.699128983311565,15,42.67158479379532,6.089561939138125,18.34540739433071,precomputed_wifi_multilateration
scan_81,2026-04-08 12:53:58,48.8901420640057,8.6989117771395,48.89017991969261,8.698448003521184,48.890282833262965,8.698474491567215,3,9.602146991958756,11.619227439560433,35.63670176849524,precomputed_wifi_multilateration
scan_82,2026-04-08 12:54:07,48.89019273368481,8.698915444395558,48.89019519846705,8.698843920368958,48.89025668156152,8.698864726038398,3,11.727376544698355,7.011665183919348,8.02847137793105,precomputed_wifi_multilateration
scan_83,2026-04-08 12:54:16,48.8902915156664,8.698898967808262,48.89028835937541,8.698977272928055,48.890288739636794,8.698970201113832,5,8.446885182949687,0.5193369694680862,5.222945577888114,precomputed_wifi_multilateration
scan_84,2026-04-08 12:54:26,48.8904033326553,8.69891857812163,48.890400690104585,8.698775989214377,48.89040976682276,8.698779397252585,6,7.415903438937173,1.0407554024645989,10.212222672000768,precomputed_wifi_multilateration
scan_85,2026-04-08 12:54:35,48.89047157461348,8.69891169417736,48.89027578873015,8.698864026279804,48.89025768038405,8.69885789847067,4,3.853487392727847,2.0651149351746394,24.134070302149006,precomputed_wifi_multilateration
scan_86,2026-04-08 12:54:44,48.8905309236923,8.698909321493588,48.890232831494224,8.698512854010295,48.89027729145546,8.69852429718855,8,43.44608963132436,5.019652847879527,39.89171305461002,precomputed_wifi_multilateration
scan_87,2026-04-08 12:54:53,48.89062028276742,8.69892088655433,48.89054617649806,8.69885870124446,48.89054692602956,8.698853502874755,11,19.280966920588188,0.3895248054148911,9.539880585894705,precomputed_wifi_multilateration
scan_88,2026-04-08 12:55:02,48.89070448719596,8.698895740749146,48.89075321536427,8.699088985365176,48.89075420843051,8.69907935823189,6,14.046496197620494,0.7132535108471727,14.53459823237992,precomputed_wifi_multilateration
scan_89,2026-04-08 12:55:12,48.89072328794984,8.698922066841531,48.89045810480084,8.698724348986199,48.89046347048902,8.698685809981576,6,39.25079602059306,2.8833319988380026,33.69799640627695,precomputed_wifi_multilateration
scan_90,2026-04-08 12:55:21,48.89079797256797,8.698988937297218,48.89079271092365,8.699031056081369,48.89078692319308,8.699087164405693,7,11.982394665258566,4.156941300192387,7.293946146818337,precomputed_wifi_multilateration
scan_91,2026-04-08 12:55:30,48.8908821141815,8.699021630608312,48.89083591645418,8.698998733078273,48.89084262023337,8.698951891681352,6,3.5491454694877778,3.508715099098537,6.736718297800022,precomputed_wifi_multilateration
scan_92,2026-04-08 12:55:39,48.8909767608744,8.699016713232952,48.89068545936515,8.698889243255776,48.89068401978614,8.69889922746296,4,29.356385761670893,0.7481356492546744,33.70337175386858,precomputed_wifi_multilateration
scan_94,2026-04-08 12:55:48,48.89105861229604,8.699050924581883,48.89117803491143,8.699016949134577,48.89117396701077,8.69905227109052,14,6.3038955352809545,2.624642099111269,12.84166502652741,precomputed_wifi_multilateration
scan_95,2026-04-08 12:55:57,48.8911053882836,8.699076431933364,48.89103880355293,8.699216198071662,48.891045857512474,8.699149423701991,11,11.842905330638246,4.950038899366977,8.512231191330311,precomputed_wifi_multilateration
scan_97,2026-04-08 12:56:15,48.89109058717651,8.699128907757114,48.89110365204245,8.69948714802512,48.89096196198388,8.699465098233928,3,3.324121576468616,15.855286981783335,28.469273413285382,precomputed_wifi_multilateration
scan_99,2026-04-08 12:56:29,48.89107832360513,8.699137508740398,48.89119652982493,8.699178123122662,48.89119570593378,8.699185966262737,4,2.446740873981406,0.5813347721017461,13.539779832103894,precomputed_wifi_multilateration
scan_101,2026-04-08 12:56:45,48.8910881905604,8.699137230809166,48.89112173378877,8.699261534111105,48.89113136952641,8.69917031994765,6,4.975835786363509,6.761769775984768,5.382342711022992,precomputed_wifi_multilateration
scan_104,2026-04-08 12:57:11,48.89108520271169,8.699160291412342,48.89111805050016,8.699267789136112,48.89112842307175,8.699169599933729,3,5.908785611747435,7.278834825139669,4.859289995625483,precomputed_wifi_multilateration
scan_115,2026-04-08 12:59:04,48.8910466645644,8.699212735413969,48.891283193691166,8.699228667461808,48.891285390019284,8.699207759203382,5,0.6568274062633248,1.5497207286561374,26.57741340366019,precomputed_wifi_multilateration
scan_163,2026-04-08 13:10:26,48.891283212173526,8.699240196601913,48.89124623414434,8.6993941648814,48.89126630254164,8.699203121008491,6,6.183226903551847,14.160187852357781,3.3025951371165987,precomputed_wifi_multilateration
scan_164,2026-04-08 13:10:31,48.8913253402243,8.699258542131224,48.89123030247909,8.699520729575719,48.891430099999994,8.6994328,9,14.229928574855002,23.15385809054812,17.282053267979734,precomputed_wifi_multilateration
scan_165,2026-04-08 13:10:39,48.89138361566166,8.699288077690733,48.891256674605046,8.699517101570683,48.891430099999994,8.6994328,17,4.798411059734762,20.26775296738977,11.788854846457346,precomputed_wifi_multilateration
scan_166,2026-04-08 13:10:45,48.89139446200252,8.699303737349608,48.89139097220534,8.699470487917072,48.891430099999994,8.6994328,4,5.308984075260471,5.15569242762122,10.245559782132256,precomputed_wifi_multilateration
scan_167,2026-04-08 13:10:53,48.89143249963149,8.699299015231373,48.89114667343042,8.699718852140867,48.89094698152318,8.699687776090594,8,29.43788321288488,22.345763137127395,61.080305116042446,precomputed_wifi_multilateration
scan_169,2026-04-08 13:11:00,48.89147471214108,8.699311938799372,48.89147262711838,8.699430256749217,48.8914589,8.6994465,5,2.8340494074491245,1.9361056130659462,10.0047946618074,precomputed_wifi_multilateration
scan_170,2026-04-08 13:11:04,48.891480680240704,8.699326167594434,48.89139245043575,8.699294583409792,48.89140023223264,8.69922154318734,5,4.926684087526637,5.415663340218035,11.783020045494315,precomputed_wifi_multilateration
scan_171,2026-04-08 13:11:07,48.89149956626963,8.699332101675385,48.891334223213406,8.699476983689554,48.891430099999994,8.6994328,5,0.9757821189889254,11.152174105416293,10.68268453243043,precomputed_wifi_multilateration
scan_172,2026-04-08 13:11:14,48.89151701361737,8.699344721348918,48.89132967223245,8.6993800468851,48.89143300513504,8.69940528666223,11,11.37570710104058,11.650412581189347,10.34924548851319,precomputed_wifi_multilateration
scan_173,2026-04-08 13:11:17,48.89152093218081,8.699348734905131,48.891330086559954,8.699654479334797,48.89140859999999,8.699712,4,3.846814851331164,9.701238565237695,29.381735632333534,precomputed_wifi_multilateration
scan_174,2026-04-08 13:11:21,48.8915324894261,8.699375120538956,48.89134647900028,8.699571261976796,48.89144232470515,8.699595866009233,15,13.703471459074898,10.820447530281017,19.020572093800503,precomputed_wifi_multilateration
scan_175,2026-04-08 13:11:24,48.89153370851013,8.699386822865728,48.89150542456152,8.699936206206646,48.89147251947279,8.699924468931036,7,18.23141779956336,3.7623831169746786,39.936252551477295,precomputed_wifi_multilateration
scan_176,2026-04-08 13:11:29,48.89154449275559,8.699355841367689,48.89142562877122,8.699549076731532,48.89144691070387,8.699554539907107,5,18.014678912256105,2.402611911407991,18.152153236240903,precomputed_wifi_multilateration
scan_178,2026-04-08 13:11:38,48.89155149744726,8.69937254615229,48.89155710783092,8.699791423417354,48.89159716518597,8.699806126242576,6,1.9197149913969689,4.587195541316497,32.13894457296163,precomputed_wifi_multilateration
scan_184,2026-04-08 13:12:12,48.8915363107522,8.69937666182448,48.89141697523944,8.699591358376148,48.89144210894312,8.699597810319327,4,3.9531543226551737,2.83745545760127,19.286256508693658,precomputed_wifi_multilateration
scan_185,2026-04-08 13:12:19,48.89152512554714,8.699402837361259,48.89163857714259,8.6995002473608,48.89163892030837,8.699500280645424,7,2.2746308193257767,0.03827881392224569,14.537349163490305,precomputed_wifi_multilateration
scan_186,2026-04-08 13:12:21,48.891518330320295,8.69942039052243,48.89148706443924,8.699890313556294,48.89147826988697,8.699887176532123,7,10.110268782859682,1.0055731948981939,34.454557411450395,precomputed_wifi_multilateration
scan_187,2026-04-08 13:12:24,48.89151631850272,8.699460946860098,48.89153064494775,8.699537092185098,48.891532168406854,8.699537635604555,9,4.831807406789055,0.17419301957267339,5.883745132993455,precomputed_wifi_multilateration
scan_188,2026-04-08 13:12:32,48.8915194292263,8.699522414650726,48.89156468154007,8.699609767251152,48.891523320798754,8.69959501382478,4,0.9939991193069856,4.729206260323276,5.33126732084549,precomputed_wifi_multilateration
scan_189,2026-04-08 13:12:39,48.89151386586865,8.699594719856842,48.89149656003552,8.699653239922208,48.89151341536329,8.699659252232518,12,3.518418217974478,1.9272460061027052,4.723483486112264,precomputed_wifi_multilateration
scan_191,2026-04-08 13:12:46,48.89152441948977,8.699673507828392,48.89150613138949,8.699934532021045,48.891472801020434,8.699922643047438,14,12.870736536277246,3.8110098659179084,19.118515831356223,precomputed_wifi_multilateration
scan_192,2026-04-08 13:12:53,48.89150392667564,8.699719504958185,48.89135995922422,8.699774560291653,48.89140062715285,8.69978485532736,17,8.397689270508412,4.589433531758356,12.454392821006067,precomputed_wifi_multilateration
scan_193,2026-04-08 13:13:01,48.89148954741423,8.69977082998219,48.891468555771226,8.69985575653092,48.89148235575474,8.69986067899539,8,11.66741747898104,1.5778965397914841,6.624732779151725,precomputed_wifi_multilateration
scan_195,2026-04-08 13:13:08,48.89147715150767,8.699837062542203,48.89143414065103,8.699795900700845,48.89140035439779,8.699787347744273,12,5.787374346896249,3.8128266348718123,9.291203774000582,precomputed_wifi_multilateration
scan_198,2026-04-08 13:13:30,48.891470314196965,8.69985252695975,48.89144317762676,8.69987211721742,48.89147864140588,8.699884767169758,6,4.279398801474009,4.054945051369706,2.535257206262329,precomputed_wifi_multilateration
scan_204,2026-04-08 13:13:59,48.89147881206424,8.699854499960344,48.891263968093966,8.700208437142411,48.89126438110491,8.700190678383313,3,3.737095584991199,1.3006084625174619,34.28154377616463,precomputed_wifi_multilateration
scan_206,2026-04-08 13:14:13,48.89148977629532,8.699897807157654,48.89133256197631,8.700078223516629,48.89136897061198,8.700086615424304,18,20.53814609251861,4.0992863183795025,19.282638030251,precomputed_wifi_multilateration
scan_207,2026-04-08 13:14:20,48.891476674633545,8.69997881131702,48.890982202623,8.700412496048546,48.89098770756753,8.700175793810743,9,29.808785218001283,17.335595697635252,56.30883585663807,precomputed_wifi_multilateration
scan_208,2026-04-08 13:14:22,48.89146811948938,8.700028584338206,48.89128556509415,8.700239655337901,48.89128667624333,8.700191877824391,19,26.225572023630217,3.4991077482925084,23.46940186428844,precomputed_wifi_multilateration
scan_209,2026-04-08 13:14:27,48.891445272587575,8.700109097982295,48.89053047089163,8.700155551942606,48.89053125627482,8.700137726215099,4,5.161737169903195,1.3076422742750702,101.76986879129402,precomputed_wifi_multilateration
scan_210,2026-04-08 13:14:35,48.89142797998591,8.700233635872056,48.89133011912537,8.700071018593032,48.89136961754884,8.700080122672494,7,27.80054358949915,4.447168756046588,12.97900564249634,precomputed_wifi_multilateration
scan_211,2026-04-08 13:14:37,48.891424772926754,8.700261850520835,48.89137855103457,8.700427924731997,48.8913458810682,8.70042563045444,16,15.620591542518492,3.6406952991289945,14.860126780944125,precomputed_wifi_multilateration
scan_212,2026-04-08 13:14:40,48.89141971207942,8.700303685338518,48.89089516988,8.699383694779197,48.89096668957956,8.699394824635966,6,3.402455197483946,8.003140016281082,83.47615187737452,precomputed_wifi_multilateration
scan_213,2026-04-08 13:14:42,48.89142135417092,8.700329014629084,48.89137518163599,8.700528598569974,48.89134282413866,8.700526326235938,12,11.55679160564761,3.6058741869882325,16.881356232045448,precomputed_wifi_multilateration
scan_214,2026-04-08 13:14:47,48.89141753022115,8.700396080006612,48.89142124448426,8.700462609482985,48.89141996096934,8.7004625045677,11,21.604052985190425,0.14308707858080633,4.869242763600789,precomputed_wifi_multilateration
scan_215,2026-04-08 13:14:50,48.89141248568684,8.700435963169118,48.89143801122561,8.700461306547536,48.89142005516579,8.700459838808062,11,16.0527113612516,2.00175322385449,1.9400449622273335,precomputed_wifi_multilateration
scan_216,2026-04-08 13:14:57,48.89138119775277,8.700532045851572,48.89139384996072,8.70058624442005,48.891416814669824,8.700586489393856,14,17.33503617130247,2.5564942944630626,5.621295139581325,precomputed_wifi_multilateration
scan_217,2026-04-08 13:15:00,48.8913818506864,8.700571626919512,48.89152563822628,8.701106580344888,48.89151266583006,8.701105156276755,4,8.002771603348293,1.4478437386414442,41.67679399951786,precomputed_wifi_multilateration
scan_218,2026-04-08 13:15:04,48.89138198831951,8.700605686891688,48.89143261778137,8.700578037526961,48.891416854420356,8.700577869372749,5,19.23947778850133,1.754820507827596,4.382896372232831,precomputed_wifi_multilateration
scan_219,2026-04-08 13:15:12,48.89137330486397,8.700691223354507,48.89141212353638,8.700803351919319,48.89141581444406,8.700803391291728,18,10.34214882423241,0.41088194888403434,9.475942410547185,precomputed_wifi_multilateration
scan_220,2026-04-08 13:15:19,48.89137079817101,8.700770036395655,48.89141019170767,8.700527803243327,48.891417632105096,8.700528411425806,9,18.95149728772752,0.8294603431423593,18.43740381466532,precomputed_wifi_multilateration
scan_223,2026-04-08 13:15:25,48.89139961888933,8.70076054366346,48.89138752253616,8.700722530814222,48.89141618591568,8.700722836578018,4,2.602600990318645,3.1908858886129186,3.3193304044102283,precomputed_wifi_multilateration
scan_224,2026-04-08 13:15:34,48.89139357215738,8.700813566697208,48.89143288995179,8.70076289294546,48.89141600202969,8.700762712795095,6,3.6227637769851815,1.8800097263640256,4.482002819752833,precomputed_wifi_multilateration
scan_226,2026-04-08 13:15:43,48.89138095671722,8.700902611481208,48.891388377378064,8.700768497558277,48.891415973996196,8.700768791942505,11,10.934223314674242,3.072131089662587,10.541679861930271,precomputed_wifi_multilateration
scan_227,2026-04-08 13:15:49,48.89136206807266,8.700964203098406,48.89126294357124,8.700722731824566,48.89133368682986,8.70073324674301,16,30.40001073423642,7.9126554377736795,17.196792812510406,precomputed_wifi_multilateration
scan_231,2026-04-08 13:16:39,48.89157586587517,8.70089202059816,48.89148101163727,8.700687304925465,48.891532802467864,8.70069205623334,6,9.73967356992667,5.775833708536523,15.400755345743896,precomputed_wifi_multilateration
scan_232,2026-04-08 13:16:41,48.89159341695891,8.700891512509841,48.891498521641545,8.700818237910955,48.89152755940813,8.700821042794802,4,1.1641598911019109,3.2389966639528107,8.96381709039468,precomputed_wifi_multilateration
scan_234,2026-04-08 13:21:11,48.891347357384085,8.700908772171562,48.89130100719637,8.701192474640758,48.89128123004819,8.7012295890623,10,5.346846726484952,3.49660032149919,24.607966131410755,precomputed_wifi_multilateration
scan_235,2026-04-08 13:21:19,48.89135907992793,8.701005949847762,48.89133536414607,8.700974909649677,48.8913233,8.7008949,4,7.76023130872205,6.008063413537438,9.05138625631598,precomputed_wifi_multilateration
scan_236,2026-04-08 13:21:26,48.89138071160203,8.701044575656445,48.89132408844275,8.70119547273176,48.89129612511919,8.701247949605015,12,3.941933082737661,4.9439158884609125,17.613503311423344,precomputed_wifi_multilateration
scan_237,2026-04-08 13:21:35,48.89139212296492,8.701098426919684,48.891393312338096,8.700905033765945,48.89141534464411,8.70090526879343,7,17.21766853799854,2.4526966295934405,14.371947731382004,precomputed_wifi_multilateration
scan_238,2026-04-08 13:21:46,48.89141289902663,8.701192330557548,48.89135873200768,8.70115010560184,48.891414212869535,8.70115069743828,10,7.966656814117724,6.176281447482414,3.050701891107317,precomputed_wifi_multilateration
scan_240,2026-04-08 13:21:55,48.89137592136886,8.701258079587715,48.89140861692815,8.701198547993245,48.891413991946116,8.70119860533074,13,5.667048948444287,0.5983617163895872,6.075323319284895,precomputed_wifi_multilateration
scan_241,2026-04-08 13:22:00,48.89136657671654,8.701255230703266,48.89137233819776,8.701178447605594,48.891414082848364,8.701178892912479,7,6.500504474691679,4.647128801391038,7.693165069645766,precomputed_wifi_multilateration
scan_242,2026-04-08 13:22:07,48.89136680002006,8.701257144481579,48.89141483251717,8.70114248470891,48.8914142507705,8.701142478503181,3,0.8121680903193375,0.06476163196573881,9.916522975910281,precomputed_wifi_multilateration
scan_243,2026-04-08 13:22:14,48.891372359143226,8.701261963704354,48.891386170839766,8.700920405249919,48.89141527341194,8.700920715698755,3,19.298360342068893,3.239778016549107,25.42926390764519,precomputed_wifi_multilateration
scan_244,2026-04-08 13:22:22,48.89139897596304,8.701249146228088,48.89129255081748,8.70096675537668,48.89127086256415,8.700915174693469,3,31.83564729054809,4.481268416557174,28.30013461830545,precomputed_wifi_multilateration
scan_247,2026-04-08 13:22:36,48.89140320611991,8.701280453663207,48.89120752884815,8.70053850023175,48.89134216752109,8.700547955331201,3,8.490426927986874,15.003945190601376,54.04159193480119,precomputed_wifi_multilateration
scan_249,2026-04-08 13:22:51,48.8914056731127,8.701297251027107,48.89139088097284,8.701061258347208,48.89141462414278,8.701061511625161,3,5.121484294332112,2.643154686271269,17.282890694748172,precomputed_wifi_multilateration
scan_252,2026-04-08 13:23:15,48.89141475364461,8.701293886877147,48.891403627936505,8.70115588985236,48.89141418840565,8.701156002505156,6,9.609780351049157,1.17562033939849,10.092171362563887,precomputed_wifi_multilateration
scan_253,2026-04-08 13:23:20,48.891412697118696,8.701342825404682,48.89133123002326,8.701488495427668,48.891322858146424,8.701488394033715,7,5.164569276321821,0.9319868767092062,14.612792255084301,precomputed_wifi_multilateration
scan_254,2026-04-08 13:23:26,48.89140559404409,8.701377169494942,48.89144612878225,8.701313408543237,48.89144607097601,8.701283455040285,5,4.224271582528249,2.1923523114704726,8.206732503322497,precomputed_wifi_multilateration
scan_256,2026-04-08 13:23:33,48.89138886550364,8.701456315466855,48.891391860446994,8.701344805985997,48.89141358867013,8.701344815288786,19,6.685647815930444,2.4187858956624058,8.612458973550554,precomputed_wifi_multilateration
scan_257,2026-04-08 13:23:40,48.89137660440869,8.701443657386907,48.89135982321255,8.70136751444402,48.89132382576976,8.7013667868965,5,4.437329480781162,4.007589126195898,8.134762188104308,precomputed_wifi_multilateration
scan_259,2026-04-08 13:23:48,48.89144644468569,8.701387483343451,48.89142922534728,8.701488678020748,48.89141356204492,8.701488671314607,3,0.7932744932682178,1.743638888198014,8.261330895462883,precomputed_wifi_multilateration
scan_260,2026-04-08 13:23:55,48.89145031654221,8.701404217471746,48.89136149769584,8.701337322493067,48.891324089808705,8.701336566438915,5,10.786804428935756,4.164613653335418,14.898440087628328,precomputed_wifi_multilateration
scan_261,2026-04-08 13:24:00,48.89145577111527,8.701467916851918,48.89145334352538,8.701413601330502,48.891413575942195,8.701413584304268,5,5.453597622852844,4.426927535221915,6.154459595386561,precomputed_wifi_multilateration
scan_262,2026-04-08 13:24:10,48.8914421089298,8.701639795046729,48.89140418957357,8.701473613297294,48.89141356483115,8.701473617311246,15,10.6106388490906,1.0436537147657525,12.57101848675754,precomputed_wifi_multilateration
scan_263,2026-04-08 13:24:18,48.89148266781629,8.701681243019001,48.89151728359209,8.70129800164707,48.89151722749367,8.701283078021794,7,29.30862440608037,1.0922993427540049,29.395129874605384,precomputed_wifi_multilateration
scan_265,2026-04-08 13:24:27,48.89151362203793,8.701734260182338,48.89146304744962,8.701656895226185,48.891501535915275,8.701657655020059,4,2.743569802798906,4.284896875187311,5.766008151341197,precomputed_wifi_multilateration
scan_266,2026-04-08 13:24:35,48.89153123002783,8.701798537235137,48.891458254662815,8.701279528493082,48.89145826213549,8.701283400615466,9,27.468021891178225,0.28340773413059395,38.56863081960486,precomputed_wifi_multilateration
scan_267,2026-04-08 13:24:44,48.89157249920287,8.701872821064171,48.89155837579167,8.701480793158806,48.89150168793966,8.70148204903304,5,13.059722087965197,6.311161101247398,29.667522652420526,precomputed_wifi_multilateration
scan_269,2026-04-08 13:24:49,48.89156850121348,8.701929510829396,48.89143612474486,8.701457052690275,48.89141356789875,8.70145704303271,7,15.44401635437404,2.511028207869757,38.64298312374771,precomputed_wifi_multilateration
scan_270,2026-04-08 13:24:55,48.89156910484079,8.701970461659114,48.891343515722525,8.701713675674842,48.89132373996288,8.701713947076678,9,14.892326183174186,2.2015271836498527,33.14427658812375,precomputed_wifi_multilateration
scan_273,2026-04-08 13:25:07,48.89153653105811,8.702040856467244,48.89118677645879,8.701407585265848,48.8911553,8.7014731,5,31.92696217437512,5.938954781772893,59.39568470325754,precomputed_wifi_multilateration
scan_279,2026-04-08 13:25:39,48.89134999677602,8.702061094563275,48.8910972910954,8.701508814740091,48.891097382429635,8.701508808464537,5,18.02432568563359,0.010177697051271065,49.242162858693014,precomputed_wifi_multilateration
scan_280,2026-04-08 13:25:44,48.89131486433503,8.70205226059355,48.89127992372926,8.701863683432352,48.89132462467345,8.701863069958671,7,12.446226809789165,4.976311683579421,13.889750943611082,precomputed_wifi_multilateration
scan_281,2026-04-08 13:25:52,48.89126434204779,8.701993158615933,48.891178620880325,8.701770579071047,48.89116513892451,8.701771607006531,10,7.912981852666032,1.5026959659709809,19.619001215025797,precomputed_wifi_multilateration
scan_282,2026-04-08 13:25:59,48.89121728876826,8.701971863082631,48.89107646784688,8.701657485623805,48.891069650961256,8.701647261204037,8,16.35498472628309,1.0657788176689822,28.88881292607327,precomputed_wifi_multilateration
scan_283,2026-04-08 13:26:07,48.89115524764657,8.702002567665497,48.89106887467728,8.701818377673941,48.891127363278905,8.701815805758693,5,11.185911244737868,6.513671806228815,14.017481123867329,precomputed_wifi_multilateration
scan_284,2026-04-08 13:26:09,48.89114873026605,8.702014179579175,48.89100613583251,8.701769685720047,48.89099937746582,8.70176990077898,3,0.4360937184880225,0.7525060267175626,24.414950381574986,precomputed_wifi_multilateration
scan_285,2026-04-08 13:26:14,48.89114988999594,8.702019902321618,48.89117310206546,8.702030625514153,48.89115675045846,8.70199549636683,5,1.1134759129743168,3.150280344161386,1.9427265978945218,precomputed_wifi_multilateration
scan_286,2026-04-08 13:26:22,48.89111935210786,8.702022451539404,48.89092911220629,8.701754643872464,48.890981153382796,8.701750942103942,4,2.9938236370742253,5.799556071103761,25.13136145414889,precomputed_wifi_multilateration
scan_288,2026-04-08 13:26:30,48.89105372146221,8.702059096943312,48.89110811866693,8.70204571492442,48.89110845158306,8.702022153203492,3,13.471495664954594,1.7249283536175302,6.665644361988237,precomputed_wifi_multilateration
scan_289,2026-04-08 13:26:35,48.89101408202727,8.70207573098628,48.891029869736805,8.702057284183105,48.891052701209134,8.702056945939566,8,4.301073004757754,2.5417200699934437,4.513596363638951,precomputed_wifi_multilateration
scan_290,2026-04-08 13:26:42,48.89095144623508,8.702081491693987,48.89093059883536,8.701657641208966,48.89097818030057,8.701654256666465,6,11.468760492085194,5.302558357376773,31.41159441780447,precomputed_wifi_multilateration
scan_291,2026-04-08 13:26:49,48.89088137082457,8.702080673822383,48.890881587720735,8.701558216471868,48.89097502268958,8.701551570303764,4,28.338729012885725,10.412549783590986,40.105068699415284,precomputed_wifi_multilateration
scan_292,2026-04-08 13:26:52,48.89085284315155,8.702082150260743,48.89070212649259,8.701322338551714,48.890701878670015,8.70131421000338,9,38.45804267550426,0.5955890555009434,58.66593049374901,precomputed_wifi_multilateration
scan_293,2026-04-08 13:26:57,48.89081291786701,8.702086483867662,48.89072085606649,8.701184295361262,48.89077165791233,8.70118444398861,3,40.15471702152758,5.655271942252273,66.18209198351774,precomputed_wifi_multilateration
scan_294,2026-04-08 13:27:04,48.89074304581225,8.702138730856733,48.89089023415313,8.701814559869424,48.89098290692949,8.701807967916446,4,14.032889691543152,10.327609771406408,36.04241937688867,precomputed_wifi_multilateration
scan_296,2026-04-08 13:27:11,48.890679948745394,8.702137212278766,48.89071878981016,8.70151021970709,48.89077402281558,8.701508602430607,4,34.85339804903765,6.149677522778861,47.1863877251817,precomputed_wifi_multilateration
scan_299,2026-04-08 13:27:26,48.89054065767117,8.702079847725173,48.89052007705841,8.701695132372505,48.89064900209685,8.70165655886134,3,3.3338617229253558,14.626999265360451,33.24654112397818,precomputed_wifi_multilateration
scan_302,2026-04-08 13:27:37,48.89043439940722,8.702059935501858,48.89047220399164,8.701777126925046,48.8906574287852,8.701721708938221,3,1.9262486010024635,21.01440483765198,35.06083244185371,precomputed_wifi_multilateration
scan_304,2026-04-08 13:27:49,48.89032477602501,8.702061083156018,48.890486038507646,8.701121895277687,48.890487260973465,8.701322666746853,5,16.70118657554697,14.695684343027114,56.993440219046626,precomputed_wifi_multilateration
scan_305,2026-04-08 13:27:57,48.8902562168712,8.702080230212733,48.89036050223436,8.70149004041892,48.89035949407784,8.701324466280594,10,23.60399654837396,12.119408157990089,56.49893371507503,precomputed_wifi_multilateration
scan_306,2026-04-08 13:28:00,48.89024062580945,8.702099304856535,48.89018898556861,8.701254302580777,48.89018336198096,8.701253635547804,5,34.301812715119006,0.6279186915591756,62.22471200896883,precomputed_wifi_multilateration
scan_307,2026-04-08 13:28:03,48.89022049222853,8.70209581783711,48.89029221525532,8.701433149704695,48.89029155932336,8.701325423108122,3,27.513009851530352,7.885195052831249,56.940019751915486,precomputed_wifi_multilateration
scan_309,2026-04-08 13:28:11,48.890185717417694,8.702000138216873,48.89049838521484,8.701256384445873,48.89049878780873,8.70132250439706,5,30.10115828731829,4.8397199837354155,60.61834923956546,precomputed_wifi_multilateration
scan_310,2026-04-08 13:28:21,48.89018715877425,8.701829074736342,48.890293501513206,8.70126157403903,48.89029389008124,8.701325390280546,5,33.31983686950169,4.671116650445967,38.73364156736265,precomputed_wifi_multilateration
scan_311,2026-04-08 13:28:26,48.89018191422402,8.701770681441895,48.8902056849712,8.70122681179503,48.890184864086834,8.701224342158142,7,42.69423717784312,2.3248188309351936,39.98977032156099,precomputed_wifi_multilateration
scan_312,2026-04-08 13:28:36,48.89016371147312,8.701654002741089,48.89034219629725,8.700965205346543,48.8903525,8.7008841,6,18.72546589573146,6.046151599965925,60.14312977358609,precomputed_wifi_multilateration
scan_313,2026-04-08 13:28:45,48.89018843167491,8.701501240675967,48.89040653624317,8.701099859047478,48.89042079216973,8.700895098364414,9,16.973258886300037,15.070847736856642,51.35538709976021,precomputed_wifi_multilateration
scan_314,2026-04-08 13:28:51,48.890174141654974,8.701412607836865,48.89040750748579,8.700935736306633,48.89041045272806,8.700893433210886,10,27.795372502530665,3.11360312403691,46.217152793526864,precomputed_wifi_multilateration
scan_317,2026-04-08 13:29:20,48.89024957311625,8.701221571043414,48.8904449371074,8.700854119847756,48.8904418479966,8.70089848937773,8,32.26713444882134,3.2656949015557393,31.89565596104889,precomputed_wifi_multilateration
scan_318,2026-04-08 13:29:30,48.89024980738625,8.701139938502163,48.89051207525885,8.701191761196618,48.890512870125626,8.70132230605457,3,20.95485168585877,9.555366776152663,32.18279590137423,precomputed_wifi_multilateration
scan_320,2026-04-08 13:29:45,48.890250401126806,8.701160245170746,48.89036315262421,8.700491076175915,48.890367818964776,8.70049161027633,3,33.05601356559139,0.5209259347805507,50.655037218579594,precomputed_wifi_multilateration
scan_322,2026-04-08 13:30:03,48.89026736938519,8.701122821805072,48.890302492582535,8.701036538234982,48.890195147195946,8.701023805612111,5,6.681641193687425,11.985973832523712,10.824120585102337,precomputed_wifi_multilateration
scan_323,2026-04-08 13:30:09,48.89027956723392,8.701081172704317,48.89032279333704,8.700649938124313,48.890359775257686,8.700654171001936,5,33.70189264440574,4.128468837690068,32.5040409523327,precomputed_wifi_multilateration
scan_324,2026-04-08 13:30:12,48.89027347246508,8.701055794401823,48.89043124275975,8.700775421133105,48.89035536473381,8.700770976325602,6,23.948615925133605,8.453004598235191,22.752877144169034,precomputed_wifi_multilateration
scan_325,2026-04-08 13:30:20,48.89026248190547,8.700975259371347,48.89018331732612,8.700634654755644,48.89017151809164,8.700678639272814,12,26.17270791604101,3.477015618383861,23.95595211770316,precomputed_wifi_multilateration
scan_326,2026-04-08 13:30:30,48.89026515976512,8.700875913044307,48.89033782883676,8.700600026613762,48.89036231570738,8.700602829333189,7,39.34644131348479,2.733586586301787,22.72638422931138,precomputed_wifi_multilateration
scan_327,2026-04-08 13:30:41,48.89028228151842,8.700797651599004,48.8902970412699,8.700240749328232,48.89030260708566,8.700114423214494,10,19.095355370591008,9.266950629175724,50.05885988725025,precomputed_wifi_multilateration
scan_328,2026-04-08 13:30:48,48.8903055241188,8.700768426708121,48.89041578850088,8.70017523545587,48.89041794990365,8.700126178488008,21,15.538276825981756,3.598681283420248,48.645684161624644,precomputed_wifi_multilateration
scan_329,2026-04-08 13:30:55,48.89031191039941,8.700701077151578,48.8903533573928,8.700642000249212,48.890360337947115,8.700642799230003,20,25.04824000374873,0.7792726942080089,6.874393464709333,precomputed_wifi_multilateration
scan_330,2026-04-08 13:31:00,48.89030615942733,8.700637910453231,48.89023412900729,8.700429864980787,48.8902341,8.7004542,15,26.998418008209946,1.781163519863146,15.657313447995397,precomputed_wifi_multilateration
scan_331,2026-04-08 13:31:02,48.89030247289836,8.700613842829542,48.89033084249887,8.70043640206094,48.89033041804333,8.700458482826901,16,13.073539664822489,1.6168517738628223,11.789139495690907,precomputed_wifi_multilateration
scan_332,2026-04-08 13:31:07,48.89029258046196,8.700549357813706,48.89028323992323,8.700309123784603,48.89028041155623,8.700456259265035,8,15.721930641035836,10.773923757336917,6.94752800714117,precomputed_wifi_multilateration
scan_333,2026-04-08 13:31:22,48.89018027481718,8.700555747127572,48.89033925276907,8.700367910261683,48.89033750564709,8.700458797980522,24,21.839192866678733,6.6552014082155715,18.886675278720503,precomputed_wifi_multilateration
scan_334,2026-04-08 13:31:29,48.89022050600667,8.700414597594438,48.89021604668818,8.699410008138338,48.89020202564933,8.699407219701655,16,53.25579850008277,1.5741093411359546,73.76203582010088,precomputed_wifi_multilateration
scan_336,2026-04-08 13:31:36,48.89023772324016,8.700313484372133,48.89027336234054,8.700034463688626,48.89026998587405,8.70011109859254,18,28.970999584372915,5.621737151950538,15.242443498855494,precomputed_wifi_multilateration
scan_337,2026-04-08 13:31:44,48.89023206114601,8.700215258427583,48.89032368991424,8.699686428298838,48.8901804692619,8.699657945224336,19,44.1579984948209,16.079048519370318,41.193919827930266,precomputed_wifi_multilateration
scan_338,2026-04-08 13:31:46,48.89023162753919,8.700185001190595,48.890353258616,8.700009669273866,48.89034843746122,8.700119094061014,15,33.186907192426474,8.027104861001618,13.869243155967235,precomputed_wifi_multilateration
scan_341,2026-04-08 13:31:51,48.89023400388773,8.700098817989339,48.89072849483904,8.700283626795647,48.8907594620849,8.700284288486134,5,30.851265219424544,3.4476139956900065,60.04860397397501,precomputed_wifi_multilateration
scan_342,2026-04-08 13:31:54,48.89023821314686,8.70005499265467,48.890195664067136,8.70058546743351,48.89017079094476,8.70067818806384,3,0.6805762668745655,7.329647447072055,46.227092210482006,precomputed_wifi_multilateration
scan_343,2026-04-08 13:31:58,48.89021785939824,8.70002508482213,48.89031605295301,8.700038439131202,48.890312660022055,8.700115447769113,7,18.85842809104362,5.649148489391839,12.454504489562012,precomputed_wifi_multilateration
scan_345,2026-04-08 13:32:05,48.8902137491041,8.699936839625689,48.89015609647198,8.699674508474747,48.89017865942684,8.699678995682962,11,38.06666529435327,2.5330903519793018,19.272466907149287,precomputed_wifi_multilateration
scan_347,2026-04-08 13:32:12,48.89021845213454,8.699826343305661,48.89024074648081,8.699835969652915,48.8901659606743,8.699819520568106,10,14.011209268951438,8.411762509672812,5.864649260883085,precomputed_wifi_multilateration
scan_350,2026-04-08 13:32:19,48.89025286581159,8.69973751619241,48.89026094893895,8.700025368419722,48.89025722902472,8.700109798466052,9,24.77011043170536,6.193570052568596,27.2528901012037,precomputed_wifi_multilateration
scan_351,2026-04-08 13:32:27,48.89028298989228,8.699647320746806,48.89024089035356,8.699656607804288,48.89018159805767,8.699644816034114,7,7.569415806584744,6.656607798270065,11.288427782178719,precomputed_wifi_multilateration
scan_353,2026-04-08 13:32:29,48.89028215517799,8.699619015977571,48.89020812930913,8.699720385600587,48.89017565612829,8.699713927491446,3,3.757837961779375,3.6456883033127734,13.74086701560105,precomputed_wifi_multilateration
scan_356,2026-04-08 13:32:42,48.89027205681833,8.6994490454988,48.89019025565529,8.699423558409299,48.8902004466611,8.69942558514676,7,10.715779946076626,1.1441204644334937,8.154486830676213,precomputed_wifi_multilateration
scan_357,2026-04-08 13:32:46,48.89026458007936,8.69939954335959,48.89018789832031,8.699735102742716,48.89017407197376,8.69973235302653,4,26.63355847388213,1.5522516957026793,26.36085292083637,precomputed_wifi_multilateration
scan_359,2026-04-08 13:32:51,48.89023923406083,8.699312221866068,48.89038294296829,8.699842079119284,48.89037063826261,8.700121356676902,4,25.73696533568887,20.487030130967387,61.00302527161757,precomputed_wifi_multilateration
scan_360,2026-04-08 13:32:59,48.890230856583294,8.699215623287142,48.89015587811476,8.699398577287916,48.89020198041034,8.699407745883088,5,21.493526216222627,5.175797269981265,14.424816956127264,precomputed_wifi_multilateration
scan_363,2026-04-08 13:33:08,48.890251988864975,8.699093549075526,48.88991064944408,8.698712274212747,48.88983624264244,8.698683449729213,4,5.880386099395821,8.547435516677586,55.16257982814335,precomputed_wifi_multilateration
scan_364,2026-04-08 13:33:14,48.89022876719995,8.699035909230808,48.89030058775468,8.69954057295866,48.89019241014152,8.699519059091662,6,33.10529670648487,12.144848293476064,35.5941887019531,precomputed_wifi_multilateration
scan_366,2026-04-08 13:33:29,48.89023063670346,8.698894255087897,48.88997477538215,8.698791702962199,48.89001758363772,8.698615600456831,6,13.233601890236184,13.742298320499755,31.280697996569774,precomputed_wifi_multilateration
scan_368,2026-04-08 13:33:38,48.89023077501373,8.698840164672346,48.89001362515175,8.698857536195888,48.89006584056145,8.698642734889278,5,20.93458607835863,16.76217738760874,23.365063458666917,precomputed_wifi_multilateration
scan_370,2026-04-08 13:33:45,48.89028067491106,8.69878934719315,48.890140337907575,8.699125780855889,48.89022477883485,8.699142574043904,5,18.47625729363591,9.479986107989463,26.592058345119952,precomputed_wifi_multilateration
scan_378,2026-04-08 13:34:37,48.89079594908054,8.698876770570397,48.89074613667891,8.698905386098769,48.89074413378963,8.698919277158312,3,2.0844453761792465,1.0408822892596212,6.55362956225491,precomputed_wifi_multilateration
scan_379,2026-04-08 13:34:44,48.89086206342628,8.698874101271729,48.89086105420797,8.699279258203154,48.8908855,8.6991189,8,17.809567170845906,12.048347728622412,18.106353505057996,precomputed_wifi_multilateration
scan_380,2026-04-08 13:34:47,48.89088819257826,8.698888313746627,48.89084305951107,8.69925941043866,48.8908855,8.6991189,9,11.174269948371272,11.31757338948361,16.879811686856826,precomputed_wifi_multilateration
scan_381,2026-04-08 13:34:51,48.890917139216334,8.698931766575603,48.8909061908773,8.698962269008817,48.89090473314362,8.698972454658467,5,1.215054108762089,0.7629681348166111,3.282695953453062,precomputed_wifi_multilateration
scan_382,2026-04-08 13:34:58,48.890952869655166,8.698952833057202,48.89097243930134,8.699277090720031,48.8909769398638,8.699278064123439,11,18.340463207145905,0.5060430299370582,23.954727315235342,precomputed_wifi_multilateration
scan_383,2026-04-08 13:35:02,48.89096391873114,8.698965466434121,48.89099115857002,8.699256150639476,48.89097922999096,8.69925357066808,7,10.404772828176911,1.3412488627251422,21.155767252232803,precomputed_wifi_multilateration
scan_384,2026-04-08 13:35:05,48.89100289997757,8.699065408047332,48.89088030562098,8.699435202427477,48.89096310634422,8.699448087828468,9,13.425012770397297,9.265500083319766,28.357308004711143,precomputed_wifi_multilateration
scan_385,2026-04-08 13:35:09,48.89104697295447,8.699202091179412,48.89096894314107,8.699331006332658,48.890971929401054,8.699331652215378,6,16.25699285876314,0.3357749320457114,12.637688343795924,precomputed_wifi_multilateration
scan_386,2026-04-08 13:35:12,48.89103122042049,8.699286871810726,48.89100154653701,8.699228339197507,48.89098198471209,8.699224108269787,3,4.173665152520419,2.1995306623774846,7.151465176482814,precomputed_wifi_multilateration
scan_390,2026-04-08 13:35:32,48.89094843878022,8.69959941813815,48.89088064438675,8.69946322390744,48.890961244264346,8.699475766814151,3,15.111432531561144,9.019222820206087,9.1618975553782,precomputed_wifi_multilateration
scan_391,2026-04-08 13:35:39,48.8909959849232,8.699668275010454,48.89093386724928,8.699775863601797,48.890940981036415,8.699776970646054,4,12.366399502206844,0.7960412960444286,10.03913578373316,precomputed_wifi_multilateration
scan_392,2026-04-08 13:35:42,48.89101629081201,8.699675934064233,48.89103254159067,8.699757086914712,48.89094325347103,8.699743191920616,4,9.392570919574382,9.991447403717192,9.50467001769759,precomputed_wifi_multilateration
scan_393,2026-04-08 13:35:46,48.89104187192714,8.699682197096053,48.89083006985331,8.699871555985863,48.8909337,8.6998852,5,7.255747893512225,11.57925150031312,19.125089448572872,precomputed_wifi_multilateration
scan_394,2026-04-08 13:35:54,48.89099730806727,8.699694297151993,48.89109520072388,8.699993143778379,48.89109082385219,8.700181341294023,12,15.498998497382328,13.783176291133122,37.13676702885966,precomputed_wifi_multilateration
scan_395,2026-04-08 13:36:01,48.89092353478779,8.699842060969708,48.890996664025245,8.700196075023868,48.890997123920414,8.700176300394745,12,14.319017030285153,1.4482536355674525,25.798897214128992,precomputed_wifi_multilateration
scan_396,2026-04-08 13:36:03,48.8909048969577,8.699879757715928,48.89098685711223,8.70005194647858,48.89093226371522,8.70005085151077,10,15.6439839861888,6.077865364171961,12.887990864940178,precomputed_wifi_multilateration
scan_397,2026-04-08 13:36:08,48.89089744188424,8.699964795287153,48.89079114356253,8.699861769422723,48.89093378295862,8.69988396685722,5,18.43233197580346,15.961519329076221,7.166958236316451,precomputed_wifi_multilateration
scan_401,2026-04-08 13:36:21,48.89087965997741,8.700086532121025,48.89083151152048,8.700120684277977,48.890830175814706,8.700165858723176,3,1.7184672668198169,3.3097692831771837,8.003451507677712,precomputed_wifi_multilateration
scan_402,2026-04-08 13:36:28,48.89087335406088,8.700124813818407,48.890874597130015,8.700260551112468,48.89087730166382,8.700169081953423,4,2.6480752432902745,6.7016108536725865,3.269754769983956,precomputed_wifi_multilateration
scan_404,2026-04-08 13:36:36,48.89084071863881,8.700216477003043,48.89080492015845,8.70025210222792,48.89075976830724,8.700251137447871,4,10.630611628763186,5.026800085489397,9.36167377434719,precomputed_wifi_multilateration
scan_405,2026-04-08 13:36:41,48.89084293974835,8.700300454813243,48.89091257133782,8.700467600803893,48.89080419999999,8.7005583,7,19.889612358760832,13.769789101420058,19.358768577953132,precomputed_wifi_multilateration
scan_407,2026-04-08 13:36:48,48.8908563821205,8.700344167652005,48.89088244776417,8.700477287144368,48.89080419999999,8.7005583,5,20.58015016287432,10.537208315335173,16.714724754178043,precomputed_wifi_multilateration
scan_408,2026-04-08 13:36:56,48.89084676196233,8.700359304076793,48.89061106776873,8.7003393490825,48.89060576051149,8.70048380429276,3,13.364670097219213,10.589568852401811,28.33361642522887,precomputed_wifi_multilateration
scan_409,2026-04-08 13:37:03,48.89084076474656,8.700356595052792,48.89088555388106,8.700016714644397,48.89093255152661,8.70001765726461,4,12.143501991217745,5.232232792774906,26.82950506784324,precomputed_wifi_multilateration
scan_416,2026-04-08 13:37:54,48.89090212461547,8.70048111661394,48.890823424936464,8.700585700044867,48.890803725989926,8.700584887655642,4,4.021924635428527,2.1936927282322616,13.329367927107212,precomputed_wifi_multilateration
scan_418,2026-04-08 13:38:09,48.89094643652257,8.700555150644654,48.89094907090151,8.700581985485572,48.8908564,8.7006985,5,21.01890773605687,13.384638520932281,14.510039595035972,precomputed_wifi_multilateration
scan_419,2026-04-08 13:38:12,48.89096359767354,8.700578175940072,48.89089501588273,8.700623604448923,48.8908564,8.7006985,3,35.93153785523722,6.966269794058809,14.831110738086892,precomputed_wifi_multilateration
scan_421,2026-04-08 13:38:25,48.89095114555106,8.700483653662124,48.89074317196011,8.700331090987799,48.890759026632125,8.700331429761475,3,6.216546386976301,1.7651162578389348,24.114839839312513,precomputed_wifi_multilateration
scan_422,2026-04-08 13:38:32,48.89087638127395,8.700322852476951,48.89085280534069,8.700344250625246,48.890758926732715,8.700342244677248,5,5.172530340321777,10.451597928337545,13.151853276385557,precomputed_wifi_multilateration
scan_423,2026-04-08 13:38:39,48.89071872427638,8.700315641325643,48.89073495583793,8.700350049652833,48.89075884992061,8.70035056020804,4,1.281374088271828,2.66015176899563,5.14629153858198,precomputed_wifi_multilateration
scan_424,2026-04-08 13:38:41,48.890681094108224,8.70033070269081,48.890719728383154,8.700479702682602,48.890719223419055,8.70049344703278,3,1.630997721610949,1.0075540113540407,12.645339728971594,precomputed_wifi_multilateration
scan_437,2026-04-08 13:40:19,48.89072532164,8.700992500773795,48.8908618005904,8.701056250009247,48.8907963,8.7010157,10,24.27551456884281,7.872425747641787,8.081705203802912,precomputed_wifi_multilateration
scan_438,2026-04-08 13:40:28,48.89076017735564,8.701101008085276,48.890807901708165,8.701027589988112,48.890796229832276,8.70101586152898,4,3.20658985106288,1.5572813846102105,7.412560372905873,precomputed_wifi_multilateration
scan_439,2026-04-08 13:40:33,48.89077850803361,8.701165731989507,48.8909293958677,8.701353409163312,48.89092804224123,8.701300104410436,6,12.750074619608858,3.904405869121535,19.33449125235258,precomputed_wifi_multilateration
scan_443,2026-04-08 13:40:51,48.89080855339977,8.70139924225622,48.89081140271923,8.701517178379742,48.89077414518125,8.701518269318283,14,14.552922101805114,4.148277684615751,9.516738149675273,precomputed_wifi_multilateration
scan_445,2026-04-08 13:41:00,48.890843517680416,8.701523738739548,48.89081410920254,8.70155735165408,48.89077465451807,8.701558506927343,5,7.699327906550997,4.392909354620547,8.07719360367408,precomputed_wifi_multilateration
scan_446,2026-04-08 13:41:05,48.89085551141175,8.70160086552383,48.8909552528119,8.701409976770117,48.89099130963833,8.701405970827942,3,2.4169432386382605,4.02454067000525,20.78485696757415,precomputed_wifi_multilateration
scan_448,2026-04-08 13:41:13,48.890870963886776,8.70173019547695,48.89096369465021,8.701714739886905,48.89098000448824,8.701713579742632,7,6.760303671342378,1.8175957284126003,12.19917036137465,precomputed_wifi_multilateration
scan_450,2026-04-08 13:41:31,48.890881775183225,8.702022179459528,48.88995906503202,8.702518823978549,48.88995344589731,8.702518031223054,4,252.9277409325637,0.6282075576470281,109.52917254731454,precomputed_wifi_multilateration
scan_452,2026-04-08 13:41:49,48.89101102918068,8.70190734273542,48.8910972702375,8.7012401052823,48.89109810085684,8.701292555697371,3,1.9091477178654424,3.8400665733858097,46.02971468300672,precomputed_wifi_multilateration
scan_455,2026-04-08 13:42:16,48.89106726132341,8.701577003183003,48.89108765169967,8.701382265879728,48.89111843731729,8.701380427015028,5,21.359252125319276,3.4296968087577193,15.474630288141343,precomputed_wifi_multilateration
scan_459,2026-04-08 13:43:10,48.89086390189517,8.701323634491139,48.89078910312532,8.70074475990352,48.89080094794254,8.700745230755732,4,18.232592807398994,1.3190153469888533,42.910880093467824,precomputed_wifi_multilateration
scan_464,2026-04-08 13:43:58,48.89081754529873,8.701501550988738,48.89082596935529,8.701500581896545,48.89077394057408,8.701502105352382,3,0.2851323047379596,5.792917185041549,4.854247529534814,precomputed_wifi_multilateration
scan_478,2026-04-08 13:48:05,48.890819764374186,8.700840793174793,48.89088640756667,8.701145667664425,48.89089038552428,8.701302316437749,5,3.981958845849337,11.474040916686677,34.682756813973384,precomputed_wifi_multilateration
scan_479,2026-04-08 13:48:14,48.89081338308633,8.700739217802509,48.89089541738053,8.700209673016314,48.89089657858099,8.700170400421813,3,4.092412251443564,2.8773582132295403,42.650800631893674,precomputed_wifi_multilateration
scan_481,2026-04-08 13:48:38,48.890839546998336,8.700593636363287,48.890902886423234,8.70026647360376,48.890905708622526,8.7001710248822,3,4.7644421131091175,6.993174894849972,31.796712479593037,precomputed_wifi_multilateration
scan_492,2026-04-08 13:50:33,48.8908432069225,8.7003000282725,48.889399081428834,8.701999933604176,48.889398626123786,8.70204382903368,3,286.5703749565171,3.2133051724243,205.3053177420746,precomputed_wifi_multilateration
scan_494,2026-04-08 13:50:47,48.89077554485152,8.70017791729257,48.890529419227725,8.700289400086874,48.890536080161596,8.700138217846128,7,11.079554549384088,11.090279103206072,26.81510606367711,precomputed_wifi_multilateration
scan_496,2026-04-08 13:51:05,48.890683023051416,8.700181755974606,48.890490595975166,8.700292907686977,48.89049758431228,8.70013429450486,4,4.271688021589507,11.635399861085736,20.933289742811944,precomputed_wifi_multilateration
scan_497,2026-04-08 13:51:14,48.890644538527845,8.700176542808054,48.89057512829558,8.700229013925021,48.89057893623785,8.700142585564091,3,11.802053369483945,6.340121468284464,7.714201124831947,precomputed_wifi_multilateration
scan_500,2026-04-08 13:51:27,48.89121090885359,8.700737457261402,48.89053247797006,8.700347928957209,48.890527729571794,8.70047717276814,16,7.671834557439602,9.474482652226477,78.40129423347034,precomputed_wifi_multilateration
scan_502,2026-04-08 13:52:06,48.89020756471847,8.700066676552114,48.89052803476608,8.700064492732235,48.89052483699872,8.70013707198844,5,8.143067891527538,5.324198309911982,35.692606303413555,precomputed_wifi_multilateration
scan_503,2026-04-08 13:52:12,48.89023199438218,8.70008830585444,48.89038742541188,8.70031944316475,48.89038208519471,8.700464795059041,11,14.280021398254922,10.65534962235549,32.22609453421865,precomputed_wifi_multilateration
scan_504,2026-04-08 13:52:20,48.89021042371543,8.700100490105678,48.89053902354846,8.700307432007785,48.89054643246419,8.700139272910937,4,5.79198519531227,12.335648359841652,37.512052198118404,precomputed_wifi_multilateration
scan_505,2026-04-08 13:52:21,48.890207128001535,8.700105004367717,48.8901163920526,8.699919723431927,48.89015561245018,8.6999283499161,3,5.904174478607371,4.411434348140145,14.144611208463003,precomputed_wifi_multilateration
scan_506,2026-04-08 13:52:30,48.89015158305616,8.700064627075314,48.890214963603896,8.699977542587192,48.89015224656082,8.699963748023034,6,27.5764249397328,7.054291424522799,7.3840533053010144,precomputed_wifi_multilateration
scan_507,2026-04-08 13:52:38,48.89012917924762,8.699924193491247,48.890266770478064,8.700170741729575,48.89026940092907,8.700111038977315,6,26.072474015135267,4.379639139568788,20.752955480944347,precomputed_wifi_multilateration
scan_509,2026-04-08 13:52:56,48.890110463785305,8.699708722078695,48.89024854230016,8.699682477516964,48.890179539910456,8.699668754648055,5,18.20707909249285,7.746737381532704,8.22720796441743,precomputed_wifi_multilateration
scan_510,2026-04-08 13:53:05,48.89009590746706,8.699599777229045,48.89018849817234,8.699639315800741,48.89018217899438,8.699638059073521,3,2.8789930544628137,0.7094393786840125,10.004151739520058,precomputed_wifi_multilateration
scan_513,2026-04-08 13:53:14,48.89008288653422,8.699464978668608,48.8901510809221,8.699628539021747,48.89018246093994,8.69963477972317,3,14.651682345736823,3.5229614644467593,16.653301993270446,precomputed_wifi_multilateration
scan_514,2026-04-08 13:53:18,48.89008063227524,8.69940558419197,48.89013031048675,8.69937437865808,48.89020359611919,8.699388953335072,5,18.190253708352376,8.227607165272927,13.742353044500106,precomputed_wifi_multilateration
scan_519,2026-04-08 13:53:31,48.8900853366818,8.699177860256489,48.88930088581918,8.700848191515044,48.88933803982872,8.700863993055894,5,228.25933022527997,4.294655259635359,148.8336021423448,precomputed_wifi_multilateration
scan_520,2026-04-08 13:53:39,48.89009150595227,8.699077910142018,48.89009520537893,8.699206499605744,48.89021719689948,8.69923076065278,4,40.61753857823237,13.695703769455916,17.91473151653913,precomputed_wifi_multilateration
scan_522,2026-04-08 13:53:48,48.89009428687989,8.698986100324875,48.88876369157776,8.701459978337182,48.88881059163573,8.70148995393904,3,269.81090034171683,5.663208112252529,232.39417547653136,precomputed_wifi_multilateration
scan_523,2026-04-08 13:53:57,48.89009487029244,8.698972903414912,48.89004521384851,8.699117635461366,48.89022386824013,8.699153165305484,6,40.217048828420985,20.057112390836547,19.501095995901515,precomputed_wifi_multilateration
scan_524,2026-04-08 13:54:14,48.890064150938834,8.698930434121836,48.89018168907248,8.699143467266175,48.89022397894603,8.699151877668719,5,27.35601562936552,4.747785521720168,24.06790931289519,precomputed_wifi_multilateration
scan_526,2026-04-08 13:54:23,48.89002586722074,8.698849190701473,48.88997115206247,8.69865983327271,48.88998619488596,8.698597950845153,6,6.306980942473475,4.829044525615969,18.912029881547284,precomputed_wifi_multilateration
scan_528,2026-04-08 13:54:32,48.88999343339338,8.698771175442905,48.89010152839834,8.698796769607167,48.890131619290756,8.69868089524293,10,12.13415455858784,9.118784185837974,16.74207425662489,precomputed_wifi_multilateration
scan_529,2026-04-08 13:54:39,48.890071821532594,8.698672585344184,48.8900767226516,8.69873997349208,48.89009708732657,8.698660405380455,5,5.419474343052189,6.249540090897534,2.9504940586621764,precomputed_wifi_multilateration
scan_531,2026-04-08 13:54:48,48.89007059815828,8.698668530159678,48.88990776266639,8.698767361926699,48.88982740300013,8.69873623136153,8,22.29979250290536,9.231267183808862,27.52225200633054,precomputed_wifi_multilateration
scan_533,2026-04-08 13:55:03,48.89010247472679,8.69859077010646,48.88996163001398,8.698486328285316,48.88994071275762,8.698572376655099,7,9.12372322111752,6.714854303006743,18.05759821931502,precomputed_wifi_multilateration
scan_536,2026-04-08 13:55:18,48.89002868891375,8.698450408443371,48.8898577708592,8.698469938471623,48.88985764685443,8.698469921749416,5,2.3577989100733805,0.013858366759577795,19.093894471672847,precomputed_wifi_multilateration
scan_537,2026-04-08 13:55:27,48.88996400390268,8.69840838573441,48.88983005312117,8.698092956291786,48.88987923673522,8.69809958876443,7,12.232644893022806,5.496599507679517,24.492724371803515,precomputed_wifi_multilateration
scan_538,2026-04-08 13:55:37,48.889881018847966,8.698359820374808,48.8896890267428,8.698038962232072,48.88964208402424,8.69802241399566,14,18.299870721279294,5.364200277975901,36.29546975862734,precomputed_wifi_multilateration
scan_539,2026-04-08 13:55:46,48.88982788227848,8.698334108138951,48.88979524749145,8.698107291771615,48.8898781360219,8.698118469389735,5,12.446263216941828,9.26335051480678,16.74552585421913,precomputed_wifi_multilateration
scan_540,2026-04-08 13:55:55,48.88975531301359,8.698276424466975,48.88978312410153,8.698145217465783,48.88987584768896,8.698157721351159,6,8.06991244066649,10.362484257917334,15.985247193820033,precomputed_wifi_multilateration
scan_541,2026-04-08 13:56:04,48.88969726226518,8.698186923425363,48.88958591768462,8.698037875382179,48.88957963309604,8.69803505724866,5,13.483550656580515,0.729375435309138,17.176272433487316,precomputed_wifi_multilateration
scan_542,2026-04-08 13:56:13,48.88961263650851,8.698130088164575,48.88959404796747,8.698115363579252,48.88958745376371,8.69811278230532,5,9.166857128446074,0.7579909100492941,3.0762369030979513,precomputed_wifi_multilateration
scan_543,2026-04-08 13:56:22,48.889525429659685,8.698088812008793,48.889440327892295,8.698107889735086,48.88941477629271,8.698193293593613,5,6.6693123044855005,6.86780636832677,14.498797678909174,precomputed_wifi_multilateration
scan_545,2026-04-08 13:56:31,48.889465326928246,8.69801625675701,48.88960194283101,8.6981251374932,48.889586392980846,8.698119050567692,3,12.698516418554997,1.7874250574317505,15.435060484690318,precomputed_wifi_multilateration
scan_546,2026-04-08 13:56:40,48.88944220775769,8.697981047392993,48.888924527542855,8.69933876535997,48.8889384155426,8.699280698270536,6,229.7330100250769,4.52268068649354,110.42826735628402,precomputed_wifi_multilateration
scan_548,2026-04-08 13:56:49,48.88940004604359,8.697921319990721,48.8886014736574,8.699913640967717,48.88861521580063,8.699890605497107,4,268.1026998761148,2.2766504153270106,168.5516321701095,precomputed_wifi_multilateration
scan_549,2026-04-08 13:56:59,48.88943942766042,8.697827159160424,48.88945436735694,8.69792285728448,48.8894806,8.6978887,3,4.700065301437738,3.8442542297595166,6.426254497586316,precomputed_wifi_multilateration
scan_551,2026-04-08 13:57:18,48.88952571431101,8.697579343369538,48.88958740828185,8.69747983197782,48.889577034049026,8.697474248496736,3,21.537195303622408,1.225038369669992,9.581734417053132,precomputed_wifi_multilateration
scan_552,2026-04-08 13:57:27,48.88954186727055,8.697462208378614,48.889666827209815,8.697043749931455,48.889676047283956,8.697048712241916,5,9.656535355200614,1.0887498016864776,33.75079648883527,precomputed_wifi_multilateration
scan_555,2026-04-08 13:57:36,48.889570807595085,8.697342193114364,48.88986642835221,8.696885118760072,48.889757599999996,8.6970239,4,4.013634326985181,15.809848401011617,31.227238280495296,precomputed_wifi_multilateration
scan_563,2026-04-08 13:58:59,48.88960192311439,8.697270014090412,48.88977747508672,8.697555222005235,48.88966177758256,8.697531514480005,3,3.3535807225323224,12.995815455628687,20.266905225274897,precomputed_wifi_multilateration
scan_573,2026-04-08 14:01:10,48.887995155211264,8.697680641351576,48.887012740936406,8.699400742987436,48.8870710938806,8.699474178967849,5,216.20779626390217,8.43152732411492,166.7818192739231,precomputed_wifi_multilateration
scan_579,2026-04-08 14:02:15,48.88699034808451,8.696937076459037,48.88701165334333,8.699433512437444,48.88706006839601,8.699494441784852,5,214.92763226493284,6.99558259540633,187.35500113698026,precomputed_wifi_multilateration
scan_580,2026-04-08 14:02:37,48.88645621436865,8.697962885748854,48.88688810167184,8.699325991981192,48.8867741596463,8.699511143791048,6,198.4293879961677,18.562391682072317,118.72892478534767,precomputed_wifi_multilateration
scan_592,2026-04-08 14:03:52,48.88714105817374,8.703535527160582,48.88709008025089,8.70402479065689,48.88713043862723,8.70400534880734,3,25.243375275319902,4.712698272690045,34.41024120439684,precomputed_wifi_multilateration
scan_601,2026-04-08 14:04:43,48.88668744655333,8.707133914455683,48.88653873087076,8.707792467122452,48.8869805,8.7081113,20,42.185507986143946,54.43454498125417,78.62992116747594,precomputed_wifi_multilateration
scan_602,2026-04-08 14:04:52,48.886488445529984,8.708173429249271,48.88653873087076,8.707792467122452,48.8869805,8.7081113,20,42.185507986143946,54.43454498125417,54.96397140531452,precomputed_wifi_multilateration
scan_603,2026-04-08 14:05:01,48.88635802928222,8.709223306460068,48.88653873087076,8.707792467122452,48.8869805,8.7081113,20,42.185507986143946,54.43454498125417,106.89795766522339,precomputed_wifi_multilateration
scan_613,2026-04-08 14:06:43,48.87978138574744,8.715180063837892,48.88189732664859,8.712088909263741,48.88189732664859,8.712088909263741,3,499.9146241538442,,326.6396621864233,precomputed_wifi_multilateration
scan_614,2026-04-08 14:07:05,48.87937773554384,8.71628413741541,48.88189732664859,8.712088909263741,48.88189732664859,8.712088909263741,3,499.9146241538442,,415.93020048794654,precomputed_wifi_multilateration
