scan_id,timestamp,actual_latitude,actual_longitude,raw_estimated_latitude,raw_estimated_longitude,estimated_latitude,estimated_longitude,matched_access_points,residual_rmse,snap_distance_m,error_m,method,raw_actual_latitude,raw_actual_longitude,matched_actual_latitude,matched_actual_longitude,gps_snap_distance_m,gps_road_type,matched_estimated_latitude,matched_estimated_longitude,wifi_snap_distance_m,wifi_road_type
scan_01,2026-04-08 11:32:48,48.87859698231721,8.715912761038608,48.87860811971721,8.715648679771151,48.87860811971721,8.715648679771151,3,47.521924764610844,,19.373192859794283,wknn_fingerprinting_smoothed_road_snapped_route_matched,48.87859698231721,8.715912761038608,48.87859698231721,8.715912761038608,,,48.87860811971721,8.715648679771151,,
scan_04,2026-04-08 11:33:11,48.878608119717214,8.715648679771151,48.87865290659073,8.715609347332942,48.87865290659073,8.715609347332942,3,32.2658629304208,,5.757491403409537,wknn_fingerprinting_smoothed_road_snapped_route_matched,48.878608119717214,8.715648679771151,48.878608119717214,8.715648679771151,,,48.87865290659073,8.715609347332942,,
scan_05,2026-04-08 11:33:34,48.87875390342473,8.715488070086685,48.878637231184996,8.715623113686316,48.878637231184996,8.715623113686316,3,17.009801096230763,,16.32271291704811,wknn_fingerprinting_smoothed_road_snapped_route_matched,48.87875390342473,8.715488070086685,48.87875390342473,8.715488070086685,,,48.878637231184996,8.715623113686316,,
scan_16,2026-04-08 12:04:01,48.88972488795268,8.695300555635395,48.88269666701146,8.709812873937468,48.88269666701146,8.709812873937468,5,15.082595409820314,,1319.2507357162538,wknn_fingerprinting_smoothed_road_snapped_route_matched,48.88971471078834,8.695300961700791,48.88972488795268,8.695300555635395,1.1333117320118722,residential,48.88269666701146,8.709812873937468,,
scan_20,2026-04-08 12:06:02,48.88973940898665,8.696378386109574,48.88514219634758,8.705463211738236,48.88514219634758,8.705463211738236,3,38.97007398846795,,839.0859581184866,wknn_fingerprinting_smoothed_road_snapped_route_matched,48.88980351745669,8.69637696252907,48.88973940898665,8.696378386109574,7.137315513510973,residential,48.88514219634758,8.705463211738236,,
scan_22,2026-04-08 12:06:30,48.88972467712202,8.696699752991917,48.88679884111323,8.702908574958883,48.88687376704676,8.702863702505473,5,51.39588580473312,8.964190854466443,551.6056938485235,wknn_fingerprinting_smoothed_road_snapped_route_matched,48.88977385104084,8.696722641796185,48.88972467712202,8.696699752991917,5.724668314247665,residential,48.88687376704676,8.702863702505473,8.964190854466443,path
scan_25,2026-04-08 12:07:41,48.88968389368609,8.69738526765395,48.88782803986893,8.700623008861625,48.8879623,8.700736,3,38.97007398846795,17.081591886456582,311.25287566739814,wknn_fingerprinting_smoothed_road_snapped_route_matched,48.88969432278769,8.697389132041538,48.88968389368609,8.69738526765395,1.194926808380818,pedestrian,48.8879623,8.700736,17.081591886456582,footway
scan_26,2026-04-08 12:08:02,48.889659346248735,8.697558960323315,48.88853456643176,8.6999138608317,48.88857858942963,8.699840066696941,3,48.13176359397884,7.2932583561857545,205.79435915078275,wknn_fingerprinting_smoothed_road_snapped_route_matched,48.88965693991006,8.697558467242297,48.889659346248735,8.697558960323315,0.2702939358680504,pedestrian,48.88857858942963,8.699840066696941,7.2932583561857545,living_street
scan_27,2026-04-08 12:08:31,48.88966042701101,8.697546760257767,48.88889287318064,8.699294794540606,48.88890117234414,8.69926009493847,5,33.58836439349036,2.7026551087405637,151.22947037497752,wknn_fingerprinting_smoothed_road_snapped_route_matched,48.8896420292112,8.697542990379423,48.88966042701101,8.697546760257767,2.066547732927936,pedestrian,48.88890117234414,8.69926009493847,2.7026551087405637,residential
scan_30,2026-04-08 12:09:15,48.88964419713755,8.69772996939107,48.889239032167936,8.69886049025207,48.88926857570714,8.698743325697198,5,38.151730613835184,9.184825334758854,85.14621503424736,wknn_fingerprinting_smoothed_road_snapped_route_matched,48.889626166731695,8.697726274795905,48.88964419713755,8.69772996939107,2.025279914195149,pedestrian,48.88926857570714,8.698743325697198,9.184825334758854,pedestrian
scan_32,2026-04-08 12:10:02,48.889561259994316,8.698129831427709,48.88935021955241,8.698534397343554,48.88930685992822,8.698507550512073,6,20.751966016403596,5.211461302133706,39.577291727850444,wknn_fingerprinting_smoothed_road_snapped_route_matched,48.88954060878895,8.698120571025353,48.889561259994316,8.698129831427709,2.396733227430534,pedestrian,48.88930685992822,8.698507550512073,5.211461302133706,pedestrian
scan_33,2026-04-08 12:10:31,48.88949792151426,8.697897825261407,48.889605359555944,8.698574942873666,48.889589383394366,8.698570110039556,3,70.16538362493182,1.8133039620435472,50.24976639013727,wknn_fingerprinting_smoothed_road_snapped_route_matched,48.889464695381,8.69804371053606,48.88949792151426,8.697897825261407,11.300447134699244,pedestrian,48.889589383394366,8.698570110039556,1.8133039620435472,pedestrian
scan_55,2026-04-08 12:50:06,48.889504838298706,8.698255620086316,48.88958992470937,8.698419153867581,48.88960839456136,8.698424741048953,3,38.622100754188224,2.0963393338263177,16.91521181549168,wknn_fingerprinting_smoothed_road_snapped_route_matched,48.88951383645598,8.698225544548315,48.889504838298706,8.698255620086316,2.4185404345537744,pedestrian,48.88960839456136,8.698424741048953,2.0963393338263177,pedestrian
scan_57,2026-04-08 12:50:24,48.889369308617226,8.698274256425897,48.88958095727705,8.698312396287825,48.88962,8.698336,3,20.286912579660267,4.677025040590548,28.27052714417136,wknn_fingerprinting_smoothed_road_snapped_route_matched,48.88934790508701,8.69826100407508,48.889369308617226,8.698274256425897,2.5725239040807475,pedestrian,48.88962,8.698336,4.677025040590548,pedestrian
scan_59,2026-04-08 12:50:43,48.88931659071524,8.69847119850687,48.889680435681726,8.698322296621281,48.88962,8.698336,4,26.96931988597143,6.802056382436803,35.19535294607009,wknn_fingerprinting_smoothed_road_snapped_route_matched,48.88925460139264,8.69843281683713,48.88931659071524,8.69847119850687,7.450594675235102,pedestrian,48.88962,8.698336,6.802056382436803,pedestrian
scan_64,2026-04-08 12:51:27,48.889456175355484,8.698221943392777,48.88965214016537,8.698381712003998,48.88961547245327,8.698370619910355,4,45.1191352009209,4.161807359603973,20.805815984757217,wknn_fingerprinting_smoothed_road_snapped_route_matched,48.88942810497916,8.698315766014318,48.889456175355484,8.698221943392777,7.5448083650074045,pedestrian,48.88961547245327,8.698370619910355,4.161807359603973,pedestrian
scan_65,2026-04-08 12:51:36,48.8895307002633,8.69827351759515,48.889800080133796,8.698474838323246,48.889797456881055,8.698482303856517,3,110.0605893739141,0.6195673613471261,33.396890523363595,wknn_fingerprinting_smoothed_road_snapped_route_matched,48.88949854887613,8.698380980716754,48.8895307002633,8.69827351759515,8.64170674959904,pedestrian,48.889797456881055,8.698482303856517,0.6195673613471261,residential
scan_67,2026-04-08 12:51:54,48.889599908832764,8.698489627218295,48.88973261693127,8.698460158352026,48.88974096837157,8.698436390951226,4,55.9531292355032,1.9724678285877375,16.178989102275583,wknn_fingerprinting_smoothed_road_snapped_route_matched,48.889655522532514,8.698506450531182,48.889599908832764,8.698489627218295,6.312188339377629,pedestrian,48.88974096837157,8.698436390951226,1.9724678285877375,residential
scan_69,2026-04-08 12:52:12,48.8898466871913,8.698596871633269,48.889794192995055,8.698493104781317,48.88979787020103,8.698482639796008,5,42.804148747163055,0.8684930876366456,9.971920820309242,wknn_fingerprinting_smoothed_road_snapped_route_matched,48.88980222408848,8.698585860055974,48.8898466871913,8.698596871633269,5.014824812815175,path,48.88979787020103,8.698482639796008,0.8684930876366456,residential
scan_70,2026-04-08 12:52:18,48.88984432172875,8.698618965053404,48.88989111424489,8.69854651252192,48.88989154723173,8.698544731323858,3,36.62421785285432,0.13899742310562602,7.560422106331966,wknn_fingerprinting_smoothed_road_snapped_route_matched,48.88983565543575,8.698616818788484,48.88984432172875,8.698618965053404,0.9774383287628854,path,48.88989154723173,8.698544731323858,0.13899742310562602,residential
scan_71,2026-04-08 12:52:28,48.889845668835385,8.698606383077527,48.88993958709163,8.698573059734,48.88993986853291,8.698571901955175,3,33.575784925051764,0.09034824751969066,10.785745520387474,wknn_fingerprinting_smoothed_road_snapped_route_matched,48.88986302131982,8.69861068053691,48.889845668835385,8.698606383077527,1.9571209174730966,path,48.88993986853291,8.698571901955175,0.09034824751969066,residential
scan_73,2026-04-08 12:52:46,48.89000079952031,8.698606162899171,48.89001089528848,8.698613263143887,48.89001119970936,8.698612010831562,5,52.621851100817395,0.09772511506706194,1.234339433508,wknn_fingerprinting_smoothed_road_snapped_route_matched,48.88998564571088,8.698668501907346,48.89000079952031,8.698606162899171,4.8646728036386415,residential,48.89001119970936,8.698612010831562,0.09772511506706194,residential
scan_74,2026-04-08 12:52:56,48.890071110851714,8.6986456983259,48.8900242231302,8.69862025904903,48.89002442100374,8.698619445045997,3,31.003479014063515,0.06352131009620668,5.541352224761532,wknn_fingerprinting_smoothed_road_snapped_route_matched,48.890060742240735,8.69868835225887,48.890071110851714,8.6986456983259,3.328527909238295,residential,48.89002442100374,8.698619445045997,0.06352131009620668,residential
scan_75,2026-04-08 12:53:04,48.8900937,8.6986584,48.89011488518192,8.699142526298186,48.89024210000001,8.6989644,4,15.72569688416055,19.249176932181307,27.83059407722716,wknn_fingerprinting_smoothed_road_snapped_route_matched,48.89012124026355,8.698770845401743,48.8900937,8.6986584,8.78273072670882,residential,48.89024210000001,8.6989644,19.249176932181307,footway
scan_76,2026-04-08 12:53:13,48.89024210000001,8.6989644,48.889984011096516,8.698231596288394,48.889872418190784,8.698216547812835,5,33.75276559049856,12.471257301855763,68.4820480996106,wknn_fingerprinting_smoothed_road_snapped_route_matched,48.89012678023144,8.698836909294055,48.89024210000001,8.6989644,15.87058275748192,footway,48.889872418190784,8.698216547812835,12.471257301855763,path
scan_77,2026-04-08 12:53:22,48.89024210000001,8.6989644,48.89007223687439,8.69850692883546,48.890042424806076,8.69862956842148,3,42.488656177651364,9.570259208016344,33.086114705816435,wknn_fingerprinting_smoothed_road_snapped_route_matched,48.890133097721495,8.698895899800554,48.89024210000001,8.6989644,13.129168027898306,footway,48.890042424806076,8.69862956842148,9.570259208016344,residential
scan_78,2026-04-08 12:53:31,48.89024210000001,8.6989644,48.89011058455819,8.698904360407198,48.89024210000001,8.6989644,4,37.35713758550337,15.285615762426803,0.0,wknn_fingerprinting_smoothed_road_snapped_route_matched,48.89014008298814,8.698909968172023,48.89024210000001,8.6989644,12.035096110002593,footway,48.89024210000001,8.6989644,15.285615762426803,footway
scan_80,2026-04-08 12:53:49,48.89024210000001,8.6989644,48.89015381496282,8.699446804264678,48.890197869066874,8.699455565525467,4,21.860800694864423,4.945851582408244,36.28564387004605,wknn_fingerprinting_smoothed_road_snapped_route_matched,48.89014079524099,8.69891439183786,48.89024210000001,8.6989644,11.856384216318734,footway,48.890197869066874,8.699455565525467,4.945851582408244,secondary
scan_83,2026-04-08 12:54:16,48.89028769235611,8.69897007085136,48.89014997635604,8.699181096744393,48.89024210000001,8.6989644,3,42.7278207572849,18.88739015894688,5.092285192443605,wknn_fingerprinting_smoothed_road_snapped_route_matched,48.8902915156664,8.698898967808262,48.89028769235611,8.69897007085136,5.2216355567655865,footway,48.89024210000001,8.6989644,18.88739015894688,footway
scan_84,2026-04-08 12:54:26,48.8903836,8.698982,48.8903435585768,8.699084666132922,48.890349308422735,8.69897773475788,3,21.361959960016154,7.8527734656784505,3.8300825804124314,wknn_fingerprinting_smoothed_road_snapped_route_matched,48.8904033326553,8.69891857812163,48.8903836,8.698982,5.135540153789502,footway,48.890349308422735,8.69897773475788,7.8527734656784505,footway
scan_87,2026-04-08 12:54:53,48.89062618688154,8.698879938577646,48.89051114442877,8.699035849287842,48.890510617141764,8.699047302429749,4,62.750277572508594,0.8403412272111488,17.764346854726284,wknn_fingerprinting_smoothed_road_snapped_route_matched,48.89062028276742,8.69892088655433,48.89062618688154,8.698879938577646,3.0683137753836656,pedestrian,48.890510617141764,8.699047302429749,0.8403412272111488,pedestrian
scan_88,2026-04-08 12:55:02,48.89070306841534,8.69890558071162,48.89046940083454,8.69899365363613,48.8904674,8.6990427,3,21.361959960016154,3.5967519153403598,28.0887587667675,wknn_fingerprinting_smoothed_road_snapped_route_matched,48.89070448719596,8.698895740749146,48.89070306841534,8.69890558071162,0.7373268418138726,pedestrian,48.8904674,8.6990427,3.5967519153403598,pedestrian
scan_90,2026-04-08 12:55:21,48.89080505428266,8.698939455172072,48.890524275950995,8.69895385336566,48.890519928034074,8.699048293997585,4,42.20189569201838,6.9293069418371935,32.72466643273883,wknn_fingerprinting_smoothed_road_snapped_route_matched,48.89079797256797,8.698988937297218,48.89080505428266,8.698939455172072,3.706525014596869,pedestrian,48.890519928034074,8.699048293997585,6.9293069418371935,pedestrian
scan_91,2026-04-08 12:55:30,48.89088985690359,8.69896752975989,48.89055994477668,8.698927983189856,48.89055423761849,8.699051947812844,3,83.2986594529988,9.095537517241068,37.86861121099417,wknn_fingerprinting_smoothed_road_snapped_route_matched,48.8908821141815,8.699021630608312,48.89088985690359,8.69896752975989,4.052489965313624,pedestrian,48.89055423761849,8.699051947812844,9.095537517241068,pedestrian
scan_94,2026-04-08 12:55:48,48.89106230812182,8.699020931358175,48.89070821093543,8.699025721256834,48.8907284,8.6990732,5,39.76083570578479,4.13851309222278,37.36700400821903,wknn_fingerprinting_smoothed_road_snapped_route_matched,48.89105861229604,8.699050924581883,48.89106230812182,8.699020931358175,2.2334868534572623,pedestrian,48.8907284,8.6990732,4.13851309222278,pedestrian
scan_95,2026-04-08 12:55:57,48.89111053334661,8.699034677497046,48.890832144950664,8.699024044792303,48.89082470406597,8.699096179420229,5,73.92022727237789,5.3442904062704235,32.13535413859797,wknn_fingerprinting_smoothed_road_snapped_route_matched,48.8911053882836,8.699076431933364,48.89111053334661,8.699034677497046,3.1092989283838435,pedestrian,48.89082470406597,8.699096179420229,5.3442904062704235,pedestrian
scan_101,2026-04-08 12:56:45,48.89108586962614,8.69915920131005,48.89108583486218,8.699150137228058,48.89108490231534,8.699158964931987,3,96.99484522385713,0.654404336586734,0.10906204863366757,wknn_fingerprinting_smoothed_road_snapped_route_matched,48.8910881905604,8.699137230809166,48.89108586962614,8.69915920131005,1.6286896907811979,pedestrian,48.89108490231534,8.699158964931987,0.654404336586734,pedestrian
scan_115,2026-04-08 12:59:04,48.89105316411594,8.699151209188894,48.89109878694293,8.699156471734177,48.891098180787594,8.699162209741756,4,39.873910086144534,0.4253627112268979,5.07552539471352,wknn_fingerprinting_smoothed_road_snapped_route_matched,48.8910466645644,8.699212735413969,48.89105316411594,8.699151209188894,4.560988916430453,pedestrian,48.891098180787594,8.699162209741756,0.4253627112268979,pedestrian
scan_163,2026-04-08 13:10:26,48.8913043,8.6991979,48.891180095628776,8.699173283177645,48.89117918503037,8.699181951737021,3,37.797707161502096,0.6425151894652993,13.976627423458934,wknn_fingerprinting_smoothed_road_snapped_route_matched,48.891283212173526,8.699240196601913,48.8913043,8.6991979,3.885163053009483,pedestrian,48.89117918503037,8.699181951737021,0.6425151894652993,pedestrian
scan_164,2026-04-08 13:10:31,48.891331097473916,8.6992045044298,48.891277557112296,8.699222230819787,48.891279234423955,8.699206263413766,3,34.50867954604184,1.183504735755163,5.774829987199337,wknn_fingerprinting_smoothed_road_snapped_route_matched,48.8913253402243,8.699258542131224,48.891331097473916,8.6992045044298,4.006701762836941,pedestrian,48.891279234423955,8.699206263413766,1.183504735755163,pedestrian
scan_165,2026-04-08 13:10:39,48.89139094811302,8.69921925504942,48.891374520724554,8.699284086923495,48.89138167157736,8.69921696878062,4,61.5787132162731,4.976564731912992,1.0461338688048423,wknn_fingerprinting_smoothed_road_snapped_route_matched,48.89138361566166,8.699288077690733,48.89139094811302,8.69921925504942,5.102946134593171,pedestrian,48.89138167157736,8.69921696878062,4.976564731912992,pedestrian
scan_167,2026-04-08 13:10:53,48.891459356310236,8.699305656985668,48.89141775477407,8.69945027897767,48.891430099999994,8.6994328,3,75.60646673042787,1.8775685587221869,9.859236991171937,wknn_fingerprinting_smoothed_road_snapped_route_matched,48.89143249963149,8.699299015231373,48.891459356310236,8.699305656985668,3.0289490302075537,pedestrian,48.891430099999994,8.6994328,1.8775685587221869,pedestrian
scan_169,2026-04-08 13:11:00,48.8914590975666,8.699308077256163,48.89146648124739,8.699427189448546,48.8914447,8.6994364,3,45.24378410345447,2.5166586870332566,9.527905779279209,wknn_fingerprinting_smoothed_road_snapped_route_matched,48.89147471214108,8.699311938799372,48.8914590975666,8.699308077256163,1.761042395990749,pedestrian,48.8914447,8.6994364,2.5166586870332566,pedestrian
scan_170,2026-04-08 13:11:04,48.89145776931464,8.699320501635484,48.89149946963664,8.699404068206244,48.8915506516429,8.699423275904074,3,29.512709126747414,5.868459161586839,12.786404866683604,wknn_fingerprinting_smoothed_road_snapped_route_matched,48.891480680240704,8.699326167594434,48.89145776931464,8.699320501635484,2.58393926391263,pedestrian,48.8915506516429,8.699423275904074,5.868459161586839,pedestrian
scan_171,2026-04-08 13:11:07,48.89145763771787,8.699321732582822,48.891519595908065,8.69939715244712,48.891552864211626,8.699409637453869,3,33.99019466454014,3.814498367400544,12.400320772215156,wknn_fingerprinting_smoothed_road_snapped_route_matched,48.89149956626963,8.699332101675385,48.89145763771787,8.699321732582822,4.728784446435631,pedestrian,48.891552864211626,8.699409637453869,3.814498367400544,pedestrian
scan_172,2026-04-08 13:11:14,48.891560733788104,8.699361128756255,48.89153194846942,8.699397153992832,48.89155357286653,8.699405269248478,3,29.267425943661625,2.4794239032694105,3.327596122911056,wknn_fingerprinting_smoothed_road_snapped_route_matched,48.89151701361737,8.699344721348918,48.891560733788104,8.699361128756255,5.012895224981521,pedestrian,48.89155357286653,8.699405269248478,2.4794239032694105,pedestrian
scan_173,2026-04-08 13:11:17,48.89156034491388,8.699363525808018,48.891461650621,8.699329726645772,48.89145690847251,8.699328553894754,3,31.219651930581588,0.5348288266080465,11.795613872269168,wknn_fingerprinting_smoothed_road_snapped_route_matched,48.89152093218081,8.699348734905131,48.89156034491388,8.699363525808018,4.519010282144392,pedestrian,48.89145690847251,8.699328553894754,0.5348288266080465,pedestrian
scan_174,2026-04-08 13:11:21,48.89155697326928,8.699384308894459,48.89145891803375,8.699339351411783,48.89145583563723,8.699338589123649,3,50.55239652634623,0.3476387378198273,11.745410897895283,wknn_fingerprinting_smoothed_road_snapped_route_matched,48.8915324894261,8.699375120538956,48.89155697326928,8.699384308894459,2.8072840932049115,pedestrian,48.89145583563723,8.699338589123649,0.3476387378198273,pedestrian
scan_175,2026-04-08 13:11:24,48.89155525370923,8.69939490839994,48.89149431153009,8.699348465298677,48.89145579804426,8.699338940765758,3,86.43758739235616,4.343626604678326,11.804917125869634,wknn_fingerprinting_smoothed_road_snapped_route_matched,48.89153370851013,8.699386822865728,48.89155525370923,8.69939490839994,2.470343165633239,pedestrian,48.89145579804426,8.699338940765758,4.343626604678326,pedestrian
scan_178,2026-04-08 13:11:38,48.89155845778131,8.699375158243836,48.89144178501023,8.699744441970665,48.89149722967712,8.699764219117885,3,33.37348206742368,6.339569084940076,29.2802573583765,wknn_fingerprinting_smoothed_road_snapped_route_matched,48.89155149744726,8.69937254615229,48.89155845778131,8.699375158243836,0.7980624106125908,pedestrian,48.89149722967712,8.699764219117885,6.339569084940076,pedestrian
scan_184,2026-04-08 13:12:12,48.891556956874794,8.699384409951373,48.89145709792187,8.699777905958236,48.89149313695497,8.699790761106415,3,53.1381846384186,4.120719839661837,30.578158664971635,wknn_fingerprinting_smoothed_road_snapped_route_matched,48.8915363107522,8.69937666182448,48.891556956874794,8.699384409951373,2.3672562767681775,pedestrian,48.89149313695497,8.699790761106415,4.120719839661837,pedestrian
scan_185,2026-04-08 13:12:19,48.891552312209924,8.699413040036388,48.89148713588666,8.699670464438078,48.891510406518925,8.69967876509212,3,10.408329997330663,2.660774909813998,20.00042145239382,wknn_fingerprinting_smoothed_road_snapped_route_matched,48.89152512554714,8.699402837361259,48.891552312209924,8.699413040036388,3.117185713883943,pedestrian,48.891510406518925,8.69967876509212,2.660774909813998,pedestrian
scan_186,2026-04-08 13:12:21,48.89154923801272,8.69943198963332,48.89151038996803,8.699577639104437,48.891525186119736,8.699582916905795,3,103.71891387123827,1.6917988498311747,11.366424940387066,wknn_fingerprinting_smoothed_road_snapped_route_matched,48.891518330320295,8.69942039052243,48.89154923801272,8.69943198963332,3.543833912195345,pedestrian,48.891525186119736,8.699582916905795,1.6917988498311747,pedestrian
scan_187,2026-04-08 13:12:24,48.891542920678404,8.699470930186356,48.89152527177616,8.69951874099334,48.8915335,8.699529,3,24.04118528673991,1.1843990616533864,4.377680037306723,wknn_fingerprinting_smoothed_road_snapped_route_matched,48.89151631850272,8.699460946860098,48.891542920678404,8.699470930186356,3.0501692299960625,pedestrian,48.8915335,8.699529,1.1843990616533864,pedestrian
scan_189,2026-04-08 13:12:39,48.89152287083179,8.699597931935887,48.8915011951547,8.69950108476317,48.8915335,8.699529,4,73.61921345463948,4.1360569415441875,5.182119710624437,wknn_fingerprinting_smoothed_road_snapped_route_matched,48.89151386586865,8.699594719856842,48.89152287083179,8.699597931935887,1.029631661584795,pedestrian,48.8915335,8.699529,4.1360569415441875,pedestrian
scan_191,2026-04-08 13:12:46,48.89151190548149,8.699669044068923,48.89149806522148,8.699604479053262,48.891520620671464,8.699612524602363,5,60.18312977977457,2.579000626410655,4.248984143563455,wknn_fingerprinting_smoothed_road_snapped_route_matched,48.89152441948977,8.699673507828392,48.89151190548149,8.699669044068923,1.4308575054856647,pedestrian,48.891520620671464,8.699612524602363,2.579000626410655,pedestrian
scan_192,2026-04-08 13:12:53,48.89150411419792,8.699719571847556,48.89147567669053,8.699627752128922,48.89151605187846,8.699642153990116,7,44.94556800583924,4.61651777398483,5.820070806164049,wknn_fingerprinting_smoothed_road_snapped_route_matched,48.89150392667564,8.699719504958185,48.89150411419792,8.699719571847556,0.021441384785910626,pedestrian,48.89151605187846,8.699642153990116,4.61651777398483,pedestrian
scan_195,2026-04-08 13:13:08,48.89148553618636,8.699840053363722,48.891476295375895,8.699720424451456,48.89150253924804,8.699729785661308,7,34.91922947921219,3.000736551154188,8.289638630317736,wknn_fingerprinting_smoothed_road_snapped_route_matched,48.89147715150767,8.699837062542203,48.89148553618636,8.699840053363722,0.9587080618030442,pedestrian,48.89150253924804,8.699729785661308,3.000736551154188,pedestrian
scan_198,2026-04-08 13:13:30,48.891482919460834,8.699857023266937,48.89146956743417,8.699826901270665,48.891486625951146,8.699832986056553,3,26.00640946638604,1.9504787721660828,1.807054951567463,wknn_fingerprinting_smoothed_road_snapped_route_matched,48.891470314196965,8.69985252695975,48.891482919460834,8.699857023266937,1.4412917386160318,pedestrian,48.891486625951146,8.699832986056553,1.9504787721660828,pedestrian
scan_206,2026-04-08 13:14:13,48.891477316013024,8.699893362564355,48.89142576050895,8.700053476576702,48.891451226078445,8.700062560159262,7,45.80938742645331,2.911745115236869,12.719836423289316,wknn_fingerprinting_smoothed_road_snapped_route_matched,48.89148977629532,8.699897807157654,48.891477316013024,8.699893362564355,1.4247144687247093,pedestrian,48.891451226078445,8.700062560159262,2.911745115236869,pedestrian
scan_207,2026-04-08 13:14:20,48.89146479347823,8.699974573299547,48.89103576265444,8.700283083987195,48.891038194714035,8.7001785099346,3,36.20313061969457,7.6587850282817564,49.77952390548313,wknn_fingerprinting_smoothed_road_snapped_route_matched,48.891476674633545,8.69997881131702,48.89146479347823,8.699974573299547,1.3584968265824038,pedestrian,48.891038194714035,8.7001785099346,7.6587850282817564,pedestrian
scan_208,2026-04-08 13:14:22,48.89145707268526,8.700024643934912,48.89116763499461,8.700255361349159,48.89116925832715,8.700185560937307,4,37.11505904122246,5.112022787569148,34.13568258547785,wknn_fingerprinting_smoothed_road_snapped_route_matched,48.89146811948938,8.700028584338206,48.89145707268526,8.700024643934912,1.2630967262096444,pedestrian,48.89116925832715,8.700185560937307,5.112022787569148,pedestrian
scan_211,2026-04-08 13:14:37,48.891427044656766,8.700262036213424,48.8912559073587,8.700329042351523,48.891259131822494,8.700190395980718,4,46.23947080458053,10.154125704222357,19.413574203606057,wknn_fingerprinting_smoothed_road_snapped_route_matched,48.891424772926754,8.700261850520835,48.891427044656766,8.700262036213424,0.2532539387877454,pedestrian,48.891259131822494,8.700190395980718,10.154125704222357,pedestrian
scan_212,2026-04-08 13:14:40,48.89142555607667,8.700304163030365,48.89113042348549,8.699806279180063,48.8909337,8.6998852,6,48.90785286190978,22.648266983875974,62.75549437402388,wknn_fingerprinting_smoothed_road_snapped_route_matched,48.89141971207942,8.700303685338518,48.89142555607667,8.700304163030365,0.6514926134771871,pedestrian,48.8909337,8.6998852,22.648266983875974,pedestrian
scan_213,2026-04-08 13:14:42,48.89142466835575,8.700329285532547,48.891232831143185,8.70000569013043,48.891228573717854,8.700188752005907,4,36.68835032323076,13.407016296364297,24.131213781564327,wknn_fingerprinting_smoothed_road_snapped_route_matched,48.89142135417092,8.700329014629084,48.89142466835575,8.700329285532547,0.36946747910780553,pedestrian,48.891228573717854,8.700188752005907,13.407016296364297,pedestrian
scan_214,2026-04-08 13:14:47,48.89142229436641,8.700396469430697,48.89129717141544,8.700220671706488,48.89129782711547,8.700192477722622,3,52.519821818984816,2.0648576550106417,20.369077123823104,wknn_fingerprinting_smoothed_road_snapped_route_matched,48.89141753022115,8.700396080006612,48.89142229436641,8.700396469430697,0.5311100113862716,pedestrian,48.89129782711547,8.700192477722622,2.0648576550106417,pedestrian
scan_215,2026-04-08 13:14:50,48.89142087459775,8.70043664888367,48.89133904428051,8.70034920101276,48.89134818183795,8.70034984270555,3,79.8911259138362,1.0182766049102112,10.288330179342653,wknn_fingerprinting_smoothed_road_snapped_route_matched,48.89141248568684,8.700435963169118,48.89142087459775,8.70043664888367,0.9352012427519256,pedestrian,48.89134818183795,8.70034984270555,1.0182766049102112,pedestrian
scan_216,2026-04-08 13:14:57,48.891417399117614,8.700535004971362,48.89136790552338,8.700373563886565,48.891347505200585,8.700372131255886,5,32.886151112853966,2.2733834026194475,14.235429628869648,wknn_fingerprinting_smoothed_road_snapped_route_matched,48.89138119775277,8.700532045851572,48.891417399117614,8.700535004971362,4.035751695099828,pedestrian,48.891347505200585,8.700372131255886,2.2733834026194475,pedestrian
scan_219,2026-04-08 13:15:12,48.89141632958107,8.700691682316378,48.89138500156176,8.700452893898802,48.89134513838786,8.700450094471584,5,48.75946981880763,4.442296271168342,19.376938116631507,wknn_fingerprinting_smoothed_road_snapped_route_matched,48.89137330486397,8.700691223354507,48.89141632958107,8.700691682316378,4.789629308867485,pedestrian,48.89134513838786,8.700450094471584,4.442296271168342,pedestrian
scan_220,2026-04-08 13:15:19,48.89141596603561,8.700770518219322,48.891417750504836,8.700254211688147,48.891427293577934,8.700254991744654,3,51.04278028211536,1.0638679942524671,37.75326157198906,wknn_fingerprinting_smoothed_road_snapped_route_matched,48.89137079817101,8.700770036395655,48.89141596603561,8.700770518219322,5.028210356227819,pedestrian,48.891427293577934,8.700254991744654,1.0638679942524671,pedestrian
scan_226,2026-04-08 13:15:43,48.891415355205964,8.70090297842369,48.891417314247924,8.700394083978258,48.891422364072305,8.700394496753924,3,45.421306164204324,0.562957705589114,37.224754604439354,wknn_fingerprinting_smoothed_road_snapped_route_matched,48.89138095671722,8.700902611481208,48.891415355205964,8.70090297842369,3.829333949599592,pedestrian,48.891422364072305,8.700394496753924,0.562957705589114,pedestrian
scan_227,2026-04-08 13:15:49,48.891415070266,8.700964768493925,48.89144637647864,8.700166550573513,48.891429,8.7002067,4,30.023404755697907,3.518105664801488,55.50589581928361,wknn_fingerprinting_smoothed_road_snapped_route_matched,48.89136206807266,8.700964203098406,48.891415070266,8.700964768493925,5.900349282028786,pedestrian,48.891429,8.7002067,3.518105664801488,pedestrian
scan_231,2026-04-08 13:16:39,48.8915243,8.7008991,48.89147462124909,8.700399676213227,48.89142233208261,8.700395402062215,3,87.68368683093226,5.829230272912377,38.57428971842248,wknn_fingerprinting_smoothed_road_snapped_route_matched,48.89157586587517,8.70089202059816,48.8915243,8.7008991,5.763651300006346,pedestrian,48.89142233208261,8.700395402062215,5.829230272912377,pedestrian
scan_232,2026-04-08 13:16:41,48.8915243,8.7008991,48.8914925846691,8.700560683751716,48.891492878761184,8.700553172824662,3,115.55606817672634,0.5507097390862111,25.559371319968143,wknn_fingerprinting_smoothed_road_snapped_route_matched,48.89159341695891,8.700891512509841,48.8915243,8.7008991,7.7141152121860666,pedestrian,48.891492878761184,8.700553172824662,0.5507097390862111,pedestrian
scan_236,2026-04-08 13:21:26,48.89141470056967,8.7010449382304,48.89150936931249,8.700988569956522,48.8915179,8.7009942,3,47.156507943545435,1.0351866010031276,12.073472681606086,wknn_fingerprinting_smoothed_road_snapped_route_matched,48.89138071160203,8.701044575656445,48.89141470056967,8.7010449382304,3.783744938726724,pedestrian,48.8915179,8.7009942,1.0351866010031276,pedestrian
scan_237,2026-04-08 13:21:35,48.891414452812406,8.701098665121162,48.8914758454636,8.701116627643199,48.891513200000006,8.7010939,3,53.22162182471511,4.478688407203586,10.998068297062433,wknn_fingerprinting_smoothed_road_snapped_route_matched,48.89139212296492,8.701098426919684,48.891414452812406,8.701098665121162,2.4858197605666006,pedestrian,48.891513200000006,8.7010939,4.478688407203586,pedestrian
scan_238,2026-04-08 13:21:46,48.89141402082656,8.701192342524243,48.891454470879395,8.701085870270514,48.891414513780404,8.701085444031689,4,71.33300792880682,4.448133661669802,7.8242622493555976,wknn_fingerprinting_smoothed_road_snapped_route_matched,48.89141289902663,8.701192330557548,48.89141402082656,8.701192342524243,0.12488183921787131,pedestrian,48.891414513780404,8.701085444031689,4.448133661669802,pedestrian
scan_240,2026-04-08 13:21:55,48.891375134989154,8.701280475732242,48.89144015823353,8.701197424835945,48.89141399867672,8.701197145781238,3,36.09853908343756,2.912153488646456,7.477660163915694,wknn_fingerprinting_smoothed_road_snapped_route_matched,48.89137592136886,8.701258079587715,48.891375134989154,8.701280475732242,1.641546310548525,pedestrian,48.89141399867672,8.701197145781238,2.912153488646456,pedestrian
scan_241,2026-04-08 13:22:00,48.89136571716503,8.701279710782392,48.891433905880035,8.700917090444108,48.891415291045206,8.700916891872055,3,72.18494764607554,2.072254380340581,27.122672221465432,wknn_fingerprinting_smoothed_road_snapped_route_matched,48.89136657671654,8.701255230703266,48.89136571716503,8.701279710782392,1.794290576588188,pedestrian,48.891415291045206,8.700916891872055,2.072254380340581,pedestrian
scan_249,2026-04-08 13:22:51,48.891413597472805,8.701297254419869,48.891413336068226,8.701044275294954,48.89141470355948,8.701044289882539,3,34.54465708808431,0.15223287022400656,18.515284319963136,wknn_fingerprinting_smoothed_road_snapped_route_matched,48.8914056731127,8.701297251027107,48.891413597472805,8.701297254419869,0.8821398018390862,pedestrian,48.89141470355948,8.701044289882539,0.15223287022400656,pedestrian
scan_252,2026-04-08 13:23:15,48.89141359809617,8.701293886382407,48.89141341984757,8.701174487303057,48.89141410313087,8.701174494591916,4,35.927583480679004,0.07606496818986425,8.738654979027844,wknn_fingerprinting_smoothed_road_snapped_route_matched,48.89141475364461,8.701293886877147,48.89141359809617,8.701293886382407,0.12863565734371232,pedestrian,48.89141410313087,8.701174494591916,0.07606496818986425,pedestrian
scan_256,2026-04-08 13:23:33,48.89141356803146,8.701456326043074,48.891413470720735,8.701278486300914,48.8914136235739,8.701278487931463,4,39.45746634475158,0.017016032419872984,13.016254361546912,wknn_fingerprinting_smoothed_road_snapped_route_matched,48.89138886550364,8.701456315466855,48.89141356803146,8.701456326043074,2.7498855055475535,pedestrian,48.8914136235739,8.701278487931463,0.017016032419872984,pedestrian
scan_257,2026-04-08 13:23:40,48.891413570373274,8.701443673213628,48.891413506912414,8.7013292060071,48.89141359155912,8.70132920604334,3,100.60441792409361,0.009422871843434003,8.378033717771912,wknn_fingerprinting_smoothed_road_snapped_route_matched,48.89137660440869,8.701443657386907,48.891413570373274,8.701443673213628,4.115051340387242,pedestrian,48.89141359155912,8.70132920604334,0.009422871843434003,pedestrian
scan_260,2026-04-08 13:23:55,48.89141357767875,8.70140420174224,48.891400076739274,8.7013121504109,48.891413594714756,8.70131215619853,3,22.832725052724946,1.5048210902900028,6.736959310962838,wknn_fingerprinting_smoothed_road_snapped_route_matched,48.89145031654221,8.701404217471746,48.89141357767875,8.70140420174224,4.089770442890125,pedestrian,48.891413594714756,8.70131215619853,1.5048210902900028,pedestrian
scan_262,2026-04-08 13:24:10,48.89141353407685,8.701639782812592,48.891404804518444,8.70133112908433,48.89141359120251,8.70133113284629,4,39.04134598330342,0.9781337086489493,22.590580513447705,wknn_fingerprinting_smoothed_road_snapped_route_matched,48.8914421089298,8.701639795046729,48.89141353407685,8.701639782812592,3.1809527569751976,pedestrian,48.89141359120251,8.70133113284629,0.9781337086489493,pedestrian
scan_263,2026-04-08 13:24:18,48.8915013,8.7016853,48.891407871748,8.70137494801989,48.89141358309264,8.701374950465164,3,25.52776266472772,0.6357869107009207,24.72481615819269,wknn_fingerprinting_smoothed_road_snapped_route_matched,48.89148266781629,8.701681243019001,48.8915013,8.7016853,2.095281835647522,pedestrian,48.89141358309264,8.701374950465164,0.6357869107009207,pedestrian
scan_266,2026-04-08 13:24:35,48.8915022,8.7017819,48.891440616955165,8.701478260653683,48.89141356397389,8.701478249071128,3,27.93347719230358,3.011537994720459,24.31649927569349,wknn_fingerprinting_smoothed_road_snapped_route_matched,48.89153123002783,8.701798537235137,48.8915022,8.7017819,3.453430924829005,pedestrian,48.89141356397389,8.701478249071128,3.011537994720459,pedestrian
scan_267,2026-04-08 13:24:44,48.891502311481226,8.701873242567427,48.891431149831874,8.701470583539969,48.89141356539404,8.701470576011308,3,61.4220373047546,1.9574996973197425,31.08348347080778,wknn_fingerprinting_smoothed_road_snapped_route_matched,48.89157249920287,8.701872821064171,48.891502311481226,8.701873242567427,7.813358079095997,pedestrian,48.89141356539404,8.701470576011308,1.9574996973197425,pedestrian
scan_270,2026-04-08 13:24:55,48.891502564904606,8.701970861256049,48.89145577229746,8.70155323762427,48.89141355009818,8.701553219547108,3,42.08493501721818,4.700175410465851,32.13380501907667,wknn_fingerprinting_smoothed_road_snapped_route_matched,48.89156910484079,8.701970461659114,48.891502564904606,8.701970861256049,7.407283436090908,pedestrian,48.89141355009818,8.701553219547108,4.700175410465851,pedestrian
scan_280,2026-04-08 13:25:44,48.89131492907697,8.701976879395517,48.89134488616554,8.7017147346727,48.89132374635672,8.701715024794705,4,23.94311934103797,2.3533793194990547,19.19070818709029,wknn_fingerprinting_smoothed_road_snapped_route_matched,48.89131486433503,8.70205226059355,48.89131492907697,8.701976879395517,5.517284806054129,pedestrian,48.89132374635672,8.701715024794705,2.3533793194990547,pedestrian
scan_281,2026-04-08 13:25:52,48.89126435611567,8.701976778919436,48.89112920389836,8.701445215062733,48.89112012425216,8.701445757402029,3,13.012814197295423,1.0115253805145494,42.052233604250276,wknn_fingerprinting_smoothed_road_snapped_route_matched,48.89126434204779,8.701993158615933,48.89126435611567,8.701976778919436,1.1988605154481966,pedestrian,48.89112012425216,8.701445757402029,1.0115253805145494,pedestrian
scan_282,2026-04-08 13:25:59,48.89121728462656,8.70197668539992,48.89122925712704,8.701277058763651,48.89122945800867,8.701282948677818,3,23.558437978779494,0.43167333689844783,50.79396839635919,wknn_fingerprinting_smoothed_road_snapped_route_matched,48.89121728876826,8.701971863082631,48.89121728462656,8.70197668539992,0.3529547224610994,pedestrian,48.89122945800867,8.701282948677818,0.43167333689844783,pedestrian
scan_285,2026-04-08 13:26:14,48.8911446129595,8.70200856534826,48.89124390583167,8.70156617091096,48.8913225,8.7015568,4,15.630043708312993,8.775945729911255,38.541773322481546,wknn_fingerprinting_smoothed_road_snapped_route_matched,48.89114988999594,8.702019902321618,48.8911446129595,8.70200856534826,1.016667405717271,pedestrian,48.8913225,8.7015568,8.775945729911255,pedestrian
scan_286,2026-04-08 13:26:22,48.89111935128949,8.702022509458487,48.891080440724764,8.701624543892542,48.89108243811872,8.701627539717398,3,48.85011088353161,0.3122804552136878,29.199216423347856,wknn_fingerprinting_smoothed_road_snapped_route_matched,48.89111935210786,8.702022451539404,48.89111935128949,8.702022509458487,0.004240193065683,pedestrian,48.89108243811872,8.701627539717398,0.3122804552136878,pedestrian
scan_289,2026-04-08 13:26:35,48.8910035,8.7021042,48.89104464544948,8.701634809158255,48.89106141572147,8.701659962320129,4,29.27130345250478,2.621930820116788,33.14775241827705,wknn_fingerprinting_smoothed_road_snapped_route_matched,48.89101408202727,8.70207573098628,48.8910035,8.7021042,2.3936386368235767,pedestrian,48.89106141572147,8.701659962320129,2.621930820116788,pedestrian
scan_290,2026-04-08 13:26:42,48.89095159867573,8.702104979215592,48.89095077974882,8.70165796227861,48.89097823419725,8.701656009401114,4,28.75128185297475,3.059569819354535,32.99461318536296,wknn_fingerprinting_smoothed_road_snapped_route_matched,48.89095144623508,8.702081491693987,48.89095159867573,8.702104979215592,1.7191885285295603,pedestrian,48.89097823419725,8.701656009401114,3.059569819354535,pedestrian
scan_292,2026-04-08 13:26:52,48.890853000925595,8.702106459503531,48.89083020172186,8.701401414807165,48.89077268732769,8.701403098887447,4,66.55123161430315,6.403688777980946,52.25122443546084,wknn_fingerprinting_smoothed_road_snapped_route_matched,48.89085284315155,8.702082150260743,48.890853000925595,8.702106459503531,1.7793385975597742,pedestrian,48.89077268732769,8.701403098887447,6.403688777980946,pedestrian
scan_296,2026-04-08 13:27:11,48.8906719,8.7020999,48.890811787534524,8.701549410758815,48.89077455317746,8.701550501018602,4,121.92032823062765,4.145696706779772,41.80415661068167,wknn_fingerprinting_smoothed_road_snapped_route_matched,48.890679948745394,8.702137212278766,48.8906719,8.7020999,2.874207644750311,pedestrian,48.89077455317746,8.701550501018602,4.145696706779772,pedestrian
scan_302,2026-04-08 13:27:37,48.89043439408481,8.70209927114056,48.89061733690326,8.701741842373513,48.8906607,8.701747,3,52.188759964830226,4.841918314279201,36.04801550340211,wknn_fingerprinting_smoothed_road_snapped_route_matched,48.89043439940722,8.702059935501858,48.89043439408481,8.70209927114056,2.8790941066372753,pedestrian,48.8906607,8.701747,4.841918314279201,pedestrian
scan_304,2026-04-08 13:27:49,48.89032477086251,8.70209923682969,48.89069981931108,8.70186945836902,48.890664668365126,8.701872038933464,3,66.05553219324884,3.9175591717599603,41.3304112017787,wknn_fingerprinting_smoothed_road_snapped_route_matched,48.89032477602501,8.702061083156018,48.89032477086251,8.70209923682969,2.7925886418914194,pedestrian,48.890664668365126,8.701872038933464,3.9175591717599603,pedestrian
scan_305,2026-04-08 13:27:57,48.89025621430236,8.702099215372238,48.89059250907509,8.701678544890244,48.8906607,8.701747,5,64.01798740576027,9.095482379110955,51.88506536046576,wknn_fingerprinting_smoothed_road_snapped_route_matched,48.8902562168712,8.702080230212733,48.89025621430236,8.702099215372238,1.3895860710686263,pedestrian,48.8906607,8.701747,9.095482379110955,pedestrian
scan_312,2026-04-08 13:28:36,48.89018372595228,8.701651482138988,48.89042758202332,8.70128364356417,48.89042782472667,8.701323503877088,3,40.86155487333622,2.917622029384185,36.25818975203907,wknn_fingerprinting_smoothed_road_snapped_route_matched,48.89016371147312,8.701654002741089,48.89018372595228,8.701651482138988,2.235637217941762,footway,48.89042782472667,8.701323503877088,2.917622029384185,pedestrian
scan_313,2026-04-08 13:28:45,48.890179060711326,8.701501398004611,48.89034057186031,8.70132880933987,48.89034054704092,8.701324733140268,4,53.81449618829484,0.2983626966111671,22.144147117653123,wknn_fingerprinting_smoothed_road_snapped_route_matched,48.89018843167491,8.701501240675967,48.890179060711326,8.701501398004611,1.0432392222314002,footway,48.89034054704092,8.701324733140268,0.2983626966111671,pedestrian
scan_314,2026-04-08 13:28:51,48.8901787,8.7014517,48.89029492033961,8.70110756229205,48.8902962464612,8.701325357092095,4,56.566985316332364,15.94178635149212,16.023107340831668,wknn_fingerprinting_smoothed_road_snapped_route_matched,48.890174141654974,8.701412607836865,48.8901787,8.7014517,2.9059354038739773,footway,48.8902962464612,8.701325357092095,15.94178635149212,pedestrian
scan_318,2026-04-08 13:29:30,48.89018955858484,8.701132792179882,48.890254341765896,8.701214356512992,48.890255021168436,8.70132593773002,3,81.16854891725818,8.167345436815156,15.904675957741702,wknn_fingerprinting_smoothed_road_snapped_route_matched,48.89024980738625,8.701139938502163,48.89018955858484,8.701132792179882,6.727262173403634,footway,48.890255021168436,8.70132593773002,8.167345436815156,pedestrian
scan_323,2026-04-08 13:30:09,48.89019273367197,8.701070873065978,48.89021531877804,8.700330005705798,48.8902341,8.7004542,3,31.6175056996384,9.327527848224745,45.37067219377065,wknn_fingerprinting_smoothed_road_snapped_route_matched,48.89027956723392,8.701081172704317,48.89019273367197,8.701070873065978,9.69566401850453,footway,48.8902341,8.7004542,9.327527848224745,steps
scan_325,2026-04-08 13:30:20,48.890198028571255,8.700967614333345,48.89043969720572,8.700458978708768,48.89043930485263,8.700469657919488,4,13.455413541232605,0.7828628971421414,45.27461327958578,wknn_fingerprinting_smoothed_road_snapped_route_matched,48.89026248190547,8.700975259371347,48.890198028571255,8.700967614333345,7.196731998202567,footway,48.89043930485263,8.700469657919488,0.7828628971421414,pedestrian
scan_326,2026-04-08 13:30:30,48.89020310824186,8.70086855289334,48.89036805930708,8.7004573204396,48.8903692,8.7004637,3,117.27602767260949,0.48389799666388256,34.92768253214521,wknn_fingerprinting_smoothed_road_snapped_route_matched,48.89026515976512,8.700875913044307,48.89020310824186,8.70086855289334,6.928550530191966,footway,48.8903692,8.7004637,0.48389799666388256,pedestrian
scan_327,2026-04-08 13:30:41,48.89020720057917,8.700788745980821,48.8905389785496,8.700541733285739,48.890541308096026,8.700478326750371,5,38.94673936456646,4.6481455246011425,43.58365188539955,wknn_fingerprinting_smoothed_road_snapped_route_matched,48.89028228151842,8.700797651599004,48.89020720057917,8.700788745980821,8.383389379555984,footway,48.890541308096026,8.700478326750371,4.6481455246011425,pedestrian
scan_328,2026-04-08 13:30:48,48.8903568,8.7007143,48.89040459579807,8.700329201002734,48.890399559522876,8.700466280129424,6,25.711597780055428,10.048892220172574,18.767036100674478,wknn_fingerprinting_smoothed_road_snapped_route_matched,48.8903055241188,8.700768426708121,48.8903568,8.7007143,6.948146749850257,pedestrian,48.890399559522876,8.700466280129424,10.048892220172574,pedestrian
scan_329,2026-04-08 13:30:55,48.8903571977967,8.700706260656911,48.89046693588372,8.70026402022323,48.89045931828959,8.700471358778152,5,37.1565949505708,15.19939794427147,20.611620143210917,wknn_fingerprinting_smoothed_road_snapped_route_matched,48.89031191039941,8.700701077151578,48.8903571977967,8.700706260656911,5.055648957115757,pedestrian,48.89045931828959,8.700471358778152,15.19939794427147,pedestrian
scan_330,2026-04-08 13:31:00,48.89036027337423,8.700644104227381,48.89037296324028,8.699978726213848,48.89036669677437,8.700120954976361,6,32.240228306060345,10.433511194644897,38.297604381134455,wknn_fingerprinting_smoothed_road_snapped_route_matched,48.89030615942733,8.700637910453231,48.89036027337423,8.700644104227381,6.040998944595202,pedestrian,48.89036669677437,8.700120954976361,10.433511194644897,pedestrian
scan_331,2026-04-08 13:31:02,48.89036143680237,8.700620591719755,48.8903209016061,8.700023423898035,48.890316828400444,8.700115872593381,6,45.615998903932436,6.781789306450668,37.27423141991942,wknn_fingerprinting_smoothed_road_snapped_route_matched,48.89030247289836,8.700613842829542,48.89036143680237,8.700620591719755,6.582422875841551,pedestrian,48.890316828400444,8.700115872593381,6.781789306450668,pedestrian
scan_332,2026-04-08 13:31:07,48.890364553921366,8.700557595750457,48.890293496769,8.700053133244872,48.89029084918436,8.700113224896748,4,77.56222640492916,4.408165454477144,33.5438117440681,wknn_fingerprinting_smoothed_road_snapped_route_matched,48.89029258046196,8.700549357813706,48.890364553921366,8.700557595750457,8.034741826815134,pedestrian,48.89029084918436,8.700113224896748,4.408165454477144,pedestrian
scan_333,2026-04-08 13:31:22,48.8902341,8.7004542,48.89033951786875,8.700198490954966,48.8903430402582,8.70011854399991,6,21.797581232235274,5.864692857834596,27.39790487981886,wknn_fingerprinting_smoothed_road_snapped_route_matched,48.89018027481718,8.700555747127572,48.8902341,8.7004542,9.54699533659419,steps,48.8903430402582,8.70011854399991,5.864692857834596,pedestrian
scan_334,2026-04-08 13:31:29,48.8902341,8.7004542,48.89030652841018,8.699758993491288,48.89017404677222,8.699732646149345,5,74.38567352312518,14.873404455949325,53.23433874557913,wknn_fingerprinting_smoothed_road_snapped_route_matched,48.89022050600667,8.700414597594438,48.8902341,8.7004542,3.2698766718389476,steps,48.89017404677222,8.699732646149345,14.873404455949325,secondary
scan_336,2026-04-08 13:31:36,48.89023501749532,8.700454240796859,48.89026308268298,8.699715775867524,48.89017696961747,8.699698650105015,4,45.53151068474471,9.667713037295625,55.68041494022721,wknn_fingerprinting_smoothed_road_snapped_route_matched,48.89023772324016,8.700313484372133,48.89023501749532,8.700454240796859,10.306829896049775,steps,48.89017696961747,8.699698650105015,9.667713037295625,secondary
scan_337,2026-04-08 13:31:44,48.890236799357695,8.700107716357017,48.89013412640596,8.699057658622085,48.89024210000001,8.6989644,4,31.821753742227294,13.822607281178751,83.6851838242133,wknn_fingerprinting_smoothed_road_snapped_route_matched,48.89023206114601,8.700215258427583,48.890236799357695,8.700107716357017,7.8890129858944045,pedestrian,48.89024210000001,8.6989644,13.822607281178751,footway
scan_338,2026-04-08 13:31:46,48.890235040540574,8.700107537105488,48.89024402405814,8.699432716749351,48.89020057640417,8.699424076085942,5,59.38057420618749,4.877766796148853,50.17167541376565,wknn_fingerprinting_smoothed_road_snapped_route_matched,48.89023162753919,8.700185001190595,48.890235040540574,8.700107537105488,5.682568463037719,pedestrian,48.89020057640417,8.699424076085942,4.877766796148853,secondary
scan_341,2026-04-08 13:31:51,48.89023362608231,8.700107392949622,48.89048637900173,8.699576691589693,48.89051075070867,8.69904731665402,3,63.84355879804947,38.84137703924062,83.49836590408644,wknn_fingerprinting_smoothed_road_snapped_route_matched,48.89023400388773,8.700098817989339,48.89023362608231,8.700107392949622,0.6290372693254593,pedestrian,48.89051075070867,8.69904731665402,38.84137703924062,pedestrian
scan_343,2026-04-08 13:31:58,48.890214319664025,8.700105425317552,48.890366142981335,8.699265523505654,48.89038140311561,8.698981726747949,3,7.483314773547883,20.841316622606865,84.3241367875987,wknn_fingerprinting_smoothed_road_snapped_route_matched,48.89021785939824,8.70002508482213,48.890214319664025,8.700105425317552,5.893576235852792,pedestrian,48.89038140311561,8.698981726747949,20.841316622606865,footway
scan_347,2026-04-08 13:32:12,48.89020619251105,8.700104597030993,48.89031074820483,8.699291316476867,48.890327754088204,8.698975053794717,5,32.64987569377853,23.22555773490516,83.77521060234406,wknn_fingerprinting_smoothed_road_snapped_route_matched,48.89021845213454,8.699826343305661,48.89020619251105,8.700104597030993,20.41199167516649,pedestrian,48.890327754088204,8.698975053794717,23.22555773490516,footway
scan_350,2026-04-08 13:32:19,48.89023655620518,8.700107691575894,48.89028364324385,8.699204545576485,48.89029619441654,8.698971128351456,4,19.104862306249697,17.141599292641516,83.45331075509704,wknn_fingerprinting_smoothed_road_snapped_route_matched,48.89025286581159,8.69973751619241,48.89023655620518,8.700107691575894,27.155114074696815,pedestrian,48.89029619441654,8.698971128351456,17.141599292641516,footway
scan_351,2026-04-08 13:32:27,48.89018309083797,8.69962745328624,48.89023436473871,8.699023628597068,48.89024210000001,8.6989644,4,31.388692231439016,4.4198289229857135,48.973660937993195,wknn_fingerprinting_smoothed_road_snapped_route_matched,48.89028298989228,8.699647320746806,48.89018309083797,8.69962745328624,11.2154338239282,secondary,48.89024210000001,8.6989644,4.4198289229857135,footway
scan_357,2026-04-08 13:32:46,48.89020372614257,8.699387441013869,48.890234272080164,8.699524328588094,48.89019266845095,8.699516054656657,4,147.7057886475679,4.670742441700615,9.493802533351863,wknn_fingerprinting_smoothed_road_snapped_route_matched,48.89026458007936,8.69939954335959,48.89020372614257,8.699387441013869,6.831929562473657,secondary,48.89019266845095,8.699516054656657,4.670742441700615,secondary
scan_359,2026-04-08 13:32:51,48.890210681394926,8.699306543447618,48.89023453297547,8.699849797861162,48.89022323023724,8.700106333447136,4,121.90365047856443,18.81879769048193,58.55596976711321,wknn_fingerprinting_smoothed_road_snapped_route_matched,48.89023923406083,8.699312221866068,48.890210681394926,8.699306543447618,3.205541220866571,secondary,48.89022323023724,8.700106333447136,18.81879769048193,pedestrian
scan_360,2026-04-08 13:32:59,48.890244350172956,8.698964679880168,48.89021280803166,8.699449268710804,48.89019865248075,8.69944645352313,3,100.48579851054282,1.5892106974932707,35.62764686150623,wknn_fingerprinting_smoothed_road_snapped_route_matched,48.890230856583294,8.699215623287142,48.890244350172956,8.698964679880168,18.428699331144674,footway,48.89019865248075,8.69944645352313,1.5892106974932707,secondary
scan_364,2026-04-08 13:33:14,48.89024210000001,8.6989644,48.890214959020554,8.699365639070631,48.890205757912454,8.699363809198589,3,29.533844663746265,1.0329869536867253,29.5126771670256,wknn_fingerprinting_smoothed_road_snapped_route_matched,48.89022876719995,8.699035909230808,48.89024210000001,8.6989644,5.440368051578246,footway,48.890205757912454,8.699363809198589,1.0329869536867253,secondary
scan_366,2026-04-08 13:33:29,48.89024210000001,8.6989644,48.89008606388032,8.699096570467553,48.89024210000001,8.6989644,3,32.92415526630866,19.882191979712086,0.0,wknn_fingerprinting_smoothed_road_snapped_route_matched,48.89023063670346,8.698894255087897,48.89024210000001,8.6989644,5.290349298863031,footway,48.89024210000001,8.6989644,19.882191979712086,footway
scan_368,2026-04-08 13:33:38,48.8902713,8.6987648,48.89003980567992,8.69891569743314,48.89024210000001,8.6989644,3,55.19113147563703,22.79979699550871,14.966624089238083,wknn_fingerprinting_smoothed_road_snapped_route_matched,48.89023077501373,8.698840164672346,48.8902713,8.6987648,7.125984386901327,pedestrian,48.89024210000001,8.6989644,22.79979699550871,footway
scan_379,2026-04-08 13:34:44,48.89085055441456,8.698954518355674,48.89039618133411,8.698952101689112,48.89038761469744,8.69894964301198,3,20.683153452559083,0.9704691412209165,51.5356847162429,wknn_fingerprinting_smoothed_road_snapped_route_matched,48.89086206342628,8.698874101271729,48.89085055441456,8.698954518355674,6.023742029005411,pedestrian,48.89038761469744,8.69894964301198,0.9704691412209165,pedestrian
scan_380,2026-04-08 13:34:47,48.8908774436038,8.698963420237433,48.890756476298606,8.699424932488272,48.89079121246326,8.699088187882124,3,53.88314556907948,24.948678901734816,13.249141625157037,wknn_fingerprinting_smoothed_road_snapped_route_matched,48.89088819257826,8.698888313746627,48.8908774436038,8.698963420237433,5.6259425267601495,pedestrian,48.89079121246326,8.699088187882124,24.948678901734816,pedestrian
scan_382,2026-04-08 13:34:58,48.890948010987685,8.698986782135854,48.89079561798266,8.699215522168588,48.890808331508296,8.69909227271204,3,34.53500639447844,9.131278340211713,17.36059954665652,wknn_fingerprinting_smoothed_road_snapped_route_matched,48.890952869655166,8.698952833057202,48.890948010987685,8.698986782135854,2.5429935540227278,pedestrian,48.890808331508296,8.69909227271204,9.131278340211713,pedestrian
scan_383,2026-04-08 13:35:02,48.8909532,8.6989885,48.89086543274496,8.699162536232183,48.890871134801785,8.699107258406135,3,20.273134932713294,4.09540561610341,12.609979717511965,wknn_fingerprinting_smoothed_road_snapped_route_matched,48.89096391873114,8.698965466434121,48.8909532,8.6989885,2.065413699205353,pedestrian,48.890871134801785,8.699107258406135,4.09540561610341,pedestrian
scan_384,2026-04-08 13:35:05,48.8909950887321,8.69906413377886,48.890905628837885,8.699104598107802,48.89090486188917,8.699112030840942,3,31.829500263314586,0.5506776661814955,10.638273074720523,wknn_fingerprinting_smoothed_road_snapped_route_matched,48.89100289997757,8.699065408047332,48.8909950887321,8.69906413377886,0.8745353597766307,pedestrian,48.89090486188917,8.699112030840942,0.5506776661814955,pedestrian
scan_385,2026-04-08 13:35:09,48.890985290673605,8.699188750224206,48.89093693980086,8.699090435592673,48.89093399398842,8.699118984368528,3,43.385865593915874,2.115125512517018,7.660452835881551,wknn_fingerprinting_smoothed_road_snapped_route_matched,48.89104697295447,8.699202091179412,48.890985290673605,8.699188750224206,6.935552680959916,pedestrian,48.89093399398842,8.699118984368528,2.115125512517018,pedestrian
scan_393,2026-04-08 13:35:46,48.89094833608923,8.699667641071324,48.89093582823977,8.699368270626925,48.8909681377241,8.699373298614043,3,52.491269115285576,3.6154699730627233,21.6560689832289,wknn_fingerprinting_smoothed_road_snapped_route_matched,48.89104187192714,8.699682197096053,48.89094833608923,8.699667641071324,10.466772153330835,pedestrian,48.8909681377241,8.699373298614043,3.6154699730627233,pedestrian
scan_394,2026-04-08 13:35:54,48.89094706878841,8.699686478932076,48.890934833293535,8.699578036427635,48.8909541618108,8.699581044322576,3,41.85448956336699,2.1628842190076885,7.757288074981749,wknn_fingerprinting_smoothed_road_snapped_route_matched,48.89099730806727,8.699694297151993,48.89094706878841,8.699686478932076,5.6218354201347065,pedestrian,48.8909541618108,8.699581044322576,2.1628842190076885,pedestrian
scan_395,2026-04-08 13:36:01,48.890936466754106,8.69984407343604,48.890934195713,8.699713330683291,48.89094514770177,8.699715035026719,4,55.069403467166154,1.2255406536587166,9.493925463916801,wknn_fingerprinting_smoothed_road_snapped_route_matched,48.89092353478779,8.699842060969708,48.890936466754106,8.69984407343604,1.4471025124373904,pedestrian,48.89094514770177,8.699715035026719,1.2255406536587166,pedestrian
scan_396,2026-04-08 13:36:03,48.89093376391203,8.699884249976252,48.89109559063765,8.699751527045489,48.89094427686572,8.699727979615623,3,89.26886977072557,16.93219202308141,11.497500962593934,wknn_fingerprinting_smoothed_road_snapped_route_matched,48.8909048969577,8.699879757715928,48.89093376391203,8.699884249976252,3.230246751868749,pedestrian,48.89094427686572,8.699727979615623,16.93219202308141,pedestrian
scan_397,2026-04-08 13:36:08,48.890933003683166,8.699965508541517,48.89104360799041,8.699728760205794,48.89094525403795,8.69971345438688,3,14.189197769195175,11.005924933443623,18.498754003133538,wknn_fingerprinting_smoothed_road_snapped_route_matched,48.89089744188424,8.699964795287153,48.890933003683166,8.699965508541517,3.959083658992607,pedestrian,48.89094525403795,8.69971345438688,11.005924933443623,pedestrian
scan_423,2026-04-08 13:38:39,48.89075916449097,8.700316505429024,48.891005162562976,8.699783181625454,48.89094123249354,8.699773232848209,3,167.52412761549704,7.153851263611241,44.630932138362006,wknn_fingerprinting_smoothed_road_snapped_route_matched,48.89071872427638,8.700315641325643,48.89075916449097,8.700316505429024,4.502248938456413,pedestrian,48.89094123249354,8.699773232848209,7.153851263611241,pedestrian
scan_437,2026-04-08 13:40:19,48.89072865111644,8.700944678644221,48.89106181896882,8.700553614814137,48.8908564,8.7006985,4,53.08998636777078,25.20644802484542,22.95433722601571,wknn_fingerprinting_smoothed_road_snapped_route_matched,48.89072532164,8.700992500773795,48.89072865111644,8.700944678644221,3.519794153290451,pedestrian,48.8908564,8.7006985,25.20644802484542,footway
scan_439,2026-04-08 13:40:33,48.89077168160369,8.701165712017891,48.89107495221919,8.700911029240924,48.8912496,8.7009372,3,38.88444419044716,19.535924506025736,55.768966576224216,wknn_fingerprinting_smoothed_road_snapped_route_matched,48.89077850803361,8.701165731989507,48.89077168160369,8.701165712017891,0.7599195851152162,pedestrian,48.8912496,8.7009372,19.535924506025736,pedestrian
scan_443,2026-04-08 13:40:51,48.89077265181634,8.701400293490996,48.89101211882267,8.701287097472017,48.89101225506241,8.701295700477058,4,47.953701542579395,0.629855231775146,27.749503114129112,wknn_fingerprinting_smoothed_road_snapped_route_matched,48.89080855339977,8.70139924225622,48.89077265181634,8.701400293490996,3.9973048529767374,pedestrian,48.89101225506241,8.701295700477058,0.629855231775146,pedestrian
scan_448,2026-04-08 13:41:13,48.89077686266909,8.701732950858338,48.8909914152122,8.701573348899242,48.89099667135618,8.70157318164278,4,63.59787868464551,0.5852419970845534,27.11981842644151,wknn_fingerprinting_smoothed_road_snapped_route_matched,48.890870963886776,8.70173019547695,48.89077686266909,8.701732950858338,10.477288690841876,pedestrian,48.89099667135618,8.70157318164278,0.5852419970845534,pedestrian
scan_452,2026-04-08 13:41:49,48.89100127241706,8.701907653206783,48.890924181780775,8.701316669946431,48.89092376749043,8.701300355517445,3,30.95157508108432,1.194980850457514,45.2790569055324,wknn_fingerprinting_smoothed_road_snapped_route_matched,48.89101102918068,8.70190734273542,48.89100127241706,8.701907653206783,1.0863606194034385,pedestrian,48.89092376749043,8.701300355517445,1.194980850457514,pedestrian
scan_455,2026-04-08 13:42:16,48.89102255857702,8.70158004279029,48.890870806718794,8.701263834671442,48.89087181163621,8.70130340750333,3,38.88444419044716,2.8985891446478926,26.297710263107994,wknn_fingerprinting_smoothed_road_snapped_route_matched,48.89106726132341,8.701577003183003,48.89102255857702,8.70158004279029,4.981280329921556,pedestrian,48.89087181163621,8.70130340750333,2.8985891446478926,pedestrian
scan_464,2026-04-08 13:43:58,48.89077394971534,8.701502827511788,48.89083645250294,8.701311595258286,48.890836297558316,8.701305493667943,3,70.58092282385282,0.44692317519355274,16.02442139362311,wknn_fingerprinting_smoothed_road_snapped_route_matched,48.89081754529873,8.701501550988738,48.89077394971534,8.701502827511788,4.853959642056927,pedestrian,48.890836297558316,8.701305493667943,0.44692317519355274,pedestrian
scan_478,2026-04-08 13:48:05,48.89079931969385,8.700839980462638,48.89089413947288,8.70152021554026,48.8909734,8.7014988,3,30.95157508108432,8.961429229307436,51.9688440673641,wknn_fingerprinting_smoothed_road_snapped_route_matched,48.890819764374186,8.700840793174793,48.89079931969385,8.700839980462638,2.276679043228388,footway,48.8909734,8.7014988,8.961429229307436,pedestrian
scan_494,2026-04-08 13:50:47,48.89076044763533,8.700177594703643,48.89069020898099,8.701236464313507,48.89069259923829,8.701314864429849,3,37.59432581299116,5.744477420449043,83.58161789785329,wknn_fingerprinting_smoothed_road_snapped_route_matched,48.89077554485152,8.70017791729257,48.89076044763533,8.700177594703643,1.680787954685803,pedestrian,48.89069259923829,8.701314864429849,5.744477420449043,pedestrian
scan_496,2026-04-08 13:51:05,48.89068427584908,8.700153321351227,48.89055662739894,8.701051904881234,48.89056591739348,8.700918470591459,3,99.65774764997785,9.821035071952066,57.532319784118975,wknn_fingerprinting_smoothed_road_snapped_route_matched,48.890683023051416,8.700181755974606,48.89068427584908,8.700153321351227,2.0858729211125775,pedestrian,48.89056591739348,8.700918470591459,9.821035071952066,pedestrian
scan_500,2026-04-08 13:51:27,48.8912496,8.7009372,48.89045322062564,8.700929985330909,48.89045526303034,8.700900649851329,6,15.9525455553209,2.1591554010420575,88.46604869002611,wknn_fingerprinting_smoothed_road_snapped_route_matched,48.89121090885359,8.700737457261402,48.8912496,8.7009372,15.240808242847239,pedestrian,48.89045526303034,8.700900649851329,2.1591554010420575,pedestrian
scan_502,2026-04-08 13:52:06,48.89020589530858,8.70010456674132,48.89042148694104,8.700813802584943,48.89041588199215,8.70089430758675,5,48.03696235049983,5.925347799600257,62.351431525704065,wknn_fingerprinting_smoothed_road_snapped_route_matched,48.89020756471847,8.700066676552114,48.89020589530858,8.70010456674132,2.7795293446442306,pedestrian,48.89041588199215,8.70089430758675,5.925347799600257,pedestrian
scan_503,2026-04-08 13:52:12,48.890231164474514,8.700107142072511,48.89038873319558,8.700777974069887,48.89038102461871,8.700888693852454,8,29.065073389142476,8.149228414013713,59.58727090844106,wknn_fingerprinting_smoothed_road_snapped_route_matched,48.89023199438218,8.70008830585444,48.890231164474514,8.700107142072511,1.381777088589335,pedestrian,48.89038102461871,8.700888693852454,8.149228414013713,pedestrian
scan_504,2026-04-08 13:52:20,48.89021022466206,8.700105007971517,48.890718966655896,8.700770106001803,48.890754769222916,8.70077093070335,4,19.710403344427025,3.9859988337540506,77.78382121474591,wknn_fingerprinting_smoothed_road_snapped_route_matched,48.89021042371543,8.700100490105678,48.89021022466206,8.700105007971517,0.3314192993868314,pedestrian,48.890754769222916,8.70077093070335,3.9859988337540506,pedestrian
scan_506,2026-04-08 13:52:30,48.89015007400308,8.700098877659627,48.89051732495654,8.700041242873525,48.89051315527829,8.700135881434738,3,33.50124375800596,6.942404783247328,40.50885228084772,wknn_fingerprinting_smoothed_road_snapped_route_matched,48.89015158305616,8.700064627075314,48.89015007400308,8.700098877659627,2.5125398577912184,pedestrian,48.89051315527829,8.700135881434738,6.942404783247328,pedestrian
scan_509,2026-04-08 13:52:56,48.890139500000004,8.7000978,48.890394501411635,8.69996202097727,48.89038740593989,8.700123065570754,3,23.629078131263043,11.813783770082999,27.658779985489566,wknn_fingerprinting_smoothed_road_snapped_route_matched,48.890110463785305,8.699708722078695,48.890139500000004,8.7000978,28.660821304097258,pedestrian,48.89038740593989,8.700123065570754,11.813783770082999,pedestrian
scan_514,2026-04-08 13:53:18,48.890200123152816,8.699429347919354,48.89031466610744,8.69991052674471,48.890305668864805,8.700114735258643,3,46.99290726623895,14.980192888043522,51.52334287549705,wknn_fingerprinting_smoothed_road_snapped_route_matched,48.89008063227524,8.69940558419197,48.890200123152816,8.699429347919354,13.414962430746911,secondary,48.890305668864805,8.700114735258643,14.980192888043522,pedestrian
scan_524,2026-04-08 13:54:14,48.89024210000001,8.6989644,48.89021304842233,8.699458630213744,48.89019786518765,8.69945561064527,3,34.7864831557247,1.7045863577817904,36.28897438943335,wknn_fingerprinting_smoothed_road_snapped_route_matched,48.890064150938834,8.698930434121836,48.89024210000001,8.6989644,19.964682847254988,footway,48.89019786518765,8.69945561064527,1.7045863577817904,secondary
scan_526,2026-04-08 13:54:23,48.89007482578946,8.69864778720185,48.890158497177964,8.69917136395588,48.89024210000001,8.6989644,3,63.814750655693345,17.778865292334746,29.728356678481738,wknn_fingerprinting_smoothed_road_snapped_route_matched,48.89002586722074,8.698849190701473,48.89007482578946,8.69864778720185,15.716666006446724,residential,48.89024210000001,8.6989644,17.778865292334746,footway
scan_528,2026-04-08 13:54:32,48.89002960809271,8.69862236169929,48.89012231819064,8.698984235657264,48.89024210000001,8.6989644,3,30.178050828020684,13.412917577002688,34.44259232678084,wknn_fingerprinting_smoothed_road_snapped_route_matched,48.88999343339338,8.698771175442905,48.89002960809271,8.69862236169929,11.612794049160309,residential,48.89024210000001,8.6989644,13.412917577002688,footway
scan_531,2026-04-08 13:54:48,48.89007554253019,8.698648190218687,48.8898676211663,8.698640548572715,48.88984267239388,8.698634369841182,3,57.0701322935211,2.813877431556826,25.94283248494642,wknn_fingerprinting_smoothed_road_snapped_route_matched,48.89007059815828,8.698668530159678,48.89007554253019,8.698648190218687,1.587240466277388,residential,48.88984267239388,8.698634369841182,2.813877431556826,path
scan_533,2026-04-08 13:55:03,48.89008695653116,8.698654608208365,48.88970206810048,8.698417151967758,48.8897054514184,8.69840752337228,3,83.26063495634256,0.7990821426056468,46.15946512321024,wknn_fingerprinting_smoothed_road_snapped_route_matched,48.89010247472679,8.69859077010646,48.89008695653116,8.698654608208365,4.981644571380028,residential,48.8897054514184,8.69840752337228,0.7990821426056468,residential
scan_537,2026-04-08 13:55:27,48.889862035951914,8.698394635202549,48.88968777338161,8.69810935793066,48.8895797,8.6981586,3,39.58660157621672,12.559016922066103,35.86493555427635,wknn_fingerprinting_smoothed_road_snapped_route_matched,48.88996400390268,8.69840838573441,48.889862035951914,8.698394635202549,11.39560390123494,path,48.8895797,8.6981586,12.559016922066103,pedestrian
scan_538,2026-04-08 13:55:37,48.88986419784699,8.698357552039981,48.88954651131567,8.698209673503165,48.889563267589445,8.698148233759698,6,32.240542424765245,4.868546416106422,36.83676859813366,wknn_fingerprinting_smoothed_road_snapped_route_matched,48.889881018847966,8.698359820374808,48.88986419784699,8.698357552039981,1.8798599337057122,path,48.889563267589445,8.698148233759698,4.868546416106422,pedestrian
scan_541,2026-04-08 13:56:04,48.889621104070976,8.698160076153208,48.889551673353196,8.698181728776756,48.88956116934397,8.698146910100167,3,43.91658760271188,2.7590663129216555,6.741170344783958,wknn_fingerprinting_smoothed_road_snapped_route_matched,48.88969726226518,8.698186923425363,48.889621104070976,8.698160076153208,8.702687400606019,pedestrian,48.88956116934397,8.698146910100167,2.7590663129216555,pedestrian
scan_543,2026-04-08 13:56:22,48.889565710431505,8.698106874687078,48.88955399267958,8.698168908704892,48.88956016507342,8.698146276565009,3,12.384093299685372,1.7933930321802132,2.9493190551831923,wknn_fingerprinting_smoothed_road_snapped_route_matched,48.889525429659685,8.698088812008793,48.889565710431505,8.698106874687078,4.674897339346071,pedestrian,48.88956016507342,8.698146276565009,1.7933930321802132,pedestrian
scan_573,2026-04-08 14:01:10,48.888010911334426,8.697635380163991,48.888539738379926,8.697973497145123,48.88853986544226,8.69797503590615,5,25.314027731674784,0.11351551755082548,63.91657585292931,wknn_fingerprinting_smoothed_road_snapped_route_matched,48.887995155211264,8.697680641351576,48.888010911334426,8.697635380163991,3.748619741845599,residential,48.88853986544226,8.69797503590615,0.11351551755082548,pedestrian
scan_579,2026-04-08 14:02:15,48.887039444909874,8.696831200359917,48.88777877749271,8.698044335028454,48.88791148680162,8.697693591031346,5,12.657013865837392,29.62042555013102,115.79503736341987,wknn_fingerprinting_smoothed_road_snapped_route_matched,48.88699034808451,8.696937076459037,48.887039444909874,8.696831200359917,9.483278579335986,residential,48.88791148680162,8.697693591031346,29.62042555013102,residential
scan_580,2026-04-08 14:02:37,48.88636403185934,8.698174345937128,48.887520502624305,8.697620265074084,48.88759481823471,8.697421619623281,5,12.657013865837392,16.729016002959465,147.67508062688378,wknn_fingerprinting_smoothed_road_snapped_route_matched,48.88645621436865,8.697962885748854,48.88636403185934,8.698174345937128,18.57126719377462,residential,48.88759481823471,8.697421619623281,16.729016002959465,residential
scan_601,2026-04-08 14:04:43,48.88668744655333,8.707133914455683,48.8872476767058,8.701521902298154,48.8872964,8.7016192,20,0.0,8.952141918057432,409.3211873072958,wknn_fingerprinting_smoothed_road_snapped_route_matched,48.88668744655333,8.707133914455683,48.88668744655333,8.707133914455683,,,48.8872964,8.7016192,8.952141918057432,footway
scan_602,2026-04-08 14:04:52,48.886488445529984,8.708173429249271,48.88707383985877,8.704040361493801,48.88716240000001,8.7041588,20,0.0,13.12820444212533,303.2918171449522,wknn_fingerprinting_smoothed_road_snapped_route_matched,48.886488445529984,8.708173429249271,48.886488445529984,8.708173429249271,,,48.88716240000001,8.7041588,13.12820444212533,path
scan_603,2026-04-08 14:05:01,48.88635802928222,8.709223306460068,48.887041170908205,8.70546518997097,48.8872155,8.705838,20,0.0,33.485689736120044,265.5498614309363,wknn_fingerprinting_smoothed_road_snapped_route_matched,48.88635802928222,8.709223306460068,48.88635802928222,8.709223306460068,,,48.8872155,8.705838,33.485689736120044,service
scan_613,2026-04-08 14:06:43,48.87978138574744,8.715180063837892,48.88435896853068,8.709251821576526,48.88435896853068,8.709251821576526,3,0.0,,669.3450637927233,wknn_fingerprinting_smoothed_road_snapped_route_matched,48.87978138574744,8.715180063837892,48.87978138574744,8.715180063837892,,,48.88435896853068,8.709251821576526,,
scan_614,2026-04-08 14:07:05,48.87937773554384,8.71628413741541,48.882756814556544,8.711326706368004,48.882756814556544,8.711326706368004,3,0.0,,522.6983057618547,wknn_fingerprinting_smoothed_road_snapped_route_matched,48.87937773554384,8.71628413741541,48.87937773554384,8.71628413741541,,,48.882756814556544,8.711326706368004,,
