scan_id,timestamp,actual_latitude,actual_longitude,raw_estimated_latitude,raw_estimated_longitude,estimated_latitude,estimated_longitude,matched_access_points,residual_rmse,snap_distance_m,error_m,method,raw_actual_latitude,raw_actual_longitude,matched_actual_latitude,matched_actual_longitude,gps_snap_distance_m,gps_road_type,matched_estimated_latitude,matched_estimated_longitude,wifi_snap_distance_m,wifi_road_type,seen_calibrated_aps,median_router_rmse_m,good_router_count,usable_router_count,weak_router_count,gps_jump_m,wifi_jump_m,is_outlier,outlier_reason
scan_01,2026-04-08 11:32:48,48.87859698231721,8.715912761038608,48.87860811971721,8.715648679771151,48.87860811971721,8.715648679771151,3,47.521924764610844,,19.373192859794283,wknn_fingerprinting_smoothed_road_snapped_route_matched,48.87859698231721,8.715912761038608,48.87859698231721,8.715912761038608,,,48.87860811971721,8.715648679771151,,,4,0.7372803097490346,0,2,2,0.0,0.0,True,high_rmse
scan_16,2026-04-08 12:04:01,48.88972488795268,8.695300555635395,48.88269666701146,8.709812873937468,48.88269666701146,8.709812873937468,5,15.082595409820314,,1319.2507357162538,wknn_fingerprinting_smoothed_road_snapped_route_matched,48.88971471078834,8.695300961700791,48.88972488795268,8.695300555635395,1.1333117320118722,residential,48.88269666701146,8.709812873937468,,,12,120.90160146746217,0,0,12,1917.1196990507624,620.5922285671752,True,high_error;weak_router_support
scan_20,2026-04-08 12:06:02,48.88973940898665,8.696378386109574,48.88514219634758,8.705463211738236,48.88514219634758,8.705463211738236,3,38.97007398846795,,839.0859581184866,wknn_fingerprinting_smoothed_road_snapped_route_matched,48.88980351745669,8.69637696252907,48.88973940898665,8.696378386109574,7.137315513510973,residential,48.88514219634758,8.705463211738236,,,6,39.07449317405229,0,1,5,78.90733072580976,418.9215182138056,True,high_error;weak_router_support
scan_22,2026-04-08 12:06:30,48.88972467712202,8.696699752991917,48.88679884111323,8.702908574958883,48.88687376704676,8.702863702505473,5,51.39588580473312,8.964190854466443,551.6056938485235,wknn_fingerprinting_smoothed_road_snapped_route_matched,48.88977385104084,8.696722641796185,48.88972467712202,8.696699752991917,5.724668314247665,residential,48.88687376704676,8.702863702505473,8.964190854466443,path,8,35.8959201568386,0,2,6,23.579240840855757,270.8566981445476,True,high_rmse;high_error;weak_router_support
scan_25,2026-04-08 12:07:41,48.88968389368609,8.69738526765395,48.88782803986893,8.700623008861625,48.8879623,8.700736,3,38.97007398846795,17.081591886456582,311.25287566739814,wknn_fingerprinting_smoothed_road_snapped_route_matched,48.88969432278769,8.697389132041538,48.88968389368609,8.69738526765395,1.194926808380818,pedestrian,48.8879623,8.700736,17.081591886456582,footway,3,40.37291463272438,0,1,2,50.380595512455834,197.33013302853155,True,high_error;weak_router_support
scan_26,2026-04-08 12:08:02,48.889659346248735,8.697558960323315,48.88853456643176,8.6999138608317,48.88857858942963,8.699840066696941,3,48.13176359397884,7.2932583561857545,205.79435915078275,wknn_fingerprinting_smoothed_road_snapped_route_matched,48.88965693991006,8.697558467242297,48.889659346248735,8.697558960323315,0.2702939358680504,pedestrian,48.88857858942963,8.699840066696941,7.2932583561857545,living_street,13,11.445526257579614,0,5,8,13.003646202119038,94.90671508931366,True,high_rmse;high_error
scan_27,2026-04-08 12:08:31,48.88966042701101,8.697546760257767,48.88889287318064,8.699294794540606,48.88890117234414,8.69926009493847,5,33.58836439349036,2.7026551087405637,151.22947037497752,wknn_fingerprinting_smoothed_road_snapped_route_matched,48.8896420292112,8.697542990379423,48.88966042701101,8.697546760257767,2.066547732927936,pedestrian,48.88890117234414,8.69926009493847,2.7026551087405637,residential,8,17.694450185901232,1,6,1,0.9010417033036245,55.60249754558234,True,high_error;weak_router_support
scan_30,2026-04-08 12:09:15,48.88964419713755,8.69772996939107,48.889239032167936,8.69886049025207,48.88926857570714,8.698743325697198,5,38.151730613835184,9.184825334758854,85.14621503424736,wknn_fingerprinting_smoothed_road_snapped_route_matched,48.889626166731695,8.697726274795905,48.88964419713755,8.69772996939107,2.025279914195149,pedestrian,48.88926857570714,8.698743325697198,9.184825334758854,pedestrian,5,37.77607171538021,0,2,3,13.531000587694656,55.70889345490582,True,weak_router_support
scan_33,2026-04-08 12:10:31,48.88949792151426,8.697897825261407,48.889605359555944,8.698574942873666,48.889589383394366,8.698570110039556,3,70.16538362493182,1.8133039620435472,50.24976639013727,wknn_fingerprinting_smoothed_road_snapped_route_matched,48.889464695381,8.69804371053606,48.88949792151426,8.697897825261407,11.300447134699244,pedestrian,48.889589383394366,8.698570110039556,1.8133039620435472,pedestrian,8,15.191356615129092,0,4,4,18.387141867035922,31.78210284336576,True,high_rmse;weak_router_support
scan_55,2026-04-08 12:50:06,48.889504838298706,8.698255620086316,48.88958992470937,8.698419153867581,48.88960839456136,8.698424741048953,3,38.622100754188224,2.0963393338263177,16.91521181549168,wknn_fingerprinting_smoothed_road_snapped_route_matched,48.88951383645598,8.698225544548315,48.889504838298706,8.698255620086316,2.4185404345537744,pedestrian,48.88960839456136,8.698424741048953,2.0963393338263177,pedestrian,8,15.61379154919987,1,2,5,26.1998878311584,10.848598923734135,True,weak_router_support
scan_59,2026-04-08 12:50:43,48.88931659071524,8.69847119850687,48.889680435681726,8.698322296621281,48.88962,8.698336,4,26.96931988597143,6.802056382436803,35.19535294607009,wknn_fingerprinting_smoothed_road_snapped_route_matched,48.88925460139264,8.69843281683713,48.88931659071524,8.69847119850687,7.450594675235102,pedestrian,48.88962,8.698336,6.802056382436803,pedestrian,8,17.48631675727855,0,4,4,15.56390234746572,0.0,True,weak_router_support
scan_64,2026-04-08 12:51:27,48.889456175355484,8.698221943392777,48.88965214016537,8.698381712003998,48.88961547245327,8.698370619910355,4,45.1191352009209,4.161807359603973,20.805815984757217,wknn_fingerprinting_smoothed_road_snapped_route_matched,48.88942810497916,8.698315766014318,48.889456175355484,8.698221943392777,7.5448083650074045,pedestrian,48.88961547245327,8.698370619910355,4.161807359603973,pedestrian,5,24.78359901747013,0,3,2,23.964446239784042,2.5836141841433045,True,high_rmse;weak_router_support
scan_65,2026-04-08 12:51:36,48.8895307002633,8.69827351759515,48.889800080133796,8.698474838323246,48.889797456881055,8.698482303856517,3,110.0605893739141,0.6195673613471261,33.396890523363595,wknn_fingerprinting_smoothed_road_snapped_route_matched,48.88949854887613,8.698380980716754,48.8895307002633,8.69827351759515,8.64170674959904,pedestrian,48.889797456881055,8.698482303856517,0.6195673613471261,residential,4,34.88519167816267,0,1,3,9.11458596255894,21.84562278040198,True,high_rmse;weak_router_support
scan_67,2026-04-08 12:51:54,48.889599908832764,8.698489627218295,48.88973261693127,8.698460158352026,48.88974096837157,8.698436390951226,4,55.9531292355032,1.9724678285877375,16.178989102275583,wknn_fingerprinting_smoothed_road_snapped_route_matched,48.889655522532514,8.698506450531182,48.889599908832764,8.698489627218295,6.312188339377629,pedestrian,48.88974096837157,8.698436390951226,1.9724678285877375,residential,10,37.30930513397575,0,3,7,17.594459877309387,7.129937987287229,True,high_rmse;weak_router_support
scan_69,2026-04-08 12:52:12,48.8898466871913,8.698596871633269,48.889794192995055,8.698493104781317,48.88979787020103,8.698482639796008,5,42.804148747163055,0.8684930876366456,9.971920820309242,wknn_fingerprinting_smoothed_road_snapped_route_matched,48.88980222408848,8.698585860055974,48.8898466871913,8.698596871633269,5.014824812815175,path,48.88979787020103,8.698482639796008,0.8684930876366456,residential,14,26.698974795584846,0,6,8,28.570842890251473,7.1821069230200605,True,weak_router_support
scan_73,2026-04-08 12:52:46,48.89000079952031,8.698606162899171,48.89001089528848,8.698613263143887,48.89001119970936,8.698612010831562,5,52.621851100817395,0.09772511506706194,1.234339433508,wknn_fingerprinting_smoothed_road_snapped_route_matched,48.88998564571088,8.698668501907346,48.89000079952031,8.698606162899171,4.8646728036386415,residential,48.89001119970936,8.698612010831562,0.09772511506706194,residential,12,38.16003872327564,0,4,8,17.269155365332782,8.465893150175955,True,high_rmse;weak_router_support
scan_74,2026-04-08 12:52:56,48.890071110851714,8.6986456983259,48.8900242231302,8.69862025904903,48.89002442100374,8.698619445045997,3,31.003479014063515,0.06352131009620668,5.541352224761532,wknn_fingerprinting_smoothed_road_snapped_route_matched,48.890060742240735,8.69868835225887,48.890071110851714,8.6986456983259,3.328527909238295,residential,48.89002442100374,8.698619445045997,0.06352131009620668,residential,12,16.331227203649657,1,4,7,8.344852308020027,1.5691603540720733,True,weak_router_support
scan_75,2026-04-08 12:53:04,48.8900937,8.6986584,48.89011488518192,8.699142526298186,48.89024210000001,8.6989644,4,15.72569688416055,19.249176932181307,27.83059407722716,wknn_fingerprinting_smoothed_road_snapped_route_matched,48.89012124026355,8.698770845401743,48.8900937,8.6986584,8.78273072670882,residential,48.89024210000001,8.6989644,19.249176932181307,footway,29,33.36355169879227,0,3,26,2.680977324626483,34.99535805084586,True,weak_router_support
scan_76,2026-04-08 12:53:13,48.89024210000001,8.6989644,48.889984011096516,8.698231596288394,48.889872418190784,8.698216547812835,5,33.75276559049856,12.471257301855763,68.4820480996106,wknn_fingerprinting_smoothed_road_snapped_route_matched,48.89012678023144,8.698836909294055,48.89024210000001,8.6989644,15.87058275748192,footway,48.889872418190784,8.698216547812835,12.471257301855763,path,14,65.01418719708437,0,0,14,27.830567328577658,68.48220984417671,True,weak_router_support
scan_77,2026-04-08 12:53:22,48.89024210000001,8.6989644,48.89007223687439,8.69850692883546,48.890042424806076,8.69862956842148,3,42.488656177651364,9.570259208016344,33.086114705816435,wknn_fingerprinting_smoothed_road_snapped_route_matched,48.890133097721495,8.698895899800554,48.89024210000001,8.6989644,13.129168027898306,footway,48.890042424806076,8.69862956842148,9.570259208016344,residential,7,23.637645242942504,0,4,3,0.0,35.66573532978022,True,weak_router_support
scan_78,2026-04-08 12:53:31,48.89024210000001,8.6989644,48.89011058455819,8.698904360407198,48.89024210000001,8.6989644,4,37.35713758550337,15.285615762426803,0.0,wknn_fingerprinting_smoothed_road_snapped_route_matched,48.89014008298814,8.698909968172023,48.89024210000001,8.6989644,12.035096110002593,footway,48.89024210000001,8.6989644,15.285615762426803,footway,12,31.457024846362476,0,2,10,0.0,33.086150953326054,True,weak_router_support
scan_80,2026-04-08 12:53:49,48.89024210000001,8.6989644,48.89015381496282,8.699446804264678,48.890197869066874,8.699455565525467,4,21.860800694864423,4.945851582408244,36.28564387004605,wknn_fingerprinting_smoothed_road_snapped_route_matched,48.89014079524099,8.69891439183786,48.89024210000001,8.6989644,11.856384216318734,footway,48.890197869066874,8.699455565525467,4.945851582408244,secondary,15,35.743824863401954,0,5,10,0.0,36.285659624164026,True,weak_router_support
scan_87,2026-04-08 12:54:53,48.89062618688154,8.698879938577646,48.89051114442877,8.699035849287842,48.890510617141764,8.699047302429749,4,62.750277572508594,0.8403412272111488,17.764346854726284,wknn_fingerprinting_smoothed_road_snapped_route_matched,48.89062028276742,8.69892088655433,48.89062618688154,8.698879938577646,3.0683137753836656,pedestrian,48.890510617141764,8.699047302429749,0.8403412272111488,pedestrian,11,8.409037113512232,0,4,7,28.01894312788232,18.66485730351758,True,high_rmse
scan_91,2026-04-08 12:55:30,48.89088985690359,8.69896752975989,48.89055994477668,8.698927983189856,48.89055423761849,8.699051947812844,3,83.2986594529988,9.095537517241068,37.86861121099417,wknn_fingerprinting_smoothed_road_snapped_route_matched,48.8908821141815,8.699021630608312,48.89088985690359,8.69896752975989,4.052489965313624,pedestrian,48.89055423761849,8.699051947812844,9.095537517241068,pedestrian,6,2.589844208388258,0,1,5,9.661278151862101,3.8286944240418346,True,high_rmse
scan_95,2026-04-08 12:55:57,48.89111053334661,8.699034677497046,48.890832144950664,8.699024044792303,48.89082470406597,8.699096179420229,5,73.92022727237789,5.3442904062704235,32.13535413859797,wknn_fingerprinting_smoothed_road_snapped_route_matched,48.8911053882836,8.699076431933364,48.89111053334661,8.699034677497046,3.1092989283838435,pedestrian,48.89082470406597,8.699096179420229,5.3442904062704235,pedestrian,11,6.203623197472461,0,1,10,5.461896758563834,10.851702713620107,True,high_rmse
scan_101,2026-04-08 12:56:45,48.89108586962614,8.69915920131005,48.89108583486218,8.699150137228058,48.89108490231534,8.699158964931987,3,96.99484522385713,0.654404336586734,0.10906204863366757,wknn_fingerprinting_smoothed_road_snapped_route_matched,48.8910881905604,8.699137230809166,48.89108586962614,8.69915920131005,1.6286896907811979,pedestrian,48.89108490231534,8.699158964931987,0.654404336586734,pedestrian,6,12.882670169456683,0,5,1,9.518713383670866,29.327540593655993,True,high_rmse
scan_115,2026-04-08 12:59:04,48.89105316411594,8.699151209188894,48.89109878694293,8.699156471734177,48.891098180787594,8.699162209741756,4,39.873910086144534,0.4253627112268979,5.07552539471352,wknn_fingerprinting_smoothed_road_snapped_route_matched,48.8910466645644,8.699212735413969,48.89105316411594,8.699151209188894,4.560988916430453,pedestrian,48.891098180787594,8.699162209741756,0.4253627112268979,pedestrian,5,17.803929871770777,0,5,0,3.6874704436640977,1.4971169422097725,True,weak_router_support
scan_165,2026-04-08 13:10:39,48.89139094811302,8.69921925504942,48.891374520724554,8.699284086923495,48.89138167157736,8.69921696878062,4,61.5787132162731,4.976564731912992,1.0461338688048423,wknn_fingerprinting_smoothed_road_snapped_route_matched,48.89138361566166,8.699288077690733,48.89139094811302,8.69921925504942,5.102946134593171,pedestrian,48.89138167157736,8.69921696878062,4.976564731912992,pedestrian,17,17.336747751648268,0,10,7,6.749478890786582,11.430191665474526,True,high_rmse;weak_router_support
scan_167,2026-04-08 13:10:53,48.891459356310236,8.699305656985668,48.89141775477407,8.69945027897767,48.891430099999994,8.6994328,3,75.60646673042787,1.8775685587221869,9.859236991171937,wknn_fingerprinting_smoothed_road_snapped_route_matched,48.89143249963149,8.699299015231373,48.891459356310236,8.699305656985668,3.0289490302075537,pedestrian,48.891430099999994,8.6994328,1.8775685587221869,pedestrian,8,28.867942314161454,2,2,4,9.89863130707582,16.69160359976166,True,high_rmse;weak_router_support
scan_169,2026-04-08 13:11:00,48.8914590975666,8.699308077256163,48.89146648124739,8.699427189448546,48.8914447,8.6994364,3,45.24378410345447,2.5166586870332566,9.527905779279209,wknn_fingerprinting_smoothed_road_snapped_route_matched,48.89147471214108,8.699311938799372,48.8914590975666,8.699308077256163,1.761042395990749,pedestrian,48.8914447,8.6994364,2.5166586870332566,pedestrian,5,7.119796838856449,2,2,1,0.1794696894707225,1.646491977389427,True,high_rmse
scan_174,2026-04-08 13:11:21,48.89155697326928,8.699384308894459,48.89145891803375,8.699339351411783,48.89145583563723,8.699338589123649,3,50.55239652634623,0.3476387378198273,11.745410897895283,wknn_fingerprinting_smoothed_road_snapped_route_matched,48.8915324894261,8.699375120538956,48.89155697326928,8.699384308894459,2.8072840932049115,pedestrian,48.89145583563723,8.699338589123649,0.3476387378198273,pedestrian,15,7.4625305830363455,1,5,9,1.56676369210329,0.7441397637150965,True,high_rmse
scan_175,2026-04-08 13:11:24,48.89155525370923,8.69939490839994,48.89149431153009,8.699348465298677,48.89145579804426,8.699338940765758,3,86.43758739235616,4.343626604678326,11.804917125869634,wknn_fingerprinting_smoothed_road_snapped_route_matched,48.89153370851013,8.699386822865728,48.89155525370923,8.69939490839994,2.470343165633239,pedestrian,48.89145579804426,8.699338940765758,4.343626604678326,pedestrian,7,3.4388782436246315,4,1,2,0.7990594266498451,0.026075227715862636,True,high_rmse
scan_178,2026-04-08 13:11:38,48.89155845778131,8.699375158243836,48.89144178501023,8.699744441970665,48.89149722967712,8.699764219117885,3,33.37348206742368,6.339569084940076,29.2802573583765,wknn_fingerprinting_smoothed_road_snapped_route_matched,48.89155149744726,8.69937254615229,48.89155845778131,8.699375158243836,0.7980624106125908,pedestrian,48.89149722967712,8.699764219117885,6.339569084940076,pedestrian,6,20.696207970080536,0,4,2,1.4888947623248807,31.466602643862938,True,weak_router_support
scan_184,2026-04-08 13:12:12,48.891556956874794,8.699384409951373,48.89145709792187,8.699777905958236,48.89149313695497,8.699790761106415,3,53.1381846384186,4.120719839661837,30.578158664971635,wknn_fingerprinting_smoothed_road_snapped_route_matched,48.8915363107522,8.69937666182448,48.891556956874794,8.699384409951373,2.3672562767681775,pedestrian,48.89149313695497,8.699790761106415,4.120719839661837,pedestrian,4,19.289314385111446,1,2,1,0.6974536608240295,1.9953571933834129,True,high_rmse;weak_router_support
scan_186,2026-04-08 13:12:21,48.89154923801272,8.69943198963332,48.89151038996803,8.699577639104437,48.891525186119736,8.699582916905795,3,103.71891387123827,1.6917988498311747,11.366424940387066,wknn_fingerprinting_smoothed_road_snapped_route_matched,48.891518330320295,8.69942039052243,48.89154923801272,8.69943198963332,3.543833912195345,pedestrian,48.891525186119736,8.699582916905795,1.6917988498311747,pedestrian,7,21.618256563137248,0,3,4,1.4285435877211943,7.20561256529915,True,high_rmse;weak_router_support
scan_189,2026-04-08 13:12:39,48.89152287083179,8.699597931935887,48.8915011951547,8.69950108476317,48.8915335,8.699529,4,73.61921345463948,4.1360569415441875,5.182119710624437,wknn_fingerprinting_smoothed_road_snapped_route_matched,48.89151386586865,8.699594719856842,48.89152287083179,8.699597931935887,1.029631661584795,pedestrian,48.8915335,8.699529,4.1360569415441875,pedestrian,12,2.6926830594923357,3,5,4,9.55964136927823,0.0,True,high_rmse
scan_191,2026-04-08 13:12:46,48.89151190548149,8.699669044068923,48.89149806522148,8.699604479053262,48.891520620671464,8.699612524602363,5,60.18312977977457,2.579000626410655,4.248984143563455,wknn_fingerprinting_smoothed_road_snapped_route_matched,48.89152441948977,8.699673507828392,48.89151190548149,8.699669044068923,1.4308575054856647,pedestrian,48.891520620671464,8.699612524602363,2.579000626410655,pedestrian,14,12.959745071756256,2,4,8,5.346021692880916,6.279157088833945,True,high_rmse
scan_198,2026-04-08 13:13:30,48.891482919460834,8.699857023266937,48.89146956743417,8.699826901270665,48.891486625951146,8.699832986056553,3,26.00640946638604,1.9504787721660828,1.807054951567463,wknn_fingerprinting_smoothed_road_snapped_route_matched,48.891470314196965,8.69985252695975,48.891482919460834,8.699857023266937,1.4412917386160318,pedestrian,48.891486625951146,8.699832986056553,1.9504787721660828,pedestrian,6,21.040295848411844,0,5,1,1.2757531503433908,7.7583355565025345,True,weak_router_support
scan_206,2026-04-08 13:14:13,48.891477316013024,8.699893362564355,48.89142576050895,8.700053476576702,48.891451226078445,8.700062560159262,7,45.80938742645331,2.911745115236869,12.719836423289316,wknn_fingerprinting_smoothed_road_snapped_route_matched,48.89148977629532,8.699897807157654,48.891477316013024,8.699893362564355,1.4247144687247093,pedestrian,48.891451226078445,8.700062560159262,2.911745115236869,pedestrian,18,18.378510898640688,4,4,10,2.731894000098314,17.258788457216657,True,high_rmse;weak_router_support
scan_207,2026-04-08 13:14:20,48.89146479347823,8.699974573299547,48.89103576265444,8.700283083987195,48.891038194714035,8.7001785099346,3,36.20313061969457,7.6587850282817564,49.77952390548313,wknn_fingerprinting_smoothed_road_snapped_route_matched,48.891476674633545,8.69997881131702,48.89146479347823,8.699974573299547,1.3584968265824038,pedestrian,48.891038194714035,8.7001785099346,7.6587850282817564,pedestrian,9,39.1185282960716,0,0,9,6.105213201663971,46.75530311174335,True,weak_router_support
scan_208,2026-04-08 13:14:22,48.89145707268526,8.700024643934912,48.89116763499461,8.700255361349159,48.89116925832715,8.700185560937307,4,37.11505904122246,5.112022787569148,34.13568258547785,wknn_fingerprinting_smoothed_road_snapped_route_matched,48.89146811948938,8.700028584338206,48.89145707268526,8.700024643934912,1.2630967262096444,pedestrian,48.89116925832715,8.700185560937307,5.112022787569148,pedestrian,19,22.628769117105307,0,8,11,3.7641816929554017,14.59912589630224,True,weak_router_support
scan_211,2026-04-08 13:14:37,48.891427044656766,8.700262036213424,48.8912559073587,8.700329042351523,48.891259131822494,8.700190395980718,4,46.23947080458053,10.154125704222357,19.413574203606057,wknn_fingerprinting_smoothed_road_snapped_route_matched,48.891424772926754,8.700261850520835,48.891427044656766,8.700262036213424,0.2532539387877454,pedestrian,48.891259131822494,8.700190395980718,10.154125704222357,pedestrian,16,17.428399061094066,2,4,10,17.69373086747698,10.010974353499327,True,high_rmse;weak_router_support
scan_212,2026-04-08 13:14:40,48.89142555607667,8.700304163030365,48.89113042348549,8.699806279180063,48.8909337,8.6998852,6,48.90785286190978,22.648266983875974,62.75549437402388,wknn_fingerprinting_smoothed_road_snapped_route_matched,48.89141971207942,8.700303685338518,48.89142555607667,8.700304163030365,0.6514926134771871,pedestrian,48.8909337,8.6998852,22.648266983875974,pedestrian,6,18.0832054658069,0,5,1,3.087777301077111,42.560348261916516,True,high_rmse;weak_router_support
scan_213,2026-04-08 13:14:42,48.89142466835575,8.700329285532547,48.891232831143185,8.70000569013043,48.891228573717854,8.700188752005907,4,36.68835032323076,13.407016296364297,24.131213781564327,wknn_fingerprinting_smoothed_road_snapped_route_matched,48.89142135417092,8.700329014629084,48.89142466835575,8.700329285532547,0.36946747910780553,pedestrian,48.891228573717854,8.700188752005907,13.407016296364297,pedestrian,12,20.424743491986725,0,6,6,1.8414088567189815,39.63741697362482,True,weak_router_support
scan_214,2026-04-08 13:14:47,48.89142229436641,8.700396469430697,48.89129717141544,8.700220671706488,48.89129782711547,8.700192477722622,3,52.519821818984816,2.0648576550106417,20.369077123823104,wknn_fingerprinting_smoothed_road_snapped_route_matched,48.89141753022115,8.700396080006612,48.89142229436641,8.700396469430697,0.5311100113862716,pedestrian,48.89129782711547,8.700192477722622,2.0648576550106417,pedestrian,11,20.360904465006705,1,5,5,4.924391217587314,7.7141095267203195,True,high_rmse;weak_router_support
scan_215,2026-04-08 13:14:50,48.89142087459775,8.70043664888367,48.89133904428051,8.70034920101276,48.89134818183795,8.70034984270555,3,79.8911259138362,1.0182766049102112,10.288330179342653,wknn_fingerprinting_smoothed_road_snapped_route_matched,48.89141248568684,8.700435963169118,48.89142087459775,8.70043664888367,0.9352012427519256,pedestrian,48.89134818183795,8.70034984270555,1.0182766049102112,pedestrian,11,20.981268101600783,1,4,6,2.9450412715657035,12.809430514785323,True,high_rmse;weak_router_support
scan_216,2026-04-08 13:14:57,48.891417399117614,8.700535004971362,48.89136790552338,8.700373563886565,48.891347505200585,8.700372131255886,5,32.886151112853966,2.2733834026194475,14.235429628869648,wknn_fingerprinting_smoothed_road_snapped_route_matched,48.89138119775277,8.700532045851572,48.891417399117614,8.700535004971362,4.035751695099828,pedestrian,48.891347505200585,8.700372131255886,2.2733834026194475,pedestrian,14,17.231973107559746,1,7,6,7.209225867080841,1.6330744396368475,True,weak_router_support
scan_219,2026-04-08 13:15:12,48.89141632958107,8.700691682316378,48.89138500156176,8.700452893898802,48.89134513838786,8.700450094471584,5,48.75946981880763,4.442296271168342,19.376938116631507,wknn_fingerprinting_smoothed_road_snapped_route_matched,48.89137330486397,8.700691223354507,48.89141632958107,8.700691682316378,4.789629308867485,pedestrian,48.89134513838786,8.700450094471584,4.442296271168342,pedestrian,18,8.510809836606613,4,7,7,11.468080191162649,5.712338251722986,True,high_rmse
scan_220,2026-04-08 13:15:19,48.89141596603561,8.700770518219322,48.891417750504836,8.700254211688147,48.891427293577934,8.700254991744654,3,51.04278028211536,1.0638679942524671,37.75326157198906,wknn_fingerprinting_smoothed_road_snapped_route_matched,48.89137079817101,8.700770036395655,48.89141596603561,8.700770518219322,5.028210356227819,pedestrian,48.891427293577934,8.700254991744654,1.0638679942524671,pedestrian,9,17.760028640838325,0,2,7,5.770266149867559,16.95746386239949,True,high_rmse;weak_router_support
scan_226,2026-04-08 13:15:43,48.891415355205964,8.70090297842369,48.891417314247924,8.700394083978258,48.891422364072305,8.700394496753924,3,45.421306164204324,0.562957705589114,37.224754604439354,wknn_fingerprinting_smoothed_road_snapped_route_matched,48.89138095671722,8.700902611481208,48.891415355205964,8.70090297842369,3.829333949599592,pedestrian,48.891422364072305,8.700394496753924,0.562957705589114,pedestrian,11,26.598410355085424,0,2,9,9.695210080398851,10.225325456208529,True,high_rmse;weak_router_support
scan_227,2026-04-08 13:15:49,48.891415070266,8.700964768493925,48.89144637647864,8.700166550573513,48.891429,8.7002067,4,30.023404755697907,3.518105664801488,55.50589581928361,wknn_fingerprinting_smoothed_road_snapped_route_matched,48.89136206807266,8.700964203098406,48.891415070266,8.700964768493925,5.900349282028786,pedestrian,48.891429,8.7002067,3.518105664801488,pedestrian,16,19.868536392089542,3,6,7,4.522624134859466,13.76497450412926,True,weak_router_support
scan_231,2026-04-08 13:16:39,48.8915243,8.7008991,48.89147462124909,8.700399676213227,48.89142233208261,8.700395402062215,3,87.68368683093226,5.829230272912377,38.57428971842248,wknn_fingerprinting_smoothed_road_snapped_route_matched,48.89157586587517,8.70089202059816,48.8915243,8.7008991,5.763651300006346,pedestrian,48.89142233208261,8.700395402062215,5.829230272912377,pedestrian,6,12.80801300882129,1,5,0,13.074921336198756,13.831331063050442,True,high_rmse
scan_232,2026-04-08 13:16:41,48.8915243,8.7008991,48.8914925846691,8.700560683751716,48.891492878761184,8.700553172824662,3,115.55606817672634,0.5507097390862111,25.559371319968143,wknn_fingerprinting_smoothed_road_snapped_route_matched,48.89159341695891,8.700891512509841,48.8915243,8.7008991,7.7141152121860666,pedestrian,48.891492878761184,8.700553172824662,0.5507097390862111,pedestrian,4,8.252073727935437,1,2,1,0.0,13.964883344351795,True,high_rmse
scan_236,2026-04-08 13:21:26,48.89141470056967,8.7010449382304,48.89150936931249,8.700988569956522,48.8915179,8.7009942,3,47.156507943545435,1.0351866010031276,12.073472681606086,wknn_fingerprinting_smoothed_road_snapped_route_matched,48.89138071160203,8.701044575656445,48.89141470056967,8.7010449382304,3.783744938726724,pedestrian,48.8915179,8.7009942,1.0351866010031276,pedestrian,12,9.840444039849636,0,4,8,16.210850258338283,32.399368317825655,True,high_rmse
scan_237,2026-04-08 13:21:35,48.891414452812406,8.701098665121162,48.8914758454636,8.701116627643199,48.891513200000006,8.7010939,3,53.22162182471511,4.478688407203586,10.998068297062433,wknn_fingerprinting_smoothed_road_snapped_route_matched,48.89139212296492,8.701098426919684,48.891414452812406,8.701098665121162,2.4858197605666006,pedestrian,48.891513200000006,8.7010939,4.478688407203586,pedestrian,7,16.335576189937747,0,3,4,3.932452819954359,7.315918600307376,True,high_rmse;weak_router_support
scan_238,2026-04-08 13:21:46,48.89141402082656,8.701192342524243,48.891454470879395,8.701085870270514,48.891414513780404,8.701085444031689,4,71.33300792880682,4.448133661669802,7.8242622493555976,wknn_fingerprinting_smoothed_road_snapped_route_matched,48.89141289902663,8.701192330557548,48.89141402082656,8.701192342524243,0.12488183921787131,pedestrian,48.891414513780404,8.701085444031689,4.448133661669802,pedestrian,10,11.887128748575421,2,4,4,6.856565961465916,11.003169807767396,True,high_rmse
scan_241,2026-04-08 13:22:00,48.89136571716503,8.701279710782392,48.891433905880035,8.700917090444108,48.891415291045206,8.700916891872055,3,72.18494764607554,2.072254380340581,27.122672221465432,wknn_fingerprinting_smoothed_road_snapped_route_matched,48.89136657671654,8.701255230703266,48.89136571716503,8.701279710782392,1.794290576588188,pedestrian,48.891415291045206,8.700916891872055,2.072254380340581,pedestrian,7,8.48784382435577,0,4,3,1.0498860964386647,20.512731303368177,True,high_rmse
scan_249,2026-04-08 13:22:51,48.891413597472805,8.701297254419869,48.891413336068226,8.701044275294954,48.89141470355948,8.701044289882539,3,34.54465708808431,0.15223287022400656,18.515284319963136,wknn_fingerprinting_smoothed_road_snapped_route_matched,48.8914056731127,8.701297251027107,48.891413597472805,8.701297254419869,0.8821398018390862,pedestrian,48.89141470355948,8.701044289882539,0.15223287022400656,pedestrian,3,18.56010892830319,0,1,2,5.482523098552723,9.324691123259251,True,weak_router_support
scan_257,2026-04-08 13:23:40,48.891413570373274,8.701443673213628,48.891413506912414,8.7013292060071,48.89141359155912,8.70132920604334,3,100.60441792409361,0.009422871843434003,8.378033717771912,wknn_fingerprinting_smoothed_road_snapped_route_matched,48.89137660440869,8.701443657386907,48.891413570373274,8.701443673213628,4.115051340387242,pedestrian,48.89141359155912,8.70132920604334,0.009422871843434003,pedestrian,5,8.616251199190419,2,1,2,0.9260806522545855,3.7121405990620033,True,high_rmse
scan_260,2026-04-08 13:23:55,48.89141357767875,8.70140420174224,48.891400076739274,8.7013121504109,48.891413594714756,8.70131215619853,3,22.832725052724946,1.5048210902900028,6.736959310962838,wknn_fingerprinting_smoothed_road_snapped_route_matched,48.89145031654221,8.701404217471746,48.89141357767875,8.70140420174224,4.089770442890125,pedestrian,48.891413594714756,8.70131215619853,1.5048210902900028,pedestrian,5,17.325061439471845,0,0,5,2.8889795852985634,1.2479051791167726,True,weak_router_support
scan_267,2026-04-08 13:24:44,48.891502311481226,8.701873242567427,48.891431149831874,8.701470583539969,48.89141356539404,8.701470576011308,3,61.4220373047546,1.9574996973197425,31.08348347080778,wknn_fingerprinting_smoothed_road_snapped_route_matched,48.89157249920287,8.701872821064171,48.891502311481226,8.701873242567427,7.813358079095997,pedestrian,48.89141356539404,8.701470576011308,1.9574996973197425,pedestrian,5,3.756829360035601,0,0,5,6.685506757435853,0.5616034163500828,True,high_rmse
scan_282,2026-04-08 13:25:59,48.89121728462656,8.70197668539992,48.89122925712704,8.701277058763651,48.89122945800867,8.701282948677818,3,23.558437978779494,0.43167333689844783,50.79396839635919,wknn_fingerprinting_smoothed_road_snapped_route_matched,48.89121728876826,8.701971863082631,48.89121728462656,8.70197668539992,0.3529547224610994,pedestrian,48.89122945800867,8.701282948677818,0.43167333689844783,pedestrian,8,21.58324378275288,0,3,5,5.2400026379676,17.033259079268415,True,weak_router_support
scan_286,2026-04-08 13:26:22,48.89111935128949,8.702022509458487,48.891080440724764,8.701624543892542,48.89108243811872,8.701627539717398,3,48.85011088353161,0.3122804552136878,29.199216423347856,wknn_fingerprinting_smoothed_road_snapped_route_matched,48.89111935210786,8.702022451539404,48.89111935128949,8.702022509458487,0.004240193065683,pedestrian,48.89108243811872,8.701627539717398,0.3122804552136878,pedestrian,4,8.754121238656733,0,0,4,2.991603056763268,27.220631947691523,True,high_rmse
scan_290,2026-04-08 13:26:42,48.89095159867573,8.702104979215592,48.89095077974882,8.70165796227861,48.89097823419725,8.701656009401114,4,28.75128185297475,3.059569819354535,32.99461318536296,wknn_fingerprinting_smoothed_road_snapped_route_matched,48.89095144623508,8.702081491693987,48.89095159867573,8.702104979215592,1.7191885285295603,pedestrian,48.89097823419725,8.701656009401114,3.059569819354535,pedestrian,6,22.201625986979494,1,3,2,5.777936901156279,9.264286136381799,True,weak_router_support
scan_292,2026-04-08 13:26:52,48.890853000925595,8.702106459503531,48.89083020172186,8.701401414807165,48.89077268732769,8.701403098887447,4,66.55123161430315,6.403688777980946,52.25122443546084,wknn_fingerprinting_smoothed_road_snapped_route_matched,48.89085284315155,8.702082150260743,48.890853000925595,8.702106459503531,1.7793385975597742,pedestrian,48.89077268732769,8.701403098887447,6.403688777980946,pedestrian,9,64.60753168564496,0,2,7,10.976436284783235,29.43167646170894,True,high_rmse;weak_router_support
scan_296,2026-04-08 13:27:11,48.8906719,8.7020999,48.890811787534524,8.701549410758815,48.89077455317746,8.701550501018602,4,121.92032823062765,4.145696706779772,41.80415661068167,wknn_fingerprinting_smoothed_road_snapped_route_matched,48.890679948745394,8.702137212278766,48.8906719,8.7020999,2.874207644750311,pedestrian,48.89077455317746,8.701550501018602,4.145696706779772,pedestrian,4,44.22665803488174,0,2,2,20.165871009347327,10.790732607735485,True,high_rmse;weak_router_support
scan_302,2026-04-08 13:27:37,48.89043439408481,8.70209927114056,48.89061733690326,8.701741842373513,48.8906607,8.701747,3,52.188759964830226,4.841918314279201,36.04801550340211,wknn_fingerprinting_smoothed_road_snapped_route_matched,48.89043439940722,8.702059935501858,48.89043439408481,8.70209927114056,2.8790941066372753,pedestrian,48.8906607,8.701747,4.841918314279201,pedestrian,3,5.483115119360386,1,1,1,26.439198544565574,19.169857977091795,True,high_rmse
scan_304,2026-04-08 13:27:49,48.89032477086251,8.70209923682969,48.89069981931108,8.70186945836902,48.890664668365126,8.701872038933464,3,66.05553219324884,3.9175591717599603,41.3304112017787,wknn_fingerprinting_smoothed_road_snapped_route_matched,48.89032477602501,8.702061083156018,48.89032477086251,8.70209923682969,2.7925886418914194,pedestrian,48.890664668365126,8.701872038933464,3.9175591717599603,pedestrian,5,64.60753168564496,0,0,5,12.203257364111687,9.162590416016648,True,high_rmse;weak_router_support
scan_305,2026-04-08 13:27:57,48.89025621430236,8.702099215372238,48.89059250907509,8.701678544890244,48.8906607,8.701747,5,64.01798740576027,9.095482379110955,51.88506536046576,wknn_fingerprinting_smoothed_road_snapped_route_matched,48.8902562168712,8.702080230212733,48.89025621430236,8.702099215372238,1.3895860710686263,pedestrian,48.8906607,8.701747,9.095482379110955,pedestrian,10,25.625563540850713,1,3,6,7.631716437664239,9.162590416016648,True,high_rmse;weak_router_support
scan_312,2026-04-08 13:28:36,48.89018372595228,8.701651482138988,48.89042758202332,8.70128364356417,48.89042782472667,8.701323503877088,3,40.86155487333622,2.917622029384185,36.25818975203907,wknn_fingerprinting_smoothed_road_snapped_route_matched,48.89016371147312,8.701654002741089,48.89018372595228,8.701651482138988,2.235637217941762,footway,48.89042782472667,8.701323503877088,2.917622029384185,pedestrian,6,40.235991430433685,0,0,6,33.749953634490176,40.40846656404195,True,weak_router_support
scan_313,2026-04-08 13:28:45,48.890179060711326,8.701501398004611,48.89034057186031,8.70132880933987,48.89034054704092,8.701324733140268,4,53.81449618829484,0.2983626966111671,22.144147117653123,wknn_fingerprinting_smoothed_road_snapped_route_matched,48.89018843167491,8.701501240675967,48.890179060711326,8.701501398004611,1.0432392222314002,footway,48.89034054704092,8.701324733140268,0.2983626966111671,pedestrian,9,38.43730117558224,0,1,8,10.997435262566137,9.716168572877521,True,high_rmse;weak_router_support
scan_314,2026-04-08 13:28:51,48.8901787,8.7014517,48.89029492033961,8.70110756229205,48.8902962464612,8.701325357092095,4,56.566985316332364,15.94178635149212,16.023107340831668,wknn_fingerprinting_smoothed_road_snapped_route_matched,48.890174141654974,8.701412607836865,48.8901787,8.7014517,2.9059354038739773,footway,48.8902962464612,8.701325357092095,15.94178635149212,pedestrian,10,44.15726047120156,0,1,9,3.637787073888748,4.9317519915740835,True,high_rmse;weak_router_support
scan_318,2026-04-08 13:29:30,48.89018955858484,8.701132792179882,48.890254341765896,8.701214356512992,48.890255021168436,8.70132593773002,3,81.16854891725818,8.167345436815156,15.904675957741702,wknn_fingerprinting_smoothed_road_snapped_route_matched,48.89024980738625,8.701139938502163,48.89018955858484,8.701132792179882,6.727262173403634,footway,48.890255021168436,8.70132593773002,8.167345436815156,pedestrian,3,59.44277518410695,0,0,3,23.37321983444709,4.589396368259914,True,high_rmse;weak_router_support
scan_323,2026-04-08 13:30:09,48.89019273367197,8.701070873065978,48.89021531877804,8.700330005705798,48.8902341,8.7004542,3,31.6175056996384,9.327527848224745,45.37067219377065,wknn_fingerprinting_smoothed_road_snapped_route_matched,48.89027956723392,8.701081172704317,48.89019273367197,8.701070873065978,9.69566401850453,footway,48.8902341,8.7004542,9.327527848224745,steps,5,63.27137829852612,0,0,5,4.545830471665716,63.84784614504024,True,weak_router_support
scan_325,2026-04-08 13:30:20,48.890198028571255,8.700967614333345,48.89043969720572,8.700458978708768,48.89043930485263,8.700469657919488,4,13.455413541232605,0.7828628971421414,45.27461327958578,wknn_fingerprinting_smoothed_road_snapped_route_matched,48.89026248190547,8.700975259371347,48.890198028571255,8.700967614333345,7.196731998202567,footway,48.89043930485263,8.700469657919488,0.7828628971421414,pedestrian,12,20.75634513471274,0,3,9,7.580803796259247,22.87140600722008,True,weak_router_support
scan_326,2026-04-08 13:30:30,48.89020310824186,8.70086855289334,48.89036805930708,8.7004573204396,48.8903692,8.7004637,3,117.27602767260949,0.48389799666388256,34.92768253214521,wknn_fingerprinting_smoothed_road_snapped_route_matched,48.89026515976512,8.700875913044307,48.89020310824186,8.70086855289334,6.928550530191966,footway,48.8903692,8.7004637,0.48389799666388256,pedestrian,7,10.995650547224717,1,2,4,7.272656209101149,7.8162463593548575,True,high_rmse
scan_327,2026-04-08 13:30:41,48.89020720057917,8.700788745980821,48.8905389785496,8.700541733285739,48.890541308096026,8.700478326750371,5,38.94673936456646,4.6481455246011425,43.58365188539955,wknn_fingerprinting_smoothed_road_snapped_route_matched,48.89028228151842,8.700797651599004,48.89020720057917,8.700788745980821,8.383389379555984,footway,48.890541308096026,8.700478326750371,4.6481455246011425,pedestrian,10,35.1330654681387,1,0,9,5.859072762314127,19.18896088235407,True,weak_router_support
scan_328,2026-04-08 13:30:48,48.8903568,8.7007143,48.89040459579807,8.700329201002734,48.890399559522876,8.700466280129424,6,25.711597780055428,10.048892220172574,18.767036100674478,wknn_fingerprinting_smoothed_road_snapped_route_matched,48.8903055241188,8.700768426708121,48.8903568,8.7007143,6.948146749850257,pedestrian,48.890399559522876,8.700466280129424,10.048892220172574,pedestrian,21,34.07703221391654,0,5,16,17.522184698286743,15.804066662541732,True,weak_router_support
scan_329,2026-04-08 13:30:55,48.8903571977967,8.700706260656911,48.89046693588372,8.70026402022323,48.89045931828959,8.700471358778152,5,37.1565949505708,15.19939794427147,20.611620143210917,wknn_fingerprinting_smoothed_road_snapped_route_matched,48.89031191039941,8.700701077151578,48.8903571977967,8.700706260656911,5.055648957115757,pedestrian,48.89045931828959,8.700471358778152,15.19939794427147,pedestrian,20,25.625563540850713,0,6,14,0.5900886078084681,6.662723399502488,True,weak_router_support
scan_330,2026-04-08 13:31:00,48.89036027337423,8.700644104227381,48.89037296324028,8.699978726213848,48.89036669677437,8.700120954976361,6,32.240228306060345,10.433511194644897,38.297604381134455,wknn_fingerprinting_smoothed_road_snapped_route_matched,48.89030615942733,8.700637910453231,48.89036027337423,8.700644104227381,6.040998944595202,pedestrian,48.89036669677437,8.700120954976361,10.433511194644897,pedestrian,15,29.49669346485572,0,3,12,4.562288149668269,27.642067680228088,True,weak_router_support
scan_331,2026-04-08 13:31:02,48.89036143680237,8.700620591719755,48.8903209016061,8.700023423898035,48.890316828400444,8.700115872593381,6,45.615998903932436,6.781789306450668,37.27423141991942,wknn_fingerprinting_smoothed_road_snapped_route_matched,48.89030247289836,8.700613842829542,48.89036143680237,8.700620591719755,6.582422875841551,pedestrian,48.890316828400444,8.700115872593381,6.781789306450668,pedestrian,16,19.31282746218853,1,4,11,1.7258203406583301,5.563797133693652,True,high_rmse;weak_router_support
scan_332,2026-04-08 13:31:07,48.890364553921366,8.700557595750457,48.890293496769,8.700053133244872,48.89029084918436,8.700113224896748,4,77.56222640492916,4.408165454477144,33.5438117440681,wknn_fingerprinting_smoothed_road_snapped_route_matched,48.89029258046196,8.700549357813706,48.890364553921366,8.700557595750457,8.034741826815134,pedestrian,48.89029084918436,8.700113224896748,4.408165454477144,pedestrian,8,22.205162541033765,0,4,4,4.623910060885451,2.8984921120270313,True,high_rmse;weak_router_support
scan_333,2026-04-08 13:31:22,48.8902341,8.7004542,48.89033951786875,8.700198490954966,48.8903430402582,8.70011854399991,6,21.797581232235274,5.864692857834596,27.39790487981886,wknn_fingerprinting_smoothed_road_snapped_route_matched,48.89018027481718,8.700555747127572,48.8902341,8.7004542,9.54699533659419,steps,48.8903430402582,8.70011854399991,5.864692857834596,pedestrian,24,30.674559459827506,1,3,20,16.375740912375672,5.8229399680480185,True,weak_router_support
scan_334,2026-04-08 13:31:29,48.8902341,8.7004542,48.89030652841018,8.699758993491288,48.89017404677222,8.699732646149345,5,74.38567352312518,14.873404455949325,53.23433874557913,wknn_fingerprinting_smoothed_road_snapped_route_matched,48.89022050600667,8.700414597594438,48.8902341,8.7004542,3.2698766718389476,steps,48.89017404677222,8.699732646149345,14.873404455949325,secondary,16,51.36339401333488,0,2,14,0.0,33.93658638791224,True,high_rmse;weak_router_support
scan_336,2026-04-08 13:31:36,48.89023501749532,8.700454240796859,48.89026308268298,8.699715775867524,48.89017696961747,8.699698650105015,4,45.53151068474471,9.667713037295625,55.68041494022721,wknn_fingerprinting_smoothed_road_snapped_route_matched,48.89023772324016,8.700313484372133,48.89023501749532,8.700454240796859,10.306829896049775,steps,48.89017696961747,8.699698650105015,9.667713037295625,secondary,18,30.937865201562712,2,4,12,0.10217922026105343,2.5094686992223885,True,high_rmse;weak_router_support
scan_337,2026-04-08 13:31:44,48.890236799357695,8.700107716357017,48.89013412640596,8.699057658622085,48.89024210000001,8.6989644,4,31.821753742227294,13.822607281178751,83.6851838242133,wknn_fingerprinting_smoothed_road_snapped_route_matched,48.89023206114601,8.700215258427583,48.890236799357695,8.700107716357017,7.8890129858944045,pedestrian,48.89024210000001,8.6989644,13.822607281178751,footway,19,37.42464748603541,1,2,16,25.36404529807281,54.22908297643249,True,weak_router_support
scan_338,2026-04-08 13:31:46,48.890235040540574,8.700107537105488,48.89024402405814,8.699432716749351,48.89020057640417,8.699424076085942,5,59.38057420618749,4.877766796148853,50.17167541376565,wknn_fingerprinting_smoothed_road_snapped_route_matched,48.89023162753919,8.700185001190595,48.890235040540574,8.700107537105488,5.682568463037719,pedestrian,48.89020057640417,8.699424076085942,4.877766796148853,secondary,15,33.41467453484282,0,1,14,0.19623061622693455,33.961266903665525,True,high_rmse;weak_router_support
scan_341,2026-04-08 13:31:51,48.89023362608231,8.700107392949622,48.89048637900173,8.699576691589693,48.89051075070867,8.69904731665402,3,63.84355879804947,38.84137703924062,83.49836590408644,wknn_fingerprinting_smoothed_road_snapped_route_matched,48.89023400388773,8.700098817989339,48.89023362608231,8.700107392949622,0.6290372693254593,pedestrian,48.89051075070867,8.69904731665402,38.84137703924062,pedestrian,5,48.28235855137787,0,0,5,0.15781061768615318,44.18904184361575,True,high_rmse;weak_router_support
scan_343,2026-04-08 13:31:58,48.890214319664025,8.700105425317552,48.890366142981335,8.699265523505654,48.89038140311561,8.698981726747949,3,7.483314773547883,20.841316622606865,84.3241367875987,wknn_fingerprinting_smoothed_road_snapped_route_matched,48.89021785939824,8.70002508482213,48.890214319664025,8.700105425317552,5.893576235852792,pedestrian,48.89038140311561,8.698981726747949,20.841316622606865,footway,7,35.880959802569,0,0,7,2.154010395840344,15.17818780858627,True,weak_router_support
scan_347,2026-04-08 13:32:12,48.89020619251105,8.700104597030993,48.89031074820483,8.699291316476867,48.890327754088204,8.698975053794717,5,32.64987569377853,23.22555773490516,83.77521060234406,wknn_fingerprinting_smoothed_road_snapped_route_matched,48.89021845213454,8.699826343305661,48.89020619251105,8.700104597030993,20.41199167516649,pedestrian,48.890327754088204,8.698975053794717,23.22555773490516,footway,10,19.92452829555605,0,1,9,0.9067436411035268,5.992147999879883,True,weak_router_support
scan_350,2026-04-08 13:32:19,48.89023655620518,8.700107691575894,48.89028364324385,8.699204545576485,48.89029619441654,8.698971128351456,4,19.104862306249697,17.141599292641516,83.45331075509704,wknn_fingerprinting_smoothed_road_snapped_route_matched,48.89025286581159,8.69973751619241,48.89023655620518,8.700107691575894,27.155114074696815,pedestrian,48.89029619441654,8.698971128351456,17.141599292641516,footway,9,33.36355169879227,0,2,7,3.387666829264146,3.5249515906550886,True,weak_router_support
scan_351,2026-04-08 13:32:27,48.89018309083797,8.69962745328624,48.89023436473871,8.699023628597068,48.89024210000001,8.6989644,4,31.388692231439016,4.4198289229857135,48.973660937993195,wknn_fingerprinting_smoothed_road_snapped_route_matched,48.89028298989228,8.699647320746806,48.89018309083797,8.69962745328624,11.2154338239282,secondary,48.89024210000001,8.6989644,4.4198289229857135,footway,7,30.6475622921797,0,1,6,35.65057302071612,6.041894311645345,True,weak_router_support
scan_357,2026-04-08 13:32:46,48.89020372614257,8.699387441013869,48.890234272080164,8.699524328588094,48.89019266845095,8.699516054656657,4,147.7057886475679,4.670742441700615,9.493802533351863,wknn_fingerprinting_smoothed_road_snapped_route_matched,48.89026458007936,8.69939954335959,48.89020372614257,8.699387441013869,6.831929562473657,secondary,48.89019266845095,8.699516054656657,4.670742441700615,secondary,4,56.16556858531636,0,0,4,17.71685749967596,40.75067944122581,True,high_rmse;weak_router_support
scan_359,2026-04-08 13:32:51,48.890210681394926,8.699306543447618,48.89023453297547,8.699849797861162,48.89022323023724,8.700106333447136,4,121.90365047856443,18.81879769048193,58.55596976711321,wknn_fingerprinting_smoothed_road_snapped_route_matched,48.89023923406083,8.699312221866068,48.890210681394926,8.699306543447618,3.205541220866571,secondary,48.89022323023724,8.700106333447136,18.81879769048193,pedestrian,4,51.76461031605998,0,0,4,5.971570746775757,43.33822454284174,True,high_rmse;weak_router_support
scan_360,2026-04-08 13:32:59,48.890244350172956,8.698964679880168,48.89021280803166,8.699449268710804,48.89019865248075,8.69944645352313,3,100.48579851054282,1.5892106974932707,35.62764686150623,wknn_fingerprinting_smoothed_road_snapped_route_matched,48.890230856583294,8.699215623287142,48.890244350172956,8.698964679880168,18.428699331144674,footway,48.89019865248075,8.69944645352313,1.5892106974932707,secondary,5,29.55049799393268,0,0,5,25.301275004279063,48.37624917900401,True,high_rmse;weak_router_support
scan_364,2026-04-08 13:33:14,48.89024210000001,8.6989644,48.890214959020554,8.699365639070631,48.890205757912454,8.699363809198589,3,29.533844663746265,1.0329869536867253,29.5126771670256,wknn_fingerprinting_smoothed_road_snapped_route_matched,48.89022876719995,8.699035909230808,48.89024210000001,8.6989644,5.440368051578246,footway,48.890205757912454,8.699363809198589,1.0329869536867253,secondary,6,22.940189579827116,0,2,4,0.251325516567034,6.100510833490731,True,weak_router_support
scan_366,2026-04-08 13:33:29,48.89024210000001,8.6989644,48.89008606388032,8.699096570467553,48.89024210000001,8.6989644,3,32.92415526630866,19.882191979712086,0.0,wknn_fingerprinting_smoothed_road_snapped_route_matched,48.89023063670346,8.698894255087897,48.89024210000001,8.6989644,5.290349298863031,footway,48.89024210000001,8.6989644,19.882191979712086,footway,6,32.96050209146142,0,2,4,0.0,29.512687691113676,True,weak_router_support
scan_368,2026-04-08 13:33:38,48.8902713,8.6987648,48.89003980567992,8.69891569743314,48.89024210000001,8.6989644,3,55.19113147563703,22.79979699550871,14.966624089238083,wknn_fingerprinting_smoothed_road_snapped_route_matched,48.89023077501373,8.698840164672346,48.8902713,8.6987648,7.125984386901327,pedestrian,48.89024210000001,8.6989644,22.79979699550871,footway,5,44.49858528834688,0,0,5,14.966628253395246,0.0,True,high_rmse;weak_router_support
scan_379,2026-04-08 13:34:44,48.89085055441456,8.698954518355674,48.89039618133411,8.698952101689112,48.89038761469744,8.69894964301198,3,20.683153452559083,0.9704691412209165,51.5356847162429,wknn_fingerprinting_smoothed_road_snapped_route_matched,48.89086206342628,8.698874101271729,48.89085055441456,8.698954518355674,6.023742029005411,pedestrian,48.89038761469744,8.69894964301198,0.9704691412209165,pedestrian,8,20.714926040071383,0,4,4,65.96080303829793,16.23466648234261,True,weak_router_support
scan_380,2026-04-08 13:34:47,48.8908774436038,8.698963420237433,48.890756476298606,8.699424932488272,48.89079121246326,8.699088187882124,3,53.88314556907948,24.948678901734816,13.249141625157037,wknn_fingerprinting_smoothed_road_snapped_route_matched,48.89088819257826,8.698888313746627,48.8908774436038,8.698963420237433,5.6259425267601495,pedestrian,48.89079121246326,8.699088187882124,24.948678901734816,pedestrian,9,16.768690539813736,0,7,2,3.0633950901600797,46.05865667020803,True,high_rmse;weak_router_support
scan_383,2026-04-08 13:35:02,48.8909532,8.6989885,48.89086543274496,8.699162536232183,48.890871134801785,8.699107258406135,3,20.273134932713294,4.09540561610341,12.609979717511965,wknn_fingerprinting_smoothed_road_snapped_route_matched,48.89096391873114,8.698965466434121,48.8909532,8.6989885,2.065413699205353,pedestrian,48.890871134801785,8.699107258406135,4.09540561610341,pedestrian,7,18.241539500759067,0,4,3,0.5911667123339349,7.076779602404832,True,weak_router_support
scan_384,2026-04-08 13:35:05,48.8909950887321,8.69906413377886,48.890905628837885,8.699104598107802,48.89090486188917,8.699112030840942,3,31.829500263314586,0.5506776661814955,10.638273074720523,wknn_fingerprinting_smoothed_road_snapped_route_matched,48.89100289997757,8.699065408047332,48.8909950887321,8.69906413377886,0.8745353597766307,pedestrian,48.89090486188917,8.699112030840942,0.5506776661814955,pedestrian,9,18.241539500759067,0,3,6,7.23803858364202,3.77071345957619,True,weak_router_support
scan_393,2026-04-08 13:35:46,48.89094833608923,8.699667641071324,48.89093582823977,8.699368270626925,48.8909681377241,8.699373298614043,3,52.491269115285576,3.6154699730627233,21.6560689832289,wknn_fingerprinting_smoothed_road_snapped_route_matched,48.89104187192714,8.699682197096053,48.89094833608923,8.699667641071324,10.466772153330835,pedestrian,48.8909681377241,8.699373298614043,3.6154699730627233,pedestrian,5,15.67141105921369,1,1,3,35.29167460101806,18.997934727117332,True,high_rmse;weak_router_support
scan_394,2026-04-08 13:35:54,48.89094706878841,8.699686478932076,48.890934833293535,8.699578036427635,48.8909541618108,8.699581044322576,3,41.85448956336699,2.1628842190076885,7.757288074981749,wknn_fingerprinting_smoothed_road_snapped_route_matched,48.89099730806727,8.699694297151993,48.89094706878841,8.699686478932076,5.6218354201347065,pedestrian,48.8909541618108,8.699581044322576,2.1628842190076885,pedestrian,12,17.46025086716795,2,8,2,1.3859842742808328,15.284761483096188,True,weak_router_support
scan_395,2026-04-08 13:36:01,48.890936466754106,8.69984407343604,48.890934195713,8.699713330683291,48.89094514770177,8.699715035026719,4,55.069403467166154,1.2255406536587166,9.493925463916801,wknn_fingerprinting_smoothed_road_snapped_route_matched,48.89092353478779,8.699842060969708,48.890936466754106,8.69984407343604,1.4471025124373904,pedestrian,48.89094514770177,8.699715035026719,1.2255406536587166,pedestrian,12,20.63108487495168,0,6,6,11.594922202183783,9.858285084356336,True,high_rmse;weak_router_support
scan_396,2026-04-08 13:36:03,48.89093376391203,8.699884249976252,48.89109559063765,8.699751527045489,48.89094427686572,8.699727979615623,3,89.26886977072557,16.93219202308141,11.497500962593934,wknn_fingerprinting_smoothed_road_snapped_route_matched,48.8909048969577,8.699879757715928,48.89093376391203,8.699884249976252,3.230246751868749,pedestrian,48.89094427686572,8.699727979615623,16.93219202308141,pedestrian,10,15.383110116054528,4,3,3,2.955965517313409,0.9523903992293521,True,high_rmse;weak_router_support
scan_423,2026-04-08 13:38:39,48.89075916449097,8.700316505429024,48.891005162562976,8.699783181625454,48.89094123249354,8.699773232848209,3,167.52412761549704,7.153851263611241,44.630932138362006,wknn_fingerprinting_smoothed_road_snapped_route_matched,48.89071872427638,8.700315641325643,48.89075916449097,8.700316505429024,4.502248938456413,pedestrian,48.89094123249354,8.699773232848209,7.153851263611241,pedestrian,4,8.547958937920917,3,0,1,32.16338511313715,4.398164725276216,True,high_rmse
scan_437,2026-04-08 13:40:19,48.89072865111644,8.700944678644221,48.89106181896882,8.700553614814137,48.8908564,8.7006985,4,53.08998636777078,25.20644802484542,22.95433722601571,wknn_fingerprinting_smoothed_road_snapped_route_matched,48.89072532164,8.700992500773795,48.89072865111644,8.700944678644221,3.519794153290451,pedestrian,48.8908564,8.7006985,25.20644802484542,footway,10,19.60969325102751,1,6,3,46.102910101432705,68.37772240660479,True,high_rmse;weak_router_support
scan_439,2026-04-08 13:40:33,48.89077168160369,8.701165712017891,48.89107495221919,8.700911029240924,48.8912496,8.7009372,3,38.88444419044716,19.535924506025736,55.768966576224216,wknn_fingerprinting_smoothed_road_snapped_route_matched,48.89077850803361,8.701165731989507,48.89077168160369,8.701165712017891,0.7599195851152162,pedestrian,48.8912496,8.7009372,19.535924506025736,pedestrian,6,21.1784149282026,0,2,4,16.872260244901437,47.12893882651004,True,weak_router_support
scan_443,2026-04-08 13:40:51,48.89077265181634,8.701400293490996,48.89101211882267,8.701287097472017,48.89101225506241,8.701295700477058,4,47.953701542579395,0.629855231775146,27.749503114129112,wknn_fingerprinting_smoothed_road_snapped_route_matched,48.89080855339977,8.70139924225622,48.89077265181634,8.701400293490996,3.9973048529767374,pedestrian,48.89101225506241,8.701295700477058,0.629855231775146,pedestrian,14,17.53279116502285,1,4,9,17.169949293062093,37.23689239418631,True,high_rmse;weak_router_support
scan_448,2026-04-08 13:41:13,48.89077686266909,8.701732950858338,48.8909914152122,8.701573348899242,48.89099667135618,8.70157318164278,4,63.59787868464551,0.5852419970845534,27.11981842644151,wknn_fingerprinting_smoothed_road_snapped_route_matched,48.890870963886776,8.70173019547695,48.89077686266909,8.701732950858338,10.477288690841876,pedestrian,48.89099667135618,8.70157318164278,0.5852419970845534,pedestrian,7,18.896388132641285,0,4,3,24.352542200287417,20.383407298115696,True,high_rmse;weak_router_support
scan_452,2026-04-08 13:41:49,48.89100127241706,8.701907653206783,48.890924181780775,8.701316669946431,48.89092376749043,8.701300355517445,3,30.95157508108432,1.194980850457514,45.2790569055324,wknn_fingerprinting_smoothed_road_snapped_route_matched,48.89101102918068,8.70190734273542,48.89100127241706,8.701907653206783,1.0863606194034385,pedestrian,48.89092376749043,8.701300355517445,1.194980850457514,pedestrian,3,19.020051678204187,0,3,0,28.063663227985717,21.554933725745567,True,weak_router_support
scan_455,2026-04-08 13:42:16,48.89102255857702,8.70158004279029,48.890870806718794,8.701263834671442,48.89087181163621,8.70130340750333,3,38.88444419044716,2.8985891446478926,26.297710263107994,wknn_fingerprinting_smoothed_road_snapped_route_matched,48.89106726132341,8.701577003183003,48.89102255857702,8.70158004279029,4.981280329921556,pedestrian,48.89087181163621,8.70130340750333,2.8985891446478926,pedestrian,5,23.107739181282994,0,0,5,24.095314756912746,5.788037870052594,True,weak_router_support
scan_464,2026-04-08 13:43:58,48.89077394971534,8.701502827511788,48.89083645250294,8.701311595258286,48.890836297558316,8.701305493667943,3,70.58092282385282,0.44692317519355274,16.02442139362311,wknn_fingerprinting_smoothed_road_snapped_route_matched,48.89081754529873,8.701501550988738,48.89077394971534,8.701502827511788,4.853959642056927,pedestrian,48.890836297558316,8.701305493667943,0.44692317519355274,pedestrian,3,0.4688443627714623,0,1,2,28.246300576890683,3.956374717150567,True,high_rmse
scan_478,2026-04-08 13:48:05,48.89079931969385,8.700839980462638,48.89089413947288,8.70152021554026,48.8909734,8.7014988,3,30.95157508108432,8.961429229307436,51.9688440673641,wknn_fingerprinting_smoothed_road_snapped_route_matched,48.890819764374186,8.700840793174793,48.89079931969385,8.700839980462638,2.276679043228388,footway,48.8909734,8.7014988,8.961429229307436,pedestrian,5,19.020051678204187,0,3,2,48.597564505161536,20.81146994436838,True,weak_router_support
scan_494,2026-04-08 13:50:47,48.89076044763533,8.700177594703643,48.89069020898099,8.701236464313507,48.89069259923829,8.701314864429849,3,37.59432581299116,5.744477420449043,83.58161789785329,wknn_fingerprinting_smoothed_road_snapped_route_matched,48.89077554485152,8.70017791729257,48.89076044763533,8.700177594703643,1.680787954685803,pedestrian,48.89069259923829,8.701314864429849,5.744477420449043,pedestrian,7,32.26353677030962,1,0,6,48.67440762410771,34.03458458880536,True,weak_router_support
scan_496,2026-04-08 13:51:05,48.89068427584908,8.700153321351227,48.89055662739894,8.701051904881234,48.89056591739348,8.700918470591459,3,99.65774764997785,9.821035071952066,57.532319784118975,wknn_fingerprinting_smoothed_road_snapped_route_matched,48.890683023051416,8.700181755974606,48.89068427584908,8.700153321351227,2.0858729211125775,pedestrian,48.89056591739348,8.700918470591459,9.821035071952066,pedestrian,4,38.93927494391225,0,0,4,8.663565700685227,32.25888136510121,True,high_rmse;weak_router_support
scan_500,2026-04-08 13:51:27,48.8912496,8.7009372,48.89045322062564,8.700929985330909,48.89045526303034,8.700900649851329,6,15.9525455553209,2.1591554010420575,88.46604869002611,wknn_fingerprinting_smoothed_road_snapped_route_matched,48.89121090885359,8.700737457261402,48.8912496,8.7009372,15.240808242847239,pedestrian,48.89045526303034,8.700900649851329,2.1591554010420575,pedestrian,16,34.874410714524466,0,0,16,85.15972429211612,12.386909790763651,True,weak_router_support
scan_502,2026-04-08 13:52:06,48.89020589530858,8.70010456674132,48.89042148694104,8.700813802584943,48.89041588199215,8.70089430758675,5,48.03696235049983,5.925347799600257,62.351431525704065,wknn_fingerprinting_smoothed_road_snapped_route_matched,48.89020756471847,8.700066676552114,48.89020589530858,8.70010456674132,2.7795293446442306,pedestrian,48.89041588199215,8.70089430758675,5.925347799600257,pedestrian,5,38.40349014082709,0,0,5,131.1983249465837,4.408406156108226,True,high_rmse;weak_router_support
scan_503,2026-04-08 13:52:12,48.890231164474514,8.700107142072511,48.89038873319558,8.700777974069887,48.89038102461871,8.700888693852454,8,29.065073389142476,8.149228414013713,59.58727090844106,wknn_fingerprinting_smoothed_road_snapped_route_matched,48.89023199438218,8.70008830585444,48.890231164474514,8.700107142072511,1.381777088589335,pedestrian,48.89038102461871,8.700888693852454,8.149228414013713,pedestrian,11,35.880959802569,0,0,11,2.819272084765644,3.902016502301663,True,weak_router_support
scan_504,2026-04-08 13:52:20,48.89021022466206,8.700105007971517,48.890718966655896,8.700770106001803,48.890754769222916,8.70077093070335,4,19.710403344427025,3.9859988337540506,77.78382121474591,wknn_fingerprinting_smoothed_road_snapped_route_matched,48.89021042371543,8.700100490105678,48.89021022466206,8.700105007971517,0.3314192993868314,pedestrian,48.890754769222916,8.70077093070335,3.9859988337540506,pedestrian,4,39.0677593768703,0,0,4,2.3362476170648296,42.48871760194099,True,weak_router_support
scan_506,2026-04-08 13:52:30,48.89015007400308,8.700098877659627,48.89051732495654,8.700041242873525,48.89051315527829,8.700135881434738,3,33.50124375800596,6.942404783247328,40.50885228084772,wknn_fingerprinting_smoothed_road_snapped_route_matched,48.89015158305616,8.700064627075314,48.89015007400308,8.700098877659627,2.5125398577912184,pedestrian,48.89051315527829,8.700135881434738,6.942404783247328,pedestrian,6,37.208731251810846,0,1,5,6.710988197677545,53.701972485011694,True,weak_router_support
scan_509,2026-04-08 13:52:56,48.890139500000004,8.7000978,48.890394501411635,8.69996202097727,48.89038740593989,8.700123065570754,3,23.629078131263043,11.813783770082999,27.658779985489566,wknn_fingerprinting_smoothed_road_snapped_route_matched,48.890110463785305,8.699708722078695,48.890139500000004,8.7000978,28.660821304097258,pedestrian,48.89038740593989,8.700123065570754,11.813783770082999,pedestrian,5,35.47428119272116,0,1,4,1.1797378662393414,14.029809810621925,True,weak_router_support
scan_514,2026-04-08 13:53:18,48.890200123152816,8.699429347919354,48.89031466610744,8.69991052674471,48.890305668864805,8.700114735258643,3,46.99290726623895,14.980192888043522,51.52334287549705,wknn_fingerprinting_smoothed_road_snapped_route_matched,48.89008063227524,8.69940558419197,48.890200123152816,8.699429347919354,13.414962430746911,secondary,48.890305668864805,8.700114735258643,14.980192888043522,pedestrian,5,28.73929575394681,0,1,4,49.38951662889504,9.119377033177251,True,high_rmse;weak_router_support
scan_526,2026-04-08 13:54:23,48.89007482578946,8.69864778720185,48.890158497177964,8.69917136395588,48.89024210000001,8.6989644,3,63.814750655693345,17.778865292334746,29.728356678481738,wknn_fingerprinting_smoothed_road_snapped_route_matched,48.89002586722074,8.698849190701473,48.89007482578946,8.69864778720185,15.716666006446724,residential,48.89024210000001,8.6989644,17.778865292334746,footway,6,9.572072907243664,1,2,3,29.72832646069567,36.28899014638156,True,high_rmse
scan_531,2026-04-08 13:54:48,48.89007554253019,8.698648190218687,48.8898676211663,8.698640548572715,48.88984267239388,8.698634369841182,3,57.0701322935211,2.813877431556826,25.94283248494642,wknn_fingerprinting_smoothed_road_snapped_route_matched,48.89007059815828,8.698668530159678,48.89007554253019,8.698648190218687,1.587240466277388,residential,48.88984267239388,8.698634369841182,2.813877431556826,path,8,14.140267642566936,0,4,4,5.451697096815273,50.602263635595875,True,high_rmse
scan_533,2026-04-08 13:55:03,48.89008695653116,8.698654608208365,48.88970206810048,8.698417151967758,48.8897054514184,8.69840752337228,3,83.26063495634256,0.7990821426056468,46.15946512321024,wknn_fingerprinting_smoothed_road_snapped_route_matched,48.89010247472679,8.69859077010646,48.89008695653116,8.698654608208365,4.981644571380028,residential,48.8897054514184,8.69840752337228,0.7990821426056468,residential,7,14.31212388137376,0,3,4,1.354662755353514,22.5615845486906,True,high_rmse
scan_537,2026-04-08 13:55:27,48.889862035951914,8.698394635202549,48.88968777338161,8.69810935793066,48.8895797,8.6981586,3,39.58660157621672,12.559016922066103,35.86493555427635,wknn_fingerprinting_smoothed_road_snapped_route_matched,48.88996400390268,8.69840838573441,48.889862035951914,8.698394635202549,11.39560390123494,path,48.8895797,8.6981586,12.559016922066103,pedestrian,7,16.875110219301547,0,6,1,31.448191969877392,22.976533779814396,True,weak_router_support
scan_538,2026-04-08 13:55:37,48.88986419784699,8.698357552039981,48.88954651131567,8.698209673503165,48.889563267589445,8.698148233759698,6,32.240542424765245,4.868546416106422,36.83676859813366,wknn_fingerprinting_smoothed_road_snapped_route_matched,48.889881018847966,8.698359820374808,48.88986419784699,8.698357552039981,1.8798599337057122,path,48.889563267589445,8.698148233759698,4.868546416106422,pedestrian,14,17.694450185901232,2,5,7,2.7249079068336086,1.9803732207729454,True,weak_router_support
scan_573,2026-04-08 14:01:10,48.888010911334426,8.697635380163991,48.888539738379926,8.697973497145123,48.88853986544226,8.69797503590615,5,25.314027731674784,0.11351551755082548,63.91657585292931,wknn_fingerprinting_smoothed_road_snapped_route_matched,48.887995155211264,8.697680641351576,48.888010911334426,8.697635380163991,3.748619741845599,residential,48.88853986544226,8.69797503590615,0.11351551755082548,pedestrian,5,56.3658001353645,0,0,5,176.48737567493092,114.2692481393591,True,weak_router_support
scan_579,2026-04-08 14:02:15,48.887039444909874,8.696831200359917,48.88777877749271,8.698044335028454,48.88791148680162,8.697693591031346,5,12.657013865837392,29.62042555013102,115.79503736341987,wknn_fingerprinting_smoothed_road_snapped_route_matched,48.88699034808451,8.696937076459037,48.887039444909874,8.696831200359917,9.483278579335986,residential,48.88791148680162,8.697693591031346,29.62042555013102,residential,5,56.3658001353645,0,0,5,123.12591456490115,72.92151296158373,True,high_error;weak_router_support
scan_580,2026-04-08 14:02:37,48.88636403185934,8.698174345937128,48.887520502624305,8.697620265074084,48.88759481823471,8.697421619623281,5,12.657013865837392,16.729016002959465,147.67508062688378,wknn_fingerprinting_smoothed_road_snapped_route_matched,48.88645621436865,8.697962885748854,48.88636403185934,8.698174345937128,18.57126719377462,residential,48.88759481823471,8.697421619623281,16.729016002959465,residential,6,52.47876242688207,0,0,6,123.77059522132784,40.48430540256954,True,high_error;weak_router_support
scan_601,2026-04-08 14:04:43,48.88668744655333,8.707133914455683,48.8872476767058,8.701521902298154,48.8872964,8.7016192,20,0.0,8.952141918057432,409.3211873072958,wknn_fingerprinting_smoothed_road_snapped_route_matched,48.88668744655333,8.707133914455683,48.88668744655333,8.707133914455683,,,48.8872964,8.7016192,8.952141918057432,footway,20,48.45652950590193,0,0,20,656.8165658795334,309.0425762500307,True,high_error;weak_router_support
scan_602,2026-04-08 14:04:52,48.886488445529984,8.708173429249271,48.88707383985877,8.704040361493801,48.88716240000001,8.7041588,20,0.0,13.12820444212533,303.2918171449522,wknn_fingerprinting_smoothed_road_snapped_route_matched,48.886488445529984,8.708173429249271,48.886488445529984,8.708173429249271,,,48.88716240000001,8.7041588,13.12820444212533,path,20,48.45652950590193,0,0,20,79.25022510248591,186.4904374505957,True,high_error;weak_router_support
scan_603,2026-04-08 14:05:01,48.88635802928222,8.709223306460068,48.887041170908205,8.70546518997097,48.8872155,8.705838,20,0.0,33.485689736120044,265.5498614309363,wknn_fingerprinting_smoothed_road_snapped_route_matched,48.88635802928222,8.709223306460068,48.88635802928222,8.709223306460068,,,48.8872155,8.705838,33.485689736120044,service,20,48.45652950590193,0,0,20,78.20913674077197,123.05574490885917,True,high_error;weak_router_support
scan_613,2026-04-08 14:06:43,48.87978138574744,8.715180063837892,48.88435896853068,8.709251821576526,48.88435896853068,8.709251821576526,3,0.0,,669.3450637927233,wknn_fingerprinting_smoothed_road_snapped_route_matched,48.87978138574744,8.715180063837892,48.87978138574744,8.715180063837892,,,48.88435896853068,8.709251821576526,,,3,23.8915475143704,0,0,3,852.134878113903,404.42876952618684,True,high_error;weak_router_support
scan_614,2026-04-08 14:07:05,48.87937773554384,8.71628413741541,48.882756814556544,8.711326706368004,48.882756814556544,8.711326706368004,3,0.0,,522.6983057618547,wknn_fingerprinting_smoothed_road_snapped_route_matched,48.87937773554384,8.71628413741541,48.87937773554384,8.71628413741541,,,48.882756814556544,8.711326706368004,,,3,23.8915475143704,0,0,3,92.478448587717,234.26333594383894,True,high_error;weak_router_support
