scan_id,timestamp,visible_networks,unique_ssids,mean_rssi,strongest_rssi,latitude,longitude,matched_access_points,residual_rmse,confidence_score
scan_01,2026-04-08 11:32:48,19,8,-87.26315789473684,-78,48.87857468932462,8.715884222781341,4.0,0.7427577504572096,4.0
scan_02,2026-04-08 11:32:54,12,5,-85.16666666666667,-70,,,,,
scan_03,2026-04-08 11:32:59,10,6,-88.4,-85,,,,,
scan_04,2026-04-08 11:33:11,14,9,-80.07142857142857,-63,48.87861666485961,8.715649833996656,5.0,1.8641569927116743,2.682177530942181
scan_05,2026-04-08 11:33:34,45,7,-80.93333333333334,-60,48.878722429894225,8.715537595039015,5.0,0.5254626385789318,5.0
scan_06,2026-04-08 11:33:44,21,6,-76.33333333333333,-67,,,,,
scan_07,2026-04-08 11:33:58,10,6,-87.1,-82,,,,,
scan_08,2026-04-08 11:34:21,20,9,-85.1,-77,,,,,
scan_09,2026-04-08 11:34:41,11,10,-89.0909090909091,-86,,,,,
scan_10,2026-04-08 11:34:44,2,2,-93.0,-93,,,,,
scan_11,2026-04-08 11:34:55,1,1,-91.0,-91,,,,,
scan_12,2026-04-08 11:35:00,2,2,-91.0,-89,,,,,
scan_13,2026-04-08 11:35:28,3,3,-89.66666666666667,-87,,,,,
scan_14,2026-04-08 11:35:48,3,3,-91.33333333333333,-86,,,,,
scan_15,2026-04-08 12:03:15,57,40,-83.36842105263158,-44,,,,,
scan_16,2026-04-08 12:04:01,40,22,-83.25,-61,48.88987866895415,8.69758287592063,12.0,18.86246620736564,0.6361840423239088
scan_17,2026-04-08 12:04:29,19,18,-80.26315789473684,-61,48.88965091651948,8.696147470226729,4.0,9.981489878372127,0.40074177790503923
scan_18,2026-04-08 12:04:35,6,6,-77.0,-36,,,,,
scan_19,2026-04-08 12:04:42,10,10,-81.1,-56,,,,,
scan_20,2026-04-08 12:06:02,23,21,-77.6086956521739,-56,48.88972309472445,8.696931065905009,6.0,10.698974073097602,0.5608014337642806
scan_21,2026-04-08 12:06:21,2,2,-88.0,-85,,,,,
scan_22,2026-04-08 12:06:30,23,19,-82.95652173913044,-43,48.88982331097485,8.697366928124257,8.0,7.8711798047365935,1.0163660592768935
scan_23,2026-04-08 12:06:36,12,12,-80.91666666666667,-65,48.889623040713886,8.697194454292278,6.0,29.61655890000841,0.202589369692044
scan_24,2026-04-08 12:06:43,4,4,-86.0,-73,,,,,
scan_25,2026-04-08 12:07:41,4,4,-88.25,-83,48.88961314898875,8.697119136659492,3.0,0.8257121738357873,3.0
scan_26,2026-04-08 12:08:02,20,20,-88.15,-80,48.88974415200318,8.697827167646993,13.0,15.957070692269074,0.8146858687727865
scan_27,2026-04-08 12:08:31,11,9,-88.81818181818181,-79,48.88968787517238,8.69781416224131,8.0,4.182687931479899,1.9126456792987367
scan_28,2026-04-08 12:08:37,5,5,-85.4,-74,48.88957321980477,8.697858407911843,4.0,11.129115248944222,0.3594176096235022
scan_29,2026-04-08 12:08:43,3,3,-80.66666666666667,-75,,,,,
scan_30,2026-04-08 12:09:15,5,5,-76.8,-45,48.88961224014092,8.697378310708839,5.0,5.346122162337724,0.9352573413349811
scan_31,2026-04-08 12:09:21,2,2,-85.5,-81,,,,,
scan_32,2026-04-08 12:10:02,25,22,-86.4,-69,48.88950003419333,8.698099301110638,17.0,7.048916155517088,2.4117182875972127
scan_33,2026-04-08 12:10:31,13,13,-85.3076923076923,-75,48.88966025945055,8.698059695931475,8.0,4.394810701586937,1.82032868835767
scan_34,2026-04-08 12:10:38,3,3,-80.0,-62,,,,,
scan_35,2026-04-08 12:10:43,4,4,-74.0,-53,48.889457086109395,8.698018897721044,3.0,1.226272609288015,2.4464380736203735
scan_36,2026-04-08 12:11:59,4,4,-71.0,-26,,,,,
scan_37,2026-04-08 12:12:31,2,2,-89.0,-87,,,,,
scan_38,2026-04-08 12:12:39,7,6,-89.0,-80,,,,,
scan_39,2026-04-08 12:12:44,1,1,-90.0,-90,,,,,
scan_40,2026-04-08 12:14:47,2,2,-84.0,-81,,,,,
scan_41,2026-04-08 12:14:54,1,1,-39.0,-39,,,,,
scan_42,2026-04-08 12:16:04,5,5,-74.8,-25,48.88968538471649,8.697828724301083,3.0,23.616925137612622,0.1270275441243687
scan_43,2026-04-08 12:16:21,5,5,-80.6,-74,48.88969876469806,8.698155156034064,4.0,3.257414488873448,1.2279677681986885
scan_44,2026-04-08 12:16:33,9,7,-78.11111111111111,-18,48.88963944477684,8.697856800757906,4.0,23.811876188730118,0.16798340325207778
scan_45,2026-04-08 12:16:41,1,1,-74.0,-74,,,,,
scan_46,2026-04-08 12:16:49,1,1,-87.0,-87,,,,,
scan_47,2026-04-08 12:18:50,3,3,-77.66666666666667,-69,,,,,
scan_48,2026-04-08 12:20:03,7,7,-88.14285714285714,-74,,,,,
scan_49,2026-04-08 12:20:37,2,2,-76.0,-60,,,,,
scan_50,2026-04-08 12:20:45,2,2,-86.0,-78,,,,,
scan_51,2026-04-08 12:20:53,2,2,-82.0,-77,,,,,
scan_52,2026-04-08 12:46:45,3,3,-73.0,-46,48.89003240628693,8.69804223343856,3.0,32.46184391110989,0.09241619201345695
scan_53,2026-04-08 12:46:54,2,2,-60.5,-37,,,,,
scan_54,2026-04-08 12:49:57,9,7,-85.66666666666667,-77,48.88989624777331,8.698571515914987,3.0,8.98291534232173,0.33396730189206236
scan_55,2026-04-08 12:50:06,19,19,-85.3157894736842,-65,48.88971148324005,8.698428532092871,8.0,9.82747454045668,0.8140443373388013
scan_56,2026-04-08 12:50:15,7,7,-84.14285714285714,-74,48.889528459280854,8.69762571170266,3.0,35.67616617948157,0.08408975294339194
scan_57,2026-04-08 12:50:24,15,12,-82.46666666666667,-64,48.889341331313176,8.698251847841052,5.0,5.644954910056563,0.8857466675406801
scan_58,2026-04-08 12:50:34,5,5,-85.0,-78,,,,,
scan_59,2026-04-08 12:50:43,14,10,-84.0,-78,48.889690633640775,8.698423218880016,8.0,6.173979342628648,1.2957607332378764
scan_60,2026-04-08 12:50:52,4,4,-79.25,-72,,,,,
scan_61,2026-04-08 12:51:01,4,4,-84.25,-75,,,,,
scan_62,2026-04-08 12:51:10,4,4,-77.75,-66,,,,,
scan_63,2026-04-08 12:51:18,4,4,-86.25,-80,,,,,
scan_64,2026-04-08 12:51:27,7,7,-87.42857142857143,-79,48.88985474091563,8.698848242866642,5.0,3.833612065584513,1.3042529902507616
scan_65,2026-04-08 12:51:36,9,8,-85.33333333333333,-76,48.889849200070024,8.698534816965735,4.0,14.24115847214824,0.28087602619006674
scan_66,2026-04-08 12:51:45,13,13,-84.3076923076923,-75,48.889819167909074,8.69858329868666,6.0,12.602538755949425,0.47609454858192846
scan_67,2026-04-08 12:51:54,12,12,-84.16666666666667,-71,48.89004342773556,8.698815872235285,10.0,15.00977955172491,0.6662323031153918
scan_68,2026-04-08 12:52:03,7,7,-82.42857142857143,-71,48.889892149196584,8.698913866840003,5.0,17.08985979759319,0.2925711538431792
scan_69,2026-04-08 12:52:12,16,16,-82.3125,-70,48.88995661907343,8.698791703096063,14.0,13.338367390223933,1.049603717637962
scan_70,2026-04-08 12:52:18,13,13,-88.0,-63,48.89015479140073,8.699050962773281,10.0,19.535399899087178,0.5118912359949829
scan_71,2026-04-08 12:52:28,4,4,-88.75,-86,48.88985444183628,8.698744713493957,4.0,5.615037167416226,0.7123728446913576
scan_72,2026-04-08 12:52:37,15,11,-81.6,-71,48.89011111554643,8.699152608111662,6.0,16.7981639610541,0.3571818928491691
scan_73,2026-04-08 12:52:46,17,15,-79.52941176470588,-59,48.89016039897436,8.699143695959505,12.0,22.738842910536395,0.5277313382748958
scan_74,2026-04-08 12:52:56,21,21,-82.95238095238095,-49,48.89018763656481,8.698817335710471,12.0,12.26080207430192,0.9787287917445019
scan_75,2026-04-08 12:53:04,34,32,-83.55882352941177,-54,48.8902920058005,8.699587263165922,29.0,27.009098222039654,1.0737122639783565
scan_76,2026-04-08 12:53:13,14,14,-87.64285714285714,-69,48.89018866572046,8.699339157638391,14.0,55.06637432667078,0.25423863784725803
scan_77,2026-04-08 12:53:22,9,9,-87.0,-70,48.8903782205401,8.699576430819489,7.0,10.534649432446393,0.6644739385859597
scan_78,2026-04-08 12:53:31,20,20,-80.9,-59,48.89024855769022,8.699370727742918,12.0,40.73174709434302,0.2946104907360236
scan_79,2026-04-08 12:53:40,9,8,-91.44444444444444,-80,,,,,
scan_80,2026-04-08 12:53:49,19,19,-86.0,-66,48.890171705855195,8.69911819603819,15.0,42.67158479379532,0.3515219805518234
scan_81,2026-04-08 12:53:58,3,3,-87.33333333333333,-83,48.89017991969261,8.698448003521184,3.0,9.602146991958756,0.3124301265656865
scan_82,2026-04-08 12:54:07,7,7,-83.42857142857143,-64,48.89019519846705,8.698843920368958,3.0,11.727376544698357,0.25581168887735783
scan_83,2026-04-08 12:54:16,8,5,-79.125,-70,48.89028835937541,8.698977272928055,5.0,8.446885182949687,0.591934173568816
scan_84,2026-04-08 12:54:26,9,9,-79.0,-67,48.890400690104585,8.698775989214377,6.0,7.415903438937173,0.8090720233083164
scan_85,2026-04-08 12:54:35,10,9,-76.5,-65,48.89027578873015,8.698864026279804,4.0,3.8534873927278466,1.0380207828235397
scan_86,2026-04-08 12:54:44,13,13,-74.76923076923077,-36,48.890232831494224,8.698512854010295,8.0,43.44608963132436,0.18413624949648055
scan_87,2026-04-08 12:54:53,14,14,-80.5,-52,48.89054617649806,8.69885870124446,11.0,19.280966920588185,0.5705108071242121
scan_88,2026-04-08 12:55:02,12,9,-81.41666666666667,-71,48.89075321536427,8.699088985365176,6.0,14.046496197620494,0.42715278711401444
scan_89,2026-04-08 12:55:12,11,9,-79.45454545454545,-61,48.89045810480084,8.698724348986199,6.0,39.250796020593064,0.15286314185455194
scan_90,2026-04-08 12:55:21,11,11,-78.0,-60,48.89079271092365,8.699031056081369,7.0,11.982394665258566,0.5841904056369978
scan_91,2026-04-08 12:55:30,11,11,-81.0,-62,48.89083591645418,8.698998733078273,6.0,3.5491454694877778,1.690547781594857
scan_92,2026-04-08 12:55:39,10,9,-73.9,-59,48.89068545936515,8.698889243255776,4.0,29.356385761670893,0.1362565553019334
scan_93,2026-04-08 12:55:42,2,2,-91.0,-88,,,,,
scan_94,2026-04-08 12:55:48,21,17,-84.47619047619048,-74,48.89117803491143,8.699016949134577,14.0,6.303895535280955,2.2208489848295114
scan_95,2026-04-08 12:55:57,23,16,-78.08695652173913,-58,48.89103880355293,8.699216198071662,11.0,11.842905330638246,0.9288261362304735
scan_96,2026-04-08 12:56:06,10,10,-86.2,-67,,,,,
scan_97,2026-04-08 12:56:15,12,8,-84.25,-77,48.89110365204245,8.69948714802512,3.0,3.324121576468616,0.9024940667744931
scan_98,2026-04-08 12:56:24,2,2,-77.5,-69,,,,,
scan_99,2026-04-08 12:56:29,11,6,-79.72727272727273,-68,48.89119652982493,8.699178123122662,4.0,2.446740873981406,1.6348277999259835
scan_100,2026-04-08 12:56:39,1,1,-81.0,-81,,,,,
scan_101,2026-04-08 12:56:45,10,10,-80.4,-70,48.89112173378877,8.699261534111105,6.0,4.975835786363509,1.2058275750263416
scan_102,2026-04-08 12:56:54,1,1,-68.0,-68,,,,,
scan_103,2026-04-08 12:57:03,3,3,-84.33333333333333,-74,,,,,
scan_104,2026-04-08 12:57:11,11,11,-88.9090909090909,-76,48.89111805050016,8.699267789136112,3.0,5.908785611747435,0.5077185393282182
scan_105,2026-04-08 12:57:20,6,4,-78.33333333333333,-52,,,,,
scan_106,2026-04-08 12:57:27,1,1,-84.0,-84,,,,,
scan_107,2026-04-08 12:57:37,3,3,-64.66666666666667,-25,,,,,
scan_108,2026-04-08 12:57:45,3,3,-78.33333333333333,-71,,,,,
scan_109,2026-04-08 12:57:51,1,1,-95.0,-95,,,,,
scan_110,2026-04-08 12:58:21,1,1,-81.0,-81,,,,,
scan_111,2026-04-08 12:58:28,2,2,-89.5,-88,,,,,
scan_112,2026-04-08 12:58:35,3,3,-86.33333333333333,-82,,,,,
scan_113,2026-04-08 12:58:54,5,5,-75.8,-71,,,,,
scan_114,2026-04-08 12:58:57,2,2,-84.0,-75,,,,,
scan_115,2026-04-08 12:59:04,6,6,-77.0,-69,48.891283193691166,8.699228667461808,5.0,0.6568274062633248,5.0
scan_116,2026-04-08 12:59:18,1,1,-85.0,-85,,,,,
scan_117,2026-04-08 12:59:25,1,1,-92.0,-92,,,,,
scan_118,2026-04-08 12:59:39,2,2,-86.0,-80,,,,,
scan_119,2026-04-08 12:59:46,1,1,-80.0,-80,,,,,
scan_120,2026-04-08 13:00:14,3,3,-82.33333333333333,-78,,,,,
scan_121,2026-04-08 13:00:22,1,1,-91.0,-91,,,,,
scan_122,2026-04-08 13:00:28,3,3,-87.0,-83,,,,,
scan_123,2026-04-08 13:01:31,2,2,-79.5,-67,,,,,
scan_124,2026-04-08 13:01:41,1,1,-81.0,-81,,,,,
scan_125,2026-04-08 13:01:48,2,2,-93.5,-92,,,,,
scan_126,2026-04-08 13:01:55,4,4,-83.5,-75,,,,,
scan_127,2026-04-08 13:02:04,2,2,-80.5,-75,,,,,
scan_128,2026-04-08 13:02:16,2,2,-71.5,-69,,,,,
scan_129,2026-04-08 13:02:34,2,2,-86.0,-86,,,,,
scan_130,2026-04-08 13:02:46,1,1,-79.0,-79,,,,,
scan_131,2026-04-08 13:02:53,4,3,-88.0,-79,,,,,
scan_132,2026-04-08 13:03:14,1,1,-64.0,-64,,,,,
scan_133,2026-04-08 13:03:18,1,1,-79.0,-79,,,,,
scan_134,2026-04-08 13:03:46,2,2,-89.5,-86,,,,,
scan_135,2026-04-08 13:03:50,2,2,-91.5,-90,,,,,
scan_136,2026-04-08 13:04:04,1,1,-80.0,-80,,,,,
scan_137,2026-04-08 13:04:16,1,1,-92.0,-92,,,,,
scan_138,2026-04-08 13:04:22,1,1,-69.0,-69,,,,,
scan_139,2026-04-08 13:04:29,2,2,-93.5,-93,,,,,
scan_140,2026-04-08 13:04:39,3,3,-87.0,-75,,,,,
scan_141,2026-04-08 13:04:46,1,1,-83.0,-83,,,,,
scan_142,2026-04-08 13:04:53,1,1,-73.0,-73,,,,,
scan_143,2026-04-08 13:05:00,2,2,-91.0,-90,,,,,
scan_144,2026-04-08 13:05:03,2,2,-91.0,-90,,,,,
scan_145,2026-04-08 13:05:07,1,1,-67.0,-67,,,,,
scan_146,2026-04-08 13:05:21,2,2,-77.5,-68,,,,,
scan_147,2026-04-08 13:05:34,1,1,-78.0,-78,,,,,
scan_148,2026-04-08 13:05:55,3,3,-75.33333333333333,-74,,,,,
scan_149,2026-04-08 13:05:58,1,1,-76.0,-76,,,,,
scan_150,2026-04-08 13:06:22,2,2,-86.0,-81,,,,,
scan_151,2026-04-08 13:06:43,3,3,-85.33333333333333,-70,,,,,
scan_152,2026-04-08 13:07:10,1,1,-91.0,-91,,,,,
scan_153,2026-04-08 13:07:48,1,1,-93.0,-93,,,,,
scan_154,2026-04-08 13:07:57,2,2,-85.0,-77,,,,,
scan_155,2026-04-08 13:08:06,1,1,-56.0,-56,,,,,
scan_156,2026-04-08 13:08:12,2,2,-77.0,-67,,,,,
scan_157,2026-04-08 13:08:21,1,1,-86.0,-86,,,,,
scan_158,2026-04-08 13:08:26,1,1,-50.0,-50,,,,,
scan_159,2026-04-08 13:08:36,2,2,-51.5,-42,,,,,
scan_160,2026-04-08 13:08:57,1,1,-91.0,-91,,,,,
scan_161,2026-04-08 13:09:31,1,1,-37.0,-37,,,,,
scan_162,2026-04-08 13:09:57,2,2,-86.0,-86,,,,,
scan_163,2026-04-08 13:10:26,14,14,-82.57142857142857,-72,48.89124623414434,8.6993941648814,6.0,6.183226903551847,0.9703671066241164
scan_164,2026-04-08 13:10:31,17,16,-82.23529411764706,-65,48.89123030247909,8.699520729575719,9.0,14.229928574855002,0.6324697943954162
scan_165,2026-04-08 13:10:39,45,40,-83.53333333333333,-54,48.891256674605046,8.699517101570683,17.0,4.798411059734762,3.5428394500532217
scan_166,2026-04-08 13:10:45,7,7,-84.14285714285714,-72,48.89139097220534,8.699470487917072,4.0,5.308984075260471,0.7534398188609656
scan_167,2026-04-08 13:10:53,8,8,-84.75,-64,48.89114667343042,8.699718852140867,8.0,29.43788321288488,0.2717586703550214
scan_168,2026-04-08 13:10:55,6,6,-89.83333333333333,-83,,,,,
scan_169,2026-04-08 13:11:00,10,10,-86.7,-81,48.89147262711838,8.699430256749217,5.0,2.834049407449125,1.7642599973231965
scan_170,2026-04-08 13:11:04,6,6,-71.66666666666667,-64,48.891392450435745,8.699294583409792,5.0,4.926684087526637,1.0148813910473748
scan_171,2026-04-08 13:11:07,5,5,-82.8,-77,48.891334223213406,8.699476983689554,5.0,0.9757821189889253,5.0
scan_172,2026-04-08 13:11:14,15,12,-72.46666666666667,-31,48.89132967223245,8.6993800468851,11.0,11.37570710104058,0.966972857361437
scan_173,2026-04-08 13:11:17,9,8,-80.33333333333333,-68,48.891330086559954,8.699654479334797,4.0,3.846814851331163,1.0398212949125505
scan_174,2026-04-08 13:11:21,23,23,-79.26086956521739,-58,48.891346479000276,8.699571261976796,15.0,13.703471459074898,1.094613145639567
scan_175,2026-04-08 13:11:24,10,10,-78.9,-68,48.89150542456152,8.699936206206646,7.0,18.231417799563364,0.38395258541920135
scan_176,2026-04-08 13:11:29,8,8,-84.5,-71,48.89142562877122,8.699549076731532,5.0,18.014678912256105,0.27755143593474213
scan_177,2026-04-08 13:11:36,9,9,-82.77777777777777,-70,,,,,
scan_178,2026-04-08 13:11:38,7,6,-86.28571428571429,-82,48.89155710783092,8.699791423417354,6.0,1.9197149913969689,3.125463950059495
scan_179,2026-04-08 13:11:43,3,3,-86.66666666666667,-83,,,,,
scan_180,2026-04-08 13:11:50,3,3,-83.66666666666667,-77,,,,,
scan_181,2026-04-08 13:11:57,1,1,-88.0,-88,,,,,
scan_182,2026-04-08 13:12:00,2,2,-79.5,-76,,,,,
scan_183,2026-04-08 13:12:04,3,3,-75.0,-73,,,,,
scan_184,2026-04-08 13:12:12,5,5,-85.4,-65,48.89141697523944,8.699591358376148,4.0,3.9531543226551737,1.0118502020212967
scan_185,2026-04-08 13:12:19,12,12,-86.33333333333333,-69,48.89163857714259,8.6995002473608,7.0,2.2746308193257767,3.07742247248495
scan_186,2026-04-08 13:12:21,13,13,-76.84615384615384,-53,48.89148706443924,8.699890313556294,7.0,10.110268782859682,0.6923653713210238
scan_187,2026-04-08 13:12:24,14,13,-77.78571428571429,-57,48.89153064494775,8.699537092185098,9.0,4.831807406789055,1.8626570229919177
scan_188,2026-04-08 13:12:32,8,8,-77.75,-72,48.89156468154007,8.699609767251152,4.0,0.9939991193069856,4.0
scan_189,2026-04-08 13:12:39,24,12,-76.45833333333333,-53,48.89149656003552,8.699653239922208,12.0,3.518418217974478,3.4106235406285195
scan_190,2026-04-08 13:12:42,11,10,-70.0,-59,,,,,
scan_191,2026-04-08 13:12:46,33,25,-79.0909090909091,-69,48.89150613138949,8.699934532021045,14.0,12.870736536277247,1.0877388376756707
scan_192,2026-04-08 13:12:53,22,21,-82.13636363636364,-69,48.89135995922422,8.699774560291653,17.0,8.397689270508412,2.0243664003741815
scan_193,2026-04-08 13:13:01,14,14,-75.92857142857143,-64,48.891468555771226,8.69985575653092,8.0,11.66741747898104,0.6856701591772193
scan_194,2026-04-08 13:13:03,4,4,-87.75,-78,,,,,
scan_195,2026-04-08 13:13:08,15,13,-74.8,-25,48.89143414065103,8.699795900700845,12.0,5.787374346896249,2.0734791428233015
scan_196,2026-04-08 13:13:15,4,4,-77.5,-70,,,,,
scan_197,2026-04-08 13:13:23,4,4,-77.0,-71,,,,,
scan_198,2026-04-08 13:13:30,16,11,-75.3125,-59,48.89144317762676,8.69987211721742,6.0,4.279398801474009,1.4020661028211114
scan_199,2026-04-08 13:13:33,1,1,-70.0,-70,,,,,
scan_200,2026-04-08 13:13:37,1,1,-70.0,-70,,,,,
scan_201,2026-04-08 13:13:44,4,4,-78.5,-64,,,,,
scan_202,2026-04-08 13:13:51,1,1,-52.0,-52,,,,,
scan_203,2026-04-08 13:13:54,2,2,-82.0,-74,,,,,
scan_204,2026-04-08 13:13:59,5,5,-83.4,-78,48.891263968093966,8.700208437142411,3.0,3.737095584991199,0.8027624479417925
scan_205,2026-04-08 13:14:06,2,2,-48.5,-18,,,,,
scan_206,2026-04-08 13:14:13,23,17,-78.43478260869566,-64,48.891332561976306,8.700078223516629,18.0,20.53814609251861,0.876417955102424
scan_207,2026-04-08 13:14:20,13,13,-87.6923076923077,-72,48.890982202623,8.700412496048546,9.0,29.808785218001283,0.3019244136981796
scan_208,2026-04-08 13:14:22,23,20,-82.17391304347827,-65,48.89128556509415,8.700239655337901,19.0,26.225572023630217,0.7244837208080835
scan_209,2026-04-08 13:14:27,7,6,-80.0,-55,48.89053047089163,8.700155551942606,4.0,5.161737169903195,0.7749329088902481
scan_210,2026-04-08 13:14:35,13,11,-78.61538461538461,-61,48.89133011912537,8.700071018593032,7.0,27.80054358949915,0.25179363768426627
scan_211,2026-04-08 13:14:37,19,18,-79.63157894736842,-59,48.89137855103457,8.700427924731997,16.0,15.620591542518492,1.0242889942067033
scan_212,2026-04-08 13:14:40,6,6,-92.16666666666667,-90,48.890895169880004,8.699383694779197,6.0,3.402455197483946,1.7634324779461876
scan_213,2026-04-08 13:14:42,17,16,-83.23529411764706,-69,48.891375181635986,8.700528598569974,12.0,11.55679160564761,1.0383504703966282
scan_214,2026-04-08 13:14:47,15,13,-79.2,-60,48.89142124448426,8.700462609482985,11.0,21.604052985190425,0.509163720693543
scan_215,2026-04-08 13:14:50,17,15,-80.3529411764706,-60,48.89143801122561,8.700461306547536,11.0,16.0527113612516,0.685242495953179
scan_216,2026-04-08 13:14:57,15,14,-82.46666666666667,-72,48.89139384996072,8.70058624442005,14.0,17.33503617130247,0.8076129672677868
scan_217,2026-04-08 13:15:00,10,10,-86.7,-75,48.89152563822628,8.701106580344888,4.0,8.002771603348293,0.4998268347838933
scan_218,2026-04-08 13:15:04,8,8,-87.125,-79,48.89143261778137,8.700578037526961,5.0,19.239477788501333,0.2598823135931631
scan_219,2026-04-08 13:15:12,28,23,-80.07142857142857,-67,48.89141212353638,8.700803351919319,18.0,10.34214882423241,1.7404506844674952
scan_220,2026-04-08 13:15:19,10,10,-78.3,-55,48.89141019170767,8.700527803243327,9.0,18.95149728772752,0.4748965141571246
scan_221,2026-04-08 13:15:20,2,2,-92.0,-90,,,,,
scan_222,2026-04-08 13:15:22,5,5,-77.8,-71,,,,,
scan_223,2026-04-08 13:15:25,6,4,-74.83333333333333,-71,48.89138752253616,8.700722530814222,4.0,2.6026009903186456,1.5369240290307682
scan_224,2026-04-08 13:15:34,8,8,-76.25,-68,48.89143288995179,8.70076289294546,6.0,3.6227637769851815,1.6561941018945279
scan_225,2026-04-08 13:15:42,1,1,-41.0,-41,,,,,
scan_226,2026-04-08 13:15:43,17,15,-78.76470588235294,-65,48.891388377378064,8.700768497558277,11.0,10.93422331467424,1.00601567056322
scan_227,2026-04-08 13:15:49,24,22,-80.5,-57,48.891262943571235,8.700722731824566,16.0,30.40001073423642,0.5263156036317065
scan_228,2026-04-08 13:16:00,1,1,-90.0,-90,,,,,
scan_229,2026-04-08 13:16:04,1,1,-81.0,-81,,,,,
scan_230,2026-04-08 13:16:29,1,1,-94.0,-94,,,,,
scan_231,2026-04-08 13:16:39,7,5,-72.14285714285714,-54,48.89148101163727,8.700687304925465,6.0,9.73967356992667,0.6160370732060556
scan_232,2026-04-08 13:16:41,12,7,-64.41666666666667,-48,48.891498521641545,8.700818237910955,4.0,1.1641598911019109,3.435954142187363
scan_233,2026-04-08 13:21:07,2,2,-49.5,-42,,,,,
scan_234,2026-04-08 13:21:11,14,14,-83.57142857142857,-42,48.89130100719637,8.701192474640758,10.0,5.346846726484953,1.8702612046958853
scan_235,2026-04-08 13:21:19,11,11,-79.0909090909091,-51,48.891335364146066,8.700974909649677,4.0,7.76023130872205,0.5154485531255019
scan_236,2026-04-08 13:21:26,19,16,-84.57894736842105,-37,48.89132408844275,8.70119547273176,12.0,3.9419330827376617,3.0441917069951967
scan_237,2026-04-08 13:21:35,7,7,-75.42857142857143,-57,48.891393312338096,8.700905033765945,7.0,17.21766853799854,0.406559110169379
scan_238,2026-04-08 13:21:46,20,20,-82.4,-67,48.89135873200768,8.70115010560184,10.0,7.966656814117724,1.2552316778951724
scan_239,2026-04-08 13:21:51,1,1,-93.0,-93,,,,,
scan_240,2026-04-08 13:21:55,15,13,-80.8,-62,48.89140861692815,8.701198547993245,13.0,5.667048948444286,2.2939628929036777
scan_241,2026-04-08 13:22:00,14,14,-77.71428571428571,-64,48.891372338197755,8.701178447605594,7.0,6.500504474691679,1.0768395018037447
scan_242,2026-04-08 13:22:07,6,6,-78.66666666666667,-75,48.891414832517164,8.70114248470891,3.0,0.8121680903193376,3.0
scan_243,2026-04-08 13:22:14,7,7,-79.0,-67,48.891386170839766,8.700920405249919,3.0,19.298360342068893,0.1554536212830599
scan_244,2026-04-08 13:22:22,4,4,-79.75,-73,48.89129255081748,8.70096675537668,3.0,31.83564729054809,0.09423398785080432
scan_245,2026-04-08 13:22:26,3,3,-85.66666666666667,-82,,,,,
scan_246,2026-04-08 13:22:28,3,3,-77.33333333333333,-64,,,,,
scan_247,2026-04-08 13:22:36,4,4,-81.5,-69,48.89120752884815,8.70053850023175,3.0,8.490426927986874,0.353339122454625
scan_248,2026-04-08 13:22:43,5,5,-80.0,-67,,,,,
scan_249,2026-04-08 13:22:51,4,4,-62.0,-58,48.89139088097284,8.701061258347208,3.0,5.121484294332112,0.585767685223611
scan_250,2026-04-08 13:22:53,3,3,-83.66666666666667,-78,,,,,
scan_251,2026-04-08 13:22:58,2,2,-72.5,-60,,,,,
scan_252,2026-04-08 13:23:15,8,8,-79.5,-62,48.891403627936505,8.70115588985236,6.0,9.609780351049155,0.6243639064388132
scan_253,2026-04-08 13:23:20,9,7,-81.77777777777777,-68,48.89133123002326,8.701488495427668,7.0,5.164569276321822,1.3553889250925806
scan_254,2026-04-08 13:23:26,6,6,-81.16666666666667,-70,48.89144612878225,8.701313408543237,5.0,4.224271582528249,1.1836360192086595
scan_255,2026-04-08 13:23:29,2,2,-90.5,-88,,,,,
scan_256,2026-04-08 13:23:33,30,18,-75.26666666666667,-47,48.891391860446994,8.701344805985997,19.0,6.685647815930444,2.8419085963109114
scan_257,2026-04-08 13:23:40,8,8,-73.125,-50,48.89135982321255,8.70136751444402,5.0,4.4373294807811625,1.1268038629215749
scan_258,2026-04-08 13:23:43,4,4,-85.0,-67,,,,,
scan_259,2026-04-08 13:23:48,5,5,-78.0,-74,48.89142922534728,8.701488678020748,3.0,0.7932744932682176,3.0
scan_260,2026-04-08 13:23:55,11,10,-80.0,-67,48.89136149769584,8.701337322493067,5.0,10.786804428935755,0.4635293086975258
scan_261,2026-04-08 13:24:00,9,8,-83.88888888888889,-75,48.89145334352538,8.701413601330502,5.0,5.453597622852844,0.9168259827325578
scan_262,2026-04-08 13:24:10,21,20,-81.14285714285714,-65,48.89140418957357,8.701473613297294,15.0,10.6106388490906,1.4136754830069065
scan_263,2026-04-08 13:24:18,9,9,-74.44444444444444,-57,48.89151728359209,8.70129800164707,7.0,29.308624406080366,0.2388375483957473
scan_264,2026-04-08 13:24:22,5,5,-75.6,-64,,,,,
scan_265,2026-04-08 13:24:27,6,6,-80.16666666666667,-63,48.89146304744962,8.701656895226185,4.0,2.743569802798906,1.4579545218493521
scan_266,2026-04-08 13:24:35,13,10,-81.07692307692308,-65,48.891458254662815,8.701279528493082,9.0,27.468021891178225,0.3276537362484951
scan_267,2026-04-08 13:24:44,13,13,-80.0,-62,48.89155837579167,8.701480793158806,5.0,13.059722087965197,0.38285653908421247
scan_268,2026-04-08 13:24:48,1,1,-78.0,-78,,,,,
scan_269,2026-04-08 13:24:49,20,14,-83.5,-66,48.89143612474486,8.701457052690275,7.0,15.444016354374043,0.4532499732828543
scan_270,2026-04-08 13:24:55,18,14,-86.77777777777777,-75,48.891343515722525,8.701713675674842,9.0,14.892326183174186,0.6043380926056052
scan_271,2026-04-08 13:24:59,6,6,-84.5,-72,,,,,
scan_272,2026-04-08 13:25:02,5,5,-83.4,-71,,,,,
scan_273,2026-04-08 13:25:07,8,8,-84.25,-75,48.89118677645879,8.701407585265848,5.0,31.926962174375117,0.15660744585380715
scan_274,2026-04-08 13:25:10,5,5,-91.4,-83,,,,,
scan_275,2026-04-08 13:25:17,1,1,-71.0,-71,,,,,
scan_276,2026-04-08 13:25:27,4,4,-78.25,-65,,,,,
scan_277,2026-04-08 13:25:31,2,1,-88.5,-83,,,,,
scan_278,2026-04-08 13:25:32,1,1,-72.0,-72,,,,,
scan_279,2026-04-08 13:25:39,15,11,-85.46666666666667,-60,48.8910972910954,8.701508814740091,5.0,18.02432568563359,0.27740288803066204
scan_280,2026-04-08 13:25:44,22,11,-86.27272727272727,-66,48.89127992372926,8.701863683432352,7.0,12.446226809789165,0.5624194470322832
scan_281,2026-04-08 13:25:52,26,15,-83.38461538461539,-69,48.891178620880325,8.701770579071047,10.0,7.912981852666032,1.263746105601242
scan_282,2026-04-08 13:25:59,25,10,-83.28,-67,48.89107646784688,8.701657485623805,8.0,16.35498472628309,0.48914750664020445
scan_283,2026-04-08 13:26:07,14,13,-80.57142857142857,-70,48.89106887467728,8.701818377673941,5.0,11.185911244737868,0.4469908522072464
scan_284,2026-04-08 13:26:09,5,5,-83.2,-73,48.89100613583251,8.701769685720047,3.0,0.43609371848802253,3.0
scan_285,2026-04-08 13:26:14,9,8,-83.22222222222223,-60,48.89117310206546,8.702030625514153,5.0,1.1134759129743168,4.4904428930519025
scan_286,2026-04-08 13:26:22,9,5,-83.11111111111111,-73,48.89092911220629,8.701754643872464,4.0,2.993823637074225,1.3360840466571644
scan_287,2026-04-08 13:26:27,4,3,-78.75,-71,,,,,
scan_288,2026-04-08 13:26:30,9,8,-86.0,-64,48.89110811866693,8.70204571492442,3.0,13.471495664954594,0.22269242217880428
scan_289,2026-04-08 13:26:35,16,10,-84.5625,-72,48.891029869736805,8.702057284183105,8.0,4.301073004757754,1.8600009790930248
scan_290,2026-04-08 13:26:42,16,10,-83.875,-73,48.890930598835354,8.701657641208966,6.0,11.468760492085194,0.5231602843341887
scan_291,2026-04-08 13:26:49,8,8,-84.625,-73,48.890881587720735,8.701558216471868,4.0,28.33872901288572,0.1411495906602299
scan_292,2026-04-08 13:26:52,16,16,-86.3125,-71,48.89070212649259,8.701322338551714,9.0,38.45804267550426,0.23402127029549855
scan_293,2026-04-08 13:26:57,8,8,-87.375,-65,48.89072085606649,8.701184295361262,3.0,40.15471702152758,0.07471102332489736
scan_294,2026-04-08 13:27:04,11,8,-78.54545454545455,-62,48.89089023415313,8.701814559869424,4.0,14.032889691543152,0.2850446406922574
scan_295,2026-04-08 13:27:07,6,6,-80.5,-72,,,,,
scan_296,2026-04-08 13:27:11,6,5,-73.5,-48,48.89071878981016,8.70151021970709,4.0,34.85339804903765,0.1147664280645498
scan_297,2026-04-08 13:27:14,4,4,-75.75,-54,,,,,
scan_298,2026-04-08 13:27:19,5,5,-81.0,-68,,,,,
scan_299,2026-04-08 13:27:26,17,12,-82.17647058823529,-61,48.89052007705841,8.701695132372505,3.0,3.3338617229253553,0.8998573574214103
scan_300,2026-04-08 13:27:28,1,1,-92.0,-92,,,,,
scan_301,2026-04-08 13:27:34,7,7,-84.0,-65,,,,,
scan_302,2026-04-08 13:27:37,12,10,-86.58333333333333,-79,48.89047220399164,8.701777126925046,3.0,1.9262486010024635,1.55743137123564
scan_303,2026-04-08 13:27:42,2,2,-86.5,-82,,,,,
scan_304,2026-04-08 13:27:49,12,10,-83.66666666666667,-74,48.890486038507646,8.701121895277687,5.0,16.70118657554697,0.2993799259341696
scan_305,2026-04-08 13:27:57,24,14,-82.54166666666667,-70,48.89036050223436,8.70149004041892,10.0,23.603996548373956,0.4236570692385093
scan_306,2026-04-08 13:28:00,5,5,-84.0,-72,48.89018898556861,8.701254302580777,5.0,34.301812715119006,0.14576489124716666
scan_307,2026-04-08 13:28:03,6,6,-86.83333333333333,-69,48.890292215255315,8.701433149704695,3.0,27.51300985153035,0.10903932416660447
scan_308,2026-04-08 13:28:04,2,2,-85.5,-85,,,,,
scan_309,2026-04-08 13:28:11,6,6,-87.16666666666667,-69,48.89049838521484,8.701256384445873,5.0,30.10115828731829,0.1661065648130396
scan_310,2026-04-08 13:28:21,7,7,-81.14285714285714,-67,48.890293501513206,8.70126157403903,5.0,33.31983686950169,0.15006075868806545
scan_311,2026-04-08 13:28:26,10,8,-77.2,-61,48.8902056849712,8.70122681179503,7.0,42.694237177843114,0.16395655392181985
scan_312,2026-04-08 13:28:36,7,7,-87.0,-78,48.890342196297254,8.700965205346543,6.0,18.72546589573146,0.320419263980381
scan_313,2026-04-08 13:28:45,14,11,-88.42857142857143,-70,48.89040653624317,8.701099859047478,9.0,16.973258886300037,0.5302458449664224
scan_314,2026-04-08 13:28:51,23,19,-84.0,-60,48.89040750748579,8.700935736306633,10.0,27.795372502530665,0.3597721167107776
scan_315,2026-04-08 13:29:01,3,3,-68.0,-54,,,,,
scan_316,2026-04-08 13:29:09,2,2,-83.5,-75,,,,,
scan_317,2026-04-08 13:29:20,17,15,-84.76470588235294,-67,48.8904449371074,8.700854119847756,8.0,32.26713444882134,0.2479302899576887
scan_318,2026-04-08 13:29:30,10,10,-76.3,-60,48.89051207525885,8.701191761196618,3.0,20.954851685858774,0.14316493597635566
scan_319,2026-04-08 13:29:36,6,6,-78.5,-67,,,,,
scan_320,2026-04-08 13:29:45,6,6,-89.33333333333333,-84,48.890363152624204,8.700491076175915,3.0,33.05601356559139,0.09075504504036006
scan_321,2026-04-08 13:29:54,3,3,-86.33333333333333,-75,,,,,
scan_322,2026-04-08 13:30:03,5,5,-82.2,-69,48.890302492582535,8.701036538234982,5.0,6.681641193687424,0.7483191412199478
scan_323,2026-04-08 13:30:09,5,5,-85.2,-78,48.89032279333704,8.700649938124313,5.0,33.70189264440574,0.1483596204152636
scan_324,2026-04-08 13:30:12,9,9,-81.0,-74,48.890431242759746,8.700775421133105,6.0,23.948615925133602,0.25053639921224496
scan_325,2026-04-08 13:30:20,19,16,-79.73684210526316,-54,48.89018331732612,8.700634654755644,12.0,26.17270791604101,0.4584928712189277
scan_326,2026-04-08 13:30:30,13,13,-79.92307692307692,-49,48.890337828836756,8.700600026613762,7.0,39.34644131348479,0.1779068135852216
scan_327,2026-04-08 13:30:41,11,11,-84.18181818181819,-57,48.8902970412699,8.700240749328232,10.0,19.095355370591005,0.5236875567867737
scan_328,2026-04-08 13:30:48,26,25,-84.5,-51,48.89041578850088,8.70017523545587,21.0,15.538276825981757,1.3515012144001466
scan_329,2026-04-08 13:30:55,27,26,-80.5925925925926,-68,48.8903533573928,8.700642000249212,20.0,25.048240003748734,0.798459292828829
scan_330,2026-04-08 13:31:00,20,17,-78.9,-53,48.89023412900729,8.700429864980787,15.0,26.998418008209942,0.5555881087343212
scan_331,2026-04-08 13:31:02,22,21,-77.22727272727273,-48,48.89033084249887,8.70043640206094,16.0,13.073539664822487,1.223846059308013
scan_332,2026-04-08 13:31:07,13,10,-70.3076923076923,-57,48.89028323992323,8.700309123784603,8.0,15.721930641035835,0.5088433591685736
scan_333,2026-04-08 13:31:22,28,27,-76.5,-52,48.89033925276907,8.700367910261683,24.0,21.839192866678733,1.098941712109614
scan_334,2026-04-08 13:31:29,16,15,-80.1875,-48,48.89021604668818,8.699410008138338,16.0,53.255798500082776,0.30043676840138134
scan_335,2026-04-08 13:31:30,1,1,-86.0,-86,,,,,
scan_336,2026-04-08 13:31:36,22,21,-74.45454545454545,-45,48.89027336234054,8.700034463688626,18.0,28.97099958437292,0.6213109750520751
scan_337,2026-04-08 13:31:44,25,25,-81.72,-57,48.89032368991424,8.699686428298838,19.0,44.1579984948209,0.43027312486159053
scan_338,2026-04-08 13:31:46,20,19,-78.95,-65,48.890353258616,8.700009669273866,15.0,33.186907192426474,0.4519854746640303
scan_339,2026-04-08 13:31:48,1,1,-81.0,-81,,,,,
scan_340,2026-04-08 13:31:50,1,1,-89.0,-89,,,,,
scan_341,2026-04-08 13:31:51,10,8,-76.9,-64,48.89072849483904,8.700283626795647,5.0,30.851265219424544,0.16206790757002423
scan_342,2026-04-08 13:31:54,3,3,-88.66666666666667,-88,48.890195664067136,8.70058546743351,3.0,0.6805762668745655,3.0
scan_343,2026-04-08 13:31:58,9,9,-77.11111111111111,-63,48.89031605295301,8.700038439131202,7.0,18.85842809104362,0.371186822475649
scan_344,2026-04-08 13:32:04,1,1,-83.0,-83,,,,,
scan_345,2026-04-08 13:32:05,18,15,-76.66666666666667,-59,48.89015609647198,8.699674508474747,11.0,38.06666529435327,0.28896673546111
scan_346,2026-04-08 13:32:10,3,3,-82.33333333333333,-78,,,,,
scan_347,2026-04-08 13:32:12,16,16,-80.5625,-67,48.89024074648081,8.699835969652915,10.0,14.01120926895144,0.7137142703420897
scan_348,2026-04-08 13:32:14,1,1,-81.0,-81,,,,,
scan_349,2026-04-08 13:32:16,1,1,-84.0,-84,,,,,
scan_350,2026-04-08 13:32:19,17,16,-78.29411764705883,-58,48.89026094893895,8.700025368419722,9.0,24.77011043170536,0.36334113345252345
scan_351,2026-04-08 13:32:27,11,11,-74.63636363636364,-55,48.89024089035356,8.699656607804288,7.0,7.569415806584744,0.9247741409463328
scan_352,2026-04-08 13:32:28,2,2,-77.5,-77,,,,,
scan_353,2026-04-08 13:32:29,4,4,-68.25,-62,48.89020812930913,8.699720385600587,3.0,3.7578379617793747,0.7983313890893446
scan_354,2026-04-08 13:32:30,1,1,-86.0,-86,,,,,
scan_355,2026-04-08 13:32:34,4,4,-71.0,-48,,,,,
scan_356,2026-04-08 13:32:42,10,9,-75.1,-65,48.89019025565529,8.699423558409299,7.0,10.715779946076628,0.6532422311045042
scan_357,2026-04-08 13:32:46,4,4,-80.0,-77,48.890187898320306,8.699735102742716,4.0,26.633558473882132,0.15018646509149539
scan_358,2026-04-08 13:32:50,6,6,-77.5,-67,,,,,
scan_359,2026-04-08 13:32:51,4,4,-80.0,-58,48.89038294296829,8.699842079119284,4.0,25.736965335688872,0.15541847874556095
scan_360,2026-04-08 13:32:59,8,8,-73.25,-57,48.89015587811476,8.699398577287916,5.0,21.493526216222627,0.23262818532894616
scan_361,2026-04-08 13:33:01,1,1,-69.0,-69,,,,,
scan_362,2026-04-08 13:33:03,2,2,-91.0,-88,,,,,
scan_363,2026-04-08 13:33:08,4,4,-86.25,-79,48.88991064944408,8.698712274212747,4.0,5.880386099395821,0.6802274429583763
scan_364,2026-04-08 13:33:14,6,6,-74.83333333333333,-53,48.89030058775468,8.69954057295866,6.0,33.10529670648487,0.18123987992606277
scan_365,2026-04-08 13:33:22,5,5,-87.8,-73,,,,,
scan_366,2026-04-08 13:33:29,10,10,-81.0,-68,48.88997477538215,8.698791702962199,6.0,13.233601890236184,0.453391302667706
scan_367,2026-04-08 13:33:33,1,1,-70.0,-70,,,,,
scan_368,2026-04-08 13:33:38,9,9,-80.55555555555556,-63,48.890013625151745,8.698857536195888,5.0,20.93458607835863,0.23883920996980243
scan_369,2026-04-08 13:33:41,2,2,-89.5,-86,,,,,
scan_370,2026-04-08 13:33:45,5,5,-80.8,-65,48.890140337907575,8.699125780855889,5.0,18.47625729363591,0.2706175780374218
scan_371,2026-04-08 13:33:53,2,2,-66.5,-61,,,,,
scan_372,2026-04-08 13:33:56,1,1,-90.0,-90,,,,,
scan_373,2026-04-08 13:34:08,2,2,-75.0,-74,,,,,
scan_374,2026-04-08 13:34:15,3,3,-84.0,-68,,,,,
scan_375,2026-04-08 13:34:18,4,4,-80.25,-68,,,,,
scan_376,2026-04-08 13:34:22,3,3,-86.33333333333333,-74,,,,,
scan_377,2026-04-08 13:34:29,2,2,-79.5,-70,,,,,
scan_378,2026-04-08 13:34:37,5,4,-74.0,-61,48.89074613667891,8.698905386098769,3.0,2.0844453761792465,1.4392317660532556
scan_379,2026-04-08 13:34:44,10,10,-76.4,-39,48.89086105420797,8.699279258203154,8.0,17.809567170845906,0.44919676729123015
scan_380,2026-04-08 13:34:47,10,10,-83.1,-64,48.89084305951107,8.69925941043866,9.0,11.174269948371272,0.8054217449178246
scan_381,2026-04-08 13:34:51,7,7,-77.85714285714286,-59,48.8909061908773,8.698962269008817,5.0,1.2150541087620887,4.115043078282381
scan_382,2026-04-08 13:34:58,15,12,-75.06666666666666,-59,48.89097243930134,8.699277090720031,11.0,18.340463207145905,0.5997667493869033
scan_383,2026-04-08 13:35:02,11,9,-75.0909090909091,-49,48.89099115857002,8.699256150639476,7.0,10.404772828176911,0.6727681724144395
scan_384,2026-04-08 13:35:05,14,10,-81.07142857142857,-61,48.89088030562098,8.699435202427477,9.0,13.425012770397295,0.6703904237503125
scan_385,2026-04-08 13:35:09,10,9,-72.4,-58,48.89096894314107,8.699331006332658,6.0,16.25699285876314,0.36907194658486736
scan_386,2026-04-08 13:35:12,3,3,-67.0,-56,48.89100154653701,8.699228339197507,3.0,4.173665152520419,0.718792689487402
scan_387,2026-04-08 13:35:19,2,2,-65.0,-54,,,,,
scan_388,2026-04-08 13:35:25,3,2,-67.66666666666667,-49,,,,,
scan_389,2026-04-08 13:35:30,3,3,-74.33333333333333,-53,,,,,
scan_390,2026-04-08 13:35:32,4,4,-75.5,-45,48.89088064438675,8.69946322390744,3.0,15.111432531561144,0.19852518904043795
scan_391,2026-04-08 13:35:39,6,4,-80.33333333333333,-72,48.89093386724928,8.699775863601797,4.0,12.366399502206844,0.32345712260760945
scan_392,2026-04-08 13:35:42,4,3,-82.0,-68,48.89103254159067,8.699757086914712,4.0,9.392570919574382,0.42586849056033077
scan_393,2026-04-08 13:35:46,7,7,-80.28571428571429,-65,48.89083006985331,8.699871555985863,5.0,7.255747893512225,0.6891088380387063
scan_394,2026-04-08 13:35:54,13,10,-84.23076923076923,-70,48.89109520072388,8.699993143778379,12.0,15.498998497382328,0.7742435746430143
scan_395,2026-04-08 13:36:01,19,17,-80.47368421052632,-69,48.890996664025245,8.700196075023868,12.0,14.319017030285153,0.8380463529458508
scan_396,2026-04-08 13:36:03,18,17,-82.05555555555556,-65,48.89098685711223,8.70005194647858,10.0,15.643983986188797,0.6392233595245587
scan_397,2026-04-08 13:36:08,7,7,-82.14285714285714,-64,48.890791143562524,8.699861769422723,5.0,18.43233197580346,0.2712624754460593
scan_398,2026-04-08 13:36:11,1,1,-90.0,-90,,,,,
scan_399,2026-04-08 13:36:15,1,1,-73.0,-73,,,,,
scan_400,2026-04-08 13:36:17,1,1,-52.0,-52,,,,,
scan_401,2026-04-08 13:36:21,4,4,-79.0,-70,48.89083151152048,8.700120684277977,3.0,1.7184672668198167,1.7457417187537
scan_402,2026-04-08 13:36:28,6,6,-77.5,-68,48.890874597130015,8.700260551112468,4.0,2.6480752432902745,1.5105310961745702
scan_403,2026-04-08 13:36:31,2,2,-69.0,-57,,,,,
scan_404,2026-04-08 13:36:36,6,5,-77.16666666666667,-63,48.89080492015845,8.70025210222792,4.0,10.630611628763186,0.3762718590130057
scan_405,2026-04-08 13:36:41,8,8,-79.5,-65,48.89091257133782,8.700467600803893,7.0,19.889612358760832,0.35194250514976433
scan_406,2026-04-08 13:36:43,2,2,-90.5,-87,,,,,
scan_407,2026-04-08 13:36:48,7,6,-75.0,-56,48.89088244776417,8.700477287144368,5.0,20.580150162874318,0.24295255187300718
scan_408,2026-04-08 13:36:56,4,4,-62.25,-28,48.89061106776873,8.7003393490825,3.0,13.364670097219213,0.22447243202989425
scan_409,2026-04-08 13:37:03,7,7,-78.85714285714286,-69,48.89088555388106,8.700016714644397,4.0,12.143501991217743,0.32939427217064937
scan_410,2026-04-08 13:37:06,1,1,-93.0,-93,,,,,
scan_411,2026-04-08 13:37:11,1,1,-91.0,-91,,,,,
scan_412,2026-04-08 13:37:19,1,1,-75.0,-75,,,,,
scan_413,2026-04-08 13:37:39,3,3,-89.0,-87,,,,,
scan_414,2026-04-08 13:37:47,4,4,-79.75,-70,,,,,
scan_415,2026-04-08 13:37:49,2,2,-77.0,-65,,,,,
scan_416,2026-04-08 13:37:54,5,5,-81.0,-71,48.890823424936464,8.700585700044867,4.0,4.021924635428527,0.9945487204719362
scan_417,2026-04-08 13:38:02,4,4,-84.5,-67,,,,,
scan_418,2026-04-08 13:38:09,6,6,-78.16666666666667,-58,48.89094907090151,8.700581985485572,5.0,21.01890773605687,0.23788105751198257
scan_419,2026-04-08 13:38:12,5,5,-81.0,-71,48.89089501588273,8.700623604448923,3.0,35.93153785523722,0.08349211247474435
scan_420,2026-04-08 13:38:17,2,2,-82.5,-77,,,,,
scan_421,2026-04-08 13:38:25,4,4,-79.5,-68,48.89074317196011,8.700331090987799,3.0,6.216546386976301,0.4825830635294569
scan_422,2026-04-08 13:38:32,7,7,-72.28571428571429,-53,48.89085280534069,8.700344250625246,5.0,5.172530340321777,0.9666448857773072
scan_423,2026-04-08 13:38:39,5,4,-68.6,-58,48.89073495583793,8.700350049652833,4.0,1.2813740882718279,3.121648889743624
scan_424,2026-04-08 13:38:41,6,6,-77.83333333333333,-66,48.890719728383154,8.700479702682602,3.0,1.630997721610949,1.839364923843595
scan_425,2026-04-08 13:38:46,8,5,-76.75,-68,,,,,
scan_426,2026-04-08 13:38:54,7,6,-82.71428571428571,-72,,,,,
scan_427,2026-04-08 13:39:01,2,2,-85.0,-77,,,,,
scan_428,2026-04-08 13:39:04,3,3,-64.0,-29,,,,,
scan_429,2026-04-08 13:39:11,3,3,-59.0,-20,,,,,
scan_430,2026-04-08 13:39:19,1,1,-82.0,-82,,,,,
scan_431,2026-04-08 13:39:24,3,3,-68.66666666666667,-61,,,,,
scan_432,2026-04-08 13:39:33,3,3,-70.66666666666667,-60,,,,,
scan_433,2026-04-08 13:39:42,2,2,-61.5,-54,,,,,
scan_434,2026-04-08 13:39:52,3,3,-86.33333333333333,-82,,,,,
scan_435,2026-04-08 13:40:01,2,2,-72.0,-62,,,,,
scan_436,2026-04-08 13:40:10,2,2,-90.5,-86,,,,,
scan_437,2026-04-08 13:40:19,15,14,-89.13333333333334,-79,48.8908618005904,8.701056250009247,10.0,24.275514568842816,0.4119377149201533
scan_438,2026-04-08 13:40:28,4,4,-79.25,-71,48.890807901708165,8.701027589988112,4.0,3.20658985106288,1.2474311295765284
scan_439,2026-04-08 13:40:33,9,9,-81.66666666666667,-70,48.8909293958677,8.701353409163312,6.0,12.750074619608858,0.4705854811839576
scan_440,2026-04-08 13:40:42,7,7,-89.14285714285714,-81,,,,,
scan_441,2026-04-08 13:40:45,1,1,-82.0,-82,,,,,
scan_442,2026-04-08 13:40:49,1,1,-74.0,-74,,,,,
scan_443,2026-04-08 13:40:51,17,14,-78.47058823529412,-64,48.89081140271923,8.701517178379742,14.0,14.552922101805114,0.9620061113543286
scan_444,2026-04-08 13:40:53,1,1,-85.0,-85,,,,,
scan_445,2026-04-08 13:41:00,11,7,-78.9090909090909,-75,48.89081410920254,8.70155735165408,5.0,7.699327906550997,0.6494073327810514
scan_446,2026-04-08 13:41:05,6,6,-79.83333333333333,-77,48.8909552528119,8.701409976770117,3.0,2.4169432386382605,1.2412372587161964
scan_447,2026-04-08 13:41:07,1,1,-58.0,-58,,,,,
scan_448,2026-04-08 13:41:13,10,8,-71.1,-52,48.89096369465021,8.701714739886905,7.0,6.760303671342377,1.0354564440165197
scan_449,2026-04-08 13:41:22,2,2,-70.5,-50,,,,,
scan_450,2026-04-08 13:41:31,4,4,-65.25,-45,48.88995906503202,8.702518823978549,4.0,252.9277409325637,0.01581479352660842
scan_451,2026-04-08 13:41:40,3,3,-73.66666666666667,-62,,,,,
scan_452,2026-04-08 13:41:49,3,3,-78.33333333333333,-78,48.8910972702375,8.7012401052823,3.0,1.9091477178654424,1.5713818118559233
scan_453,2026-04-08 13:41:58,7,6,-84.28571428571429,-69,,,,,
scan_454,2026-04-08 13:42:07,4,4,-77.5,-69,,,,,
scan_455,2026-04-08 13:42:16,8,6,-76.75,-63,48.89108765169967,8.701382265879728,5.0,21.359252125319273,0.23409059318481457
scan_456,2026-04-08 13:42:26,2,2,-77.0,-67,,,,,
scan_457,2026-04-08 13:42:43,2,2,-60.5,-40,,,,,
scan_458,2026-04-08 13:43:01,8,6,-71.625,-32,,,,,
scan_459,2026-04-08 13:43:10,5,5,-85.8,-74,48.89078910312532,8.70074475990352,4.0,18.232592807398994,0.21938733795320403
scan_460,2026-04-08 13:43:19,1,1,-67.0,-67,,,,,
scan_461,2026-04-08 13:43:20,5,5,-81.8,-68,,,,,
scan_462,2026-04-08 13:43:29,2,2,-85.5,-80,,,,,
scan_463,2026-04-08 13:43:47,1,1,-65.0,-65,,,,,
scan_464,2026-04-08 13:43:58,3,3,-58.333333333333336,-56,48.89082596935529,8.701500581896545,3.0,0.28513230473795964,3.0
scan_465,2026-04-08 13:44:14,2,1,-51.5,-43,,,,,
scan_466,2026-04-08 13:44:24,2,2,-50.0,-50,,,,,
scan_467,2026-04-08 13:45:03,1,1,-81.0,-81,,,,,
scan_468,2026-04-08 13:45:07,1,1,-90.0,-90,,,,,
scan_469,2026-04-08 13:45:12,2,2,-75.5,-75,,,,,
scan_470,2026-04-08 13:45:37,1,1,-91.0,-91,,,,,
scan_471,2026-04-08 13:46:32,1,1,-92.0,-92,,,,,
scan_472,2026-04-08 13:46:56,1,1,-86.0,-86,,,,,
scan_473,2026-04-08 13:47:05,1,1,-76.0,-76,,,,,
scan_474,2026-04-08 13:47:23,2,1,-67.0,-65,,,,,
scan_475,2026-04-08 13:47:32,1,1,-71.0,-71,,,,,
scan_476,2026-04-08 13:47:46,1,1,-81.0,-81,,,,,
scan_477,2026-04-08 13:47:55,1,1,-92.0,-92,,,,,
scan_478,2026-04-08 13:48:05,5,4,-84.4,-71,48.89088640756667,8.701145667664425,5.0,3.9819588458493373,1.2556634042593975
scan_479,2026-04-08 13:48:14,3,3,-82.66666666666667,-80,48.890895417380534,8.700209673016314,3.0,4.092412251443563,0.7330639768615138
scan_480,2026-04-08 13:48:23,2,2,-76.5,-72,,,,,
scan_481,2026-04-08 13:48:38,3,3,-77.33333333333333,-73,48.890902886423234,8.70026647360376,3.0,4.764442113109117,0.6296644872115572
scan_482,2026-04-08 13:48:47,1,1,-64.0,-64,,,,,
scan_483,2026-04-08 13:49:23,1,1,-67.0,-67,,,,,
scan_484,2026-04-08 13:49:33,1,1,-90.0,-90,,,,,
scan_485,2026-04-08 13:49:38,1,1,-92.0,-92,,,,,
scan_486,2026-04-08 13:49:47,1,1,-68.0,-68,,,,,
scan_487,2026-04-08 13:50:15,1,1,-62.0,-62,,,,,
scan_488,2026-04-08 13:50:17,1,1,-46.0,-46,,,,,
scan_489,2026-04-08 13:50:24,1,1,-63.0,-63,,,,,
scan_490,2026-04-08 13:50:27,1,1,-67.0,-67,,,,,
scan_491,2026-04-08 13:50:29,1,1,-45.0,-45,,,,,
scan_492,2026-04-08 13:50:33,3,3,-64.66666666666667,-38,48.889399081428834,8.701999933604176,3.0,286.5703749565171,0.010468632706556657
scan_493,2026-04-08 13:50:38,1,1,-70.0,-70,,,,,
scan_494,2026-04-08 13:50:47,10,10,-80.5,-70,48.890529419227725,8.700289400086874,7.0,11.079554549384088,0.6317943531754289
scan_495,2026-04-08 13:50:56,4,3,-73.0,-63,,,,,
scan_496,2026-04-08 13:51:05,6,6,-70.83333333333333,-58,48.890490595975166,8.700292907686977,4.0,4.271688021589508,0.9363979718986097
scan_497,2026-04-08 13:51:14,7,7,-78.14285714285714,-60,48.89057512829558,8.700229013925021,3.0,11.802053369483945,0.25419305489305527
scan_498,2026-04-08 13:51:21,1,1,-69.0,-69,,,,,
scan_499,2026-04-08 13:51:25,1,1,-86.0,-86,,,,,
scan_500,2026-04-08 13:51:27,19,16,-80.57894736842105,-50,48.89053247797006,8.700347928957209,16.0,7.6718345574396025,2.08555070892194
scan_501,2026-04-08 13:52:04,3,3,-74.0,-65,,,,,
scan_502,2026-04-08 13:52:06,5,5,-83.4,-68,48.89052803476608,8.700064492732235,5.0,8.143067891527538,0.6140191960332609
scan_503,2026-04-08 13:52:12,14,13,-82.28571428571429,-68,48.89038742541188,8.70031944316475,11.0,14.280021398254922,0.7703069689618425
scan_504,2026-04-08 13:52:20,5,5,-78.0,-56,48.89053902354846,8.700307432007785,4.0,5.79198519531227,0.6906095000445428
scan_505,2026-04-08 13:52:21,5,5,-87.8,-77,48.8901163920526,8.699919723431927,3.0,5.904174478607371,0.5081150651746349
scan_506,2026-04-08 13:52:30,6,6,-84.0,-76,48.890214963603896,8.699977542587192,6.0,27.5764249397328,0.2175771519735704
scan_507,2026-04-08 13:52:38,7,7,-82.57142857142857,-59,48.890266770478064,8.700170741729575,6.0,26.072474015135267,0.2301277583599069
scan_508,2026-04-08 13:52:47,1,1,-85.0,-85,,,,,
scan_509,2026-04-08 13:52:56,9,9,-81.11111111111111,-64,48.89024854230016,8.699682477516964,5.0,18.207079092492854,0.2746184588203168
scan_510,2026-04-08 13:53:05,4,4,-65.25,-56,48.89018849817234,8.699639315800741,3.0,2.8789930544628137,1.0420309959934115
scan_511,2026-04-08 13:53:10,1,1,-86.0,-86,,,,,
scan_512,2026-04-08 13:53:12,1,1,-91.0,-91,,,,,
scan_513,2026-04-08 13:53:14,4,4,-78.5,-66,48.8901510809221,8.699628539021747,3.0,14.651682345736825,0.20475464381555508
scan_514,2026-04-08 13:53:18,9,9,-81.22222222222223,-66,48.89013031048675,8.69937437865808,5.0,18.190253708352376,0.2748724718283705
scan_515,2026-04-08 13:53:23,2,2,-85.5,-77,,,,,
scan_516,2026-04-08 13:53:24,1,1,-87.0,-87,,,,,
scan_517,2026-04-08 13:53:26,1,1,-49.0,-49,,,,,
scan_518,2026-04-08 13:53:30,1,1,-90.0,-90,,,,,
scan_519,2026-04-08 13:53:31,6,6,-77.66666666666667,-38,48.88930088581918,8.700848191515044,5.0,228.25933022527994,0.021904909626543033
scan_520,2026-04-08 13:53:39,6,6,-81.66666666666667,-67,48.890095205378934,8.699206499605744,4.0,40.61753857823237,0.09847962579750384
scan_521,2026-04-08 13:53:46,1,1,-90.0,-90,,,,,
scan_522,2026-04-08 13:53:48,6,5,-71.33333333333333,-27,48.88876369157776,8.701459978337182,3.0,269.81090034171683,0.01111889844406021
scan_523,2026-04-08 13:53:57,6,6,-76.0,-47,48.89004521384851,8.699117635461366,6.0,40.217048828420985,0.14919045963809907
scan_524,2026-04-08 13:54:14,9,9,-85.0,-68,48.89018168907248,8.699143467266175,5.0,27.35601562936552,0.18277515511552467
scan_525,2026-04-08 13:54:22,2,2,-74.0,-59,,,,,
scan_526,2026-04-08 13:54:23,10,10,-83.5,-56,48.889971152062465,8.69865983327271,6.0,6.306980942473475,0.9513268003703397
scan_527,2026-04-08 13:54:24,1,1,-89.0,-89,,,,,
scan_528,2026-04-08 13:54:32,14,14,-81.14285714285714,-58,48.89010152839834,8.698796769607167,10.0,12.134154558587838,0.8241200449290956
scan_529,2026-04-08 13:54:39,10,10,-80.7,-65,48.8900767226516,8.69873997349208,5.0,5.419474343052189,0.9225987030292047
scan_530,2026-04-08 13:54:42,2,2,-72.5,-72,,,,,
scan_531,2026-04-08 13:54:48,16,16,-86.5,-75,48.88990776266639,8.698767361926699,8.0,22.299792502905362,0.3587477326956163
scan_532,2026-04-08 13:54:52,1,1,-76.0,-76,,,,,
scan_533,2026-04-08 13:55:03,11,10,-83.36363636363636,-70,48.88996163001398,8.698486328285316,7.0,9.123723221117519,0.7672306393291274
scan_534,2026-04-08 13:55:09,9,8,-80.55555555555556,-58,,,,,
scan_535,2026-04-08 13:55:11,1,1,-81.0,-81,,,,,
scan_536,2026-04-08 13:55:18,16,14,-84.4375,-76,48.889857770859194,8.698469938471623,5.0,2.3577989100733805,2.120621898092398
scan_537,2026-04-08 13:55:27,13,11,-79.0,-64,48.88983005312117,8.698092956291786,7.0,12.232644893022806,0.5722392876778941
scan_538,2026-04-08 13:55:37,14,12,-81.0,-75,48.8896890267428,8.698038962232072,14.0,18.299870721279298,0.7650327269099579
scan_539,2026-04-08 13:55:46,7,7,-89.57142857142857,-84,48.88979524749145,8.698107291771615,5.0,12.446263216941828,0.4017270013375589
scan_540,2026-04-08 13:55:55,13,13,-86.07692307692308,-64,48.88978312410153,8.698145217465783,6.0,8.06991244066649,0.7435024907785075
scan_541,2026-04-08 13:56:04,9,9,-85.0,-67,48.88958591768462,8.698037875382179,5.0,13.483550656580517,0.37082220606037464
scan_542,2026-04-08 13:56:13,6,6,-87.33333333333333,-75,48.88959404796747,8.698115363579252,5.0,9.166857128446074,0.5454432124271122
scan_543,2026-04-08 13:56:22,6,6,-85.33333333333333,-67,48.889440327892295,8.698107889735086,5.0,6.6693123044855005,0.7497024838133924
scan_544,2026-04-08 13:56:30,1,1,-90.0,-90,,,,,
scan_545,2026-04-08 13:56:31,15,14,-83.4,-64,48.88960194283101,8.6981251374932,3.0,12.698516418554995,0.23624807033492656
scan_546,2026-04-08 13:56:40,9,9,-80.55555555555556,-50,48.888924527542855,8.69933876535997,6.0,229.73301002507694,0.026117274132024207
scan_547,2026-04-08 13:56:48,1,1,-88.0,-88,,,,,
scan_548,2026-04-08 13:56:49,4,4,-76.0,-38,48.8886014736574,8.699913640967717,4.0,268.1026998761148,0.014919655795515392
scan_549,2026-04-08 13:56:59,7,6,-78.85714285714286,-70,48.88945436735694,8.69792285728448,3.0,4.700065301437738,0.6382890040022013
scan_550,2026-04-08 13:57:08,3,3,-77.0,-71,,,,,
scan_551,2026-04-08 13:57:18,10,10,-82.0,-69,48.88958740828185,8.69747983197782,3.0,21.537195303622408,0.13929390330111463
scan_552,2026-04-08 13:57:27,8,8,-83.125,-73,48.889666827209815,8.697043749931455,5.0,9.656535355200614,0.5177840515343016
scan_553,2026-04-08 13:57:32,1,1,-84.0,-84,,,,,
scan_554,2026-04-08 13:57:34,2,2,-81.5,-80,,,,,
scan_555,2026-04-08 13:57:36,7,7,-87.85714285714286,-75,48.889866428352214,8.696885118760072,4.0,4.013634326985181,0.9966029972153885
scan_556,2026-04-08 13:57:45,6,5,-78.16666666666667,-66,,,,,
scan_557,2026-04-08 13:58:04,4,4,-81.25,-77,,,,,
scan_558,2026-04-08 13:58:13,3,3,-91.0,-86,,,,,
scan_559,2026-04-08 13:58:23,3,2,-67.33333333333333,-33,,,,,
scan_560,2026-04-08 13:58:32,2,2,-83.0,-80,,,,,
scan_561,2026-04-08 13:58:40,2,2,-81.0,-69,,,,,
scan_562,2026-04-08 13:58:50,2,2,-89.5,-87,,,,,
scan_563,2026-04-08 13:58:59,9,6,-87.0,-70,48.88977747508672,8.697555222005235,3.0,3.3535807225323224,0.8945662109289172
scan_564,2026-04-08 13:59:39,2,2,-80.0,-77,,,,,
scan_565,2026-04-08 13:59:59,1,1,-79.0,-79,,,,,
scan_566,2026-04-08 14:00:08,1,1,-80.0,-80,,,,,
scan_567,2026-04-08 14:00:33,1,1,-66.0,-66,,,,,
scan_568,2026-04-08 14:00:49,3,3,-85.66666666666667,-80,,,,,
scan_569,2026-04-08 14:00:55,2,2,-87.5,-87,,,,,
scan_570,2026-04-08 14:00:56,1,1,-41.0,-41,,,,,
scan_571,2026-04-08 14:01:03,1,1,-89.0,-89,,,,,
scan_572,2026-04-08 14:01:05,2,2,-87.0,-82,,,,,
scan_573,2026-04-08 14:01:10,21,21,-81.42857142857143,-35,48.887012740936406,8.699400742987436,5.0,216.20779626390217,0.02312590057528279
scan_574,2026-04-08 14:01:20,36,30,-83.55555555555556,-69,,,,,
scan_575,2026-04-08 14:01:33,11,10,-81.9090909090909,-67,,,,,
scan_576,2026-04-08 14:01:42,8,7,-87.25,-80,,,,,
scan_577,2026-04-08 14:01:51,3,3,-87.66666666666667,-79,,,,,
scan_578,2026-04-08 14:02:00,4,4,-84.75,-74,,,,,
scan_579,2026-04-08 14:02:15,5,5,-78.2,-37,48.88701165334333,8.699433512437444,5.0,214.92763226493284,0.023263644359310193
scan_580,2026-04-08 14:02:37,13,12,-84.15384615384616,-37,48.88688810167184,8.699325991981192,6.0,198.4293879961677,0.030237456561201907
scan_581,2026-04-08 14:02:43,8,7,-84.625,-81,,,,,
scan_582,2026-04-08 14:02:54,1,1,-45.0,-45,,,,,
scan_583,2026-04-08 14:02:57,8,7,-84.625,-81,,,,,
scan_584,2026-04-08 14:03:05,1,1,-45.0,-45,,,,,
scan_585,2026-04-08 14:03:10,11,11,-81.9090909090909,-74,,,,,
scan_586,2026-04-08 14:03:13,1,1,-43.0,-43,,,,,
scan_587,2026-04-08 14:03:21,10,9,-87.0,-73,,,,,
scan_588,2026-04-08 14:03:22,1,1,-40.0,-40,,,,,
scan_589,2026-04-08 14:03:41,15,13,-88.26666666666667,-76,,,,,
scan_590,2026-04-08 14:03:44,1,1,-90.0,-90,,,,,
scan_591,2026-04-08 14:03:45,1,1,-46.0,-46,,,,,
scan_592,2026-04-08 14:03:52,16,15,-82.875,-69,48.88709008025089,8.70402479065689,3.0,25.243375275319902,0.11884306148762358
scan_593,2026-04-08 14:04:01,8,8,-83.125,-64,,,,,
scan_594,2026-04-08 14:04:09,1,1,-50.0,-50,,,,,
scan_595,2026-04-08 14:04:16,13,13,-86.23076923076923,-76,,,,,
scan_596,2026-04-08 14:04:17,2,2,-86.0,-83,,,,,
scan_597,2026-04-08 14:04:24,1,1,-54.0,-54,,,,,
scan_598,2026-04-08 14:04:27,13,13,-86.23076923076923,-76,,,,,
scan_599,2026-04-08 14:04:28,2,2,-86.0,-83,,,,,
scan_600,2026-04-08 14:04:35,1,1,-54.0,-54,,,,,
scan_601,2026-04-08 14:04:43,20,18,-81.15,-49,48.88653873087076,8.707792467122452,20.0,42.185507986143946,0.47409646001108025
scan_602,2026-04-08 14:04:52,20,18,-81.15,-49,48.88653873087076,8.707792467122452,20.0,42.185507986143946,0.47409646001108025
scan_603,2026-04-08 14:05:01,20,18,-81.15,-49,48.88653873087076,8.707792467122452,20.0,42.185507986143946,0.47409646001108025
scan_604,2026-04-08 14:05:11,5,5,-85.0,-85,,,,,
scan_605,2026-04-08 14:05:12,1,1,-48.0,-48,,,,,
scan_606,2026-04-08 14:05:22,16,6,-80.625,-53,,,,,
scan_607,2026-04-08 14:05:40,16,6,-80.625,-53,,,,,
scan_608,2026-04-08 14:05:55,1,1,-50.0,-50,,,,,
scan_609,2026-04-08 14:06:05,1,1,-50.0,-50,,,,,
scan_610,2026-04-08 14:06:13,1,1,-50.0,-50,,,,,
scan_611,2026-04-08 14:06:23,1,1,-50.0,-50,,,,,
scan_612,2026-04-08 14:06:33,1,1,-50.0,-50,,,,,
scan_613,2026-04-08 14:06:43,4,4,-74.5,-43,48.88189732664859,8.712088909263741,3.0,499.9146241538443,0.006001024685120587
scan_614,2026-04-08 14:07:05,4,4,-74.5,-43,48.88189732664859,8.712088909263741,3.0,499.9146241538443,0.006001024685120587
scan_615,2026-04-08 14:07:11,5,5,-89.2,-89,,,,,
scan_616,2026-04-08 14:07:14,1,1,-40.0,-40,,,,,
scan_617,2026-04-08 14:07:21,2,2,-89.0,-87,,,,,
scan_618,2026-04-08 14:07:30,2,2,-89.0,-87,,,,,
scan_619,2026-04-08 14:07:34,1,1,-38.0,-38,,,,,
scan_620,2026-04-08 14:07:58,1,1,-84.0,-84,,,,,
scan_621,2026-04-08 14:08:17,1,1,-24.0,-24,,,,,
scan_622,2026-04-08 14:08:45,4,4,-88.25,-84,,,,,
scan_623,2026-04-08 14:12:26,1,1,-87.0,-87,,,,,
scan_624,2026-04-08 14:12:32,12,6,-88.25,-83,,,,,
scan_625,2026-04-08 14:12:42,1,1,-87.0,-87,,,,,
scan_626,2026-04-08 14:12:51,1,1,-87.0,-87,,,,,
scan_627,2026-04-08 14:12:53,2,2,-83.0,-79,,,,,
scan_628,2026-04-08 14:13:01,1,1,-53.0,-53,,,,,
