network_id,ssid,bssid,latitude,longitude,scan_count,total_observations,mean_rssi,min_radius_m,max_radius_m,rmse_m,quality_flag
Vodafone-038F | a4:43:8c:f7:23:e2,Vodafone-038F,a4:43:8c:f7:23:e2,48.889946519477725,8.698771226026068,6,6,-80.66666666666667,8.576958985908941,27.12272579332028,3.1897067692223366,good
MagentaWLAN-8AF7 | 84:a3:29:84:bd:bf,MagentaWLAN-8AF7,84:a3:29:84:bd:bf,48.89143599983509,8.699797289921065,6,6,-79.16666666666667,4.298662347082277,39.810717055349734,3.4388782436246315,good
Vodafone-4F44 | 00:cb:7a:44:4f:50,Vodafone-4F44,00:cb:7a:44:4f:50,48.89150046986263,8.700759048962087,6,6,-69.66666666666667,3.0,29.286445646252357,8.405368474022808,good
mobileservice_E | ea:55:b8:04:eb:b2,mobileservice_E,ea:55:b8:04:eb:b2,48.8913731148522,8.701264134576695,6,6,-75.5,3.0,46.4158883361278,8.616251199190419,good
Mezopotamya Pforzheim | 08:b6:57:17:89:c4,Mezopotamya Pforzheim,08:b6:57:17:89:c4,48.890762369932254,8.700402616020463,6,6,-77.66666666666667,3.0,42.986623470822764,9.185410879747122,good
THA-MDE-DE | 08:45:d1:d8:c8:4b,THA-MDE-DE,08:45:d1:d8:c8:4b,48.89149101729883,8.699590842369028,5,5,-76.2,3.0,31.622776601683793,1.4028129641385543,good
Thalia_Free_WiFi | 08:45:d1:d8:c8:49,Thalia_Free_WiFi,08:45:d1:d8:c8:49,48.89149523964057,8.699607165150853,5,5,-75.6,3.0,31.622776601683793,1.5617272076179527,good
o2de-M104 | 54:ec:2f:d0:e5:8c,o2de-M104,54:ec:2f:d0:e5:8c,48.891548944547125,8.699879592649374,5,5,-80.8,5.411695265464636,42.986623470822764,1.7827052480839747,good
Mezopotamya Pforzheim1 | 0c:80:63:bd:6c:23,Mezopotamya Pforzheim1,0c:80:63:bd:6c:23,48.89067905182177,8.700146274547446,5,5,-79.2,3.9810717055349722,34.14548873833603,1.8363164910279186,good
Telekom_SIM | 08:45:d1:d8:c8:4f,Telekom_SIM,08:45:d1:d8:c8:4f,48.89148756243419,8.69960372442202,5,5,-77.0,3.0,34.14548873833603,2.4201019012918468,good
Vodafone-B32C | ec:a8:1f:b6:b3:38,Vodafone-B32C,ec:a8:1f:b6:b3:38,48.89016139053466,8.699962380466912,5,5,-73.6,3.0,29.286445646252357,2.650522379211142,good
TP-Link_D9CB_5G | 9c:a2:f4:b3:d9:ca,TP-Link_D9CB_5G,9c:a2:f4:b3:d9:ca,48.8909254810535,8.70031455947646,5,5,-78.8,4.641588833612778,42.986623470822764,2.9196453896634647,good
o2de-M102 | 54:ec:2f:50:e5:8c,o2de-M102,54:ec:2f:50:e5:8c,48.89140550791318,8.699867296986538,5,5,-80.4,6.309573444801933,36.869450645195755,3.1796703465593197,good
o2de-M100 | 54:ec:2f:10:e5:8d,o2de-M100,54:ec:2f:10:e5:8d,48.891401837698545,8.699842137284376,5,5,-80.2,6.309573444801933,34.14548873833603,3.871969983323453,good
o2de-M103 | 54:ec:2f:90:e5:8c,o2de-M103,54:ec:2f:90:e5:8c,48.89155672579124,8.699831255248684,5,5,-80.6,5.843414133735177,39.810717055349734,4.062088515752055,good
WLAN_E&F_Gast | a2:05:d6:b3:a0:42,WLAN_E&F_Gast,a2:05:d6:b3:a0:42,48.8913592854013,8.700880080108748,5,5,-68.4,3.0,19.952623149688797,4.51252115654748,good
Anaboard | c8:4f:86:87:77:95,Anaboard,c8:4f:86:87:77:95,48.890826223492105,8.701630114139286,5,5,-89.2,15.848931924611133,42.986623470822764,5.0494213325765145,good
Gast-WLAN-JBBN | 84:a3:29:67:6e:a1,Gast-WLAN-JBBN,84:a3:29:67:6e:a1,48.89017571096131,8.701903475607228,5,5,-74.0,3.4145488738336014,36.869450645195755,5.483115119360386,good
vs-258f6a | 58:b5:68:25:8f:6a,vs-258f6a,58:b5:68:25:8f:6a,48.89024143013895,8.700528691955643,5,5,-73.8,3.686945064519575,21.544346900318832,6.419647427177677,good
WiFi4EU | 48:4a:e9:d8:e9:70,WiFi4EU,48:4a:e9:d8:e9:70,48.89146093335483,8.701727565072515,5,5,-81.6,7.3564225445964135,36.869450645195755,6.913686099551807,good
WLAN_E&F | 9c:05:d6:b3:a0:42,WLAN_E&F,9c:05:d6:b3:a0:42,48.891376289558,8.700839081244611,5,5,-71.8,3.0,39.810717055349734,7.257894057050349,good
WLAN1 | 02:2f:9d:8b:5c:40,WLAN1,02:2f:9d:8b:5c:40,48.889360315702426,8.698038604347477,5,5,-79.8,7.943282347242816,27.12272579332028,7.262410651930353,good
i-int | e2:55:b8:b4:81:60,i-int,e2:55:b8:b4:81:60,48.891363087226445,8.699324075126585,5,5,-81.6,6.812920690579613,36.869450645195755,7.4625305830363455,good
Mezopotamya gast | 6a:b6:57:17:89:c5,Mezopotamya gast,6a:b6:57:17:89:c5,48.89074033540673,8.700397212646445,5,5,-77.8,3.0,39.810717055349734,7.910506996094713,good
devolo_EXT | f0:a7:31:a7:fb:7c,devolo_EXT,f0:a7:31:a7:fb:7c,48.889658959812124,8.698243744145953,5,5,-73.8,5.411695265464636,15.848931924611133,8.272215297750993,good
RTS | 2c:d7:ff:06:72:10,RTS,2c:d7:ff:06:72:10,48.88972623772477,8.69832061118238,5,5,-86.2,11.659144011798316,42.986623470822764,8.972300230954039,good
mobileservice | e2:55:b8:04:eb:b2,mobileservice,e2:55:b8:04:eb:b2,48.8913821216934,8.701290982215905,5,5,-67.6,3.0,27.12272579332028,9.305971433245052,good
Vodafone-0FD4 | 08:a7:c0:e1:0f:e0,Vodafone-0FD4,08:a7:c0:e1:0f:e0,48.89094662949973,8.700164081163818,5,5,-79.6,5.411695265464636,34.14548873833603,11.462329112378805,good
Muessle-Event | 72:a7:41:9f:dd:82,Muessle-Event,72:a7:41:9f:dd:82,48.89094081936585,8.701907486551477,10,10,-76.9,3.0,39.810717055349734,20.55746758984047,usable
ML-1989 | 70:a7:41:df:dd:82,ML-1989,70:a7:41:df:dd:82,48.890930984450655,8.701900605356746,9,9,-76.0,3.0,39.810717055349734,23.845784384118513,usable
BabaCut_Gastzugang | 06:b4:fe:08:37:a8,BabaCut_Gastzugang,06:b4:fe:08:37:a8,48.88986774694859,8.698523026839208,8,8,-81.375,6.812920690579613,39.810717055349734,13.789115518588668,usable
BabaCut | 04:b4:fe:08:37:a8,BabaCut,04:b4:fe:08:37:a8,48.889854386993576,8.69849538493518,7,7,-81.14285714285714,6.812920690579613,39.810717055349734,14.31212388137376,usable
HaugWeiser | 0e:ea:14:af:8f:d2,HaugWeiser,0e:ea:14:af:8f:d2,48.891373916230954,8.699953917432197,7,7,-83.14285714285714,5.843414133735177,34.14548873833603,20.462335133686437,usable
FRITZ!Box 6591 Cable FY | 50:e6:36:88:17:b1,FRITZ!Box 6591 Cable FY,50:e6:36:88:17:b1,48.891413154651325,8.700616983909388,7,7,-73.42857142857143,3.0,29.286445646252357,22.628769117105307,usable
FRITZ!Box 7530 ID | 2c:3a:fd:c4:9b:bd,FRITZ!Box 7530 ID,2c:3a:fd:c4:9b:bd,48.8901883951485,8.69957285032816,7,7,-78.71428571428571,3.0,39.810717055349734,23.637645242942504,usable
FRITZ!Box 6690 HQ | 04:b4:fe:5a:e7:2c,FRITZ!Box 6690 HQ,04:b4:fe:5a:e7:2c,48.89148572651356,8.700785664087135,7,7,-70.57142857142857,3.0,39.810717055349734,23.80454057742246,usable
Digibox-5246 | 7a:c5:7d:32:af:f8,Digibox-5246,7a:c5:7d:32:af:f8,48.88960615207404,8.698126630438255,6,6,-81.16666666666667,7.3564225445964135,31.622776601683793,12.933618181161648,usable
FRITZ!Box 7590 KO | 3c:a6:2f:4f:65:81,FRITZ!Box 7590 KO,3c:a6:2f:4f:65:81,48.89091246483016,8.699207272862125,6,6,-77.66666666666667,3.1622776601683795,34.14548873833603,15.326444416551563,usable
ML-1989 | e2:28:6d:12:0b:df,ML-1989,e2:28:6d:12:0b:df,48.89088244644689,8.701653379660687,6,6,-81.16666666666667,7.943282347242816,39.810717055349734,16.18587567248055,usable
ECOVIS RTS | 2c:d7:ff:06:72:12,ECOVIS RTS,2c:d7:ff:06:72:12,48.889561617965704,8.698402397630998,6,6,-87.0,13.593563908785255,42.986623470822764,17.54001861055017,usable
SBF-AiP-5G | 04:d4:c4:40:41:2c,SBF-AiP-5G,04:d4:c4:40:41:2c,48.89097801451955,8.70166542739095,6,6,-77.83333333333333,3.0,42.986623470822764,18.896388132641285,usable
o2 free Wifi | 54:ec:2f:10:e5:8c,o2 free Wifi,54:ec:2f:10:e5:8c,48.891412057538865,8.699987997960342,6,6,-86.66666666666667,9.261187281287935,46.4158883361278,19.303891119730253,usable
eMedia | 78:18:ec:ad:3f:09,eMedia,78:18:ec:ad:3f:09,48.89141339989004,8.701118079362832,6,6,-78.0,4.641588833612778,34.14548873833603,19.773221655522786,usable
FRITZ!Box 7490 | e0:28:6d:3d:35:bd,FRITZ!Box 7490,e0:28:6d:3d:35:bd,48.89087216759863,8.70047100884689,6,6,-78.83333333333333,7.943282347242816,25.118864315095795,20.074131760997393,usable
FRITZ!Box 6690 ZX | 0c:c5:74:01:8a:66,FRITZ!Box 6690 ZX,0c:c5:74:01:8a:66,48.89083902841731,8.701169876691967,6,6,-82.33333333333333,4.641588833612778,46.4158883361278,20.32299836941374,usable
HaugWeiser-INT | 0e:ea:14:8f:8f:d2,HaugWeiser-INT,0e:ea:14:8f:8f:d2,48.89138794235417,8.699971922757987,6,6,-84.5,6.309573444801933,36.869450645195755,20.93008080647464,usable
FRITZ!Box 6660 Cable UY | b0:f2:08:bb:f8:73,FRITZ!Box 6660 Cable UY,b0:f2:08:bb:f8:73,48.89066818809062,8.700546120283272,6,6,-74.0,3.0,42.986623470822764,21.18803798890596,usable
HaugWeiser-INT | 0e:ea:14:8f:8e:16,HaugWeiser-INT,0e:ea:14:8f:8e:16,48.8913739612369,8.700019749318802,6,6,-84.5,7.3564225445964135,39.810717055349734,21.618256563137248,usable
HaugWeiser-Gast | 0e:ea:14:9f:8f:d2,HaugWeiser-Gast,0e:ea:14:9f:8f:d2,48.8913537998838,8.699977149889582,6,6,-84.5,5.843414133735177,39.810717055349734,22.068291170620313,usable
OS-Internet | 7c:5a:1c:ec:30:fb,OS-Internet,7c:5a:1c:ec:30:fb,48.89030082931284,8.700903524619239,6,6,-70.33333333333333,3.0,34.14548873833603,24.03410549753701,usable
HaugWeiser | 0e:ea:14:af:8e:16,HaugWeiser,0e:ea:14:af:8e:16,48.891379216523376,8.700071529851126,6,6,-83.66666666666667,6.812920690579613,39.810717055349734,24.28144475065324,usable
FRITZ!Box 6660 Cable CB | 48:5d:35:4a:64:19,FRITZ!Box 6660 Cable CB,48:5d:35:4a:64:19,48.890332943896944,8.698812535916817,5,5,-82.8,7.943282347242816,39.810717055349734,13.899307192277341,usable
SFI-Pforzheim | c0:25:06:ad:f4:68,SFI-Pforzheim,c0:25:06:ad:f4:68,48.891515045057176,8.69997922742916,5,5,-85.0,8.576958985908941,42.986623470822764,14.247754322234918,usable
iwatch2 | ea:df:70:49:20:16,iwatch2,ea:df:70:49:20:16,48.89143382099113,8.701202124169933,5,5,-80.2,6.309573444801933,36.869450645195755,15.903837286816303,usable
SK-Mitarbeiter | 68:d7:9a:6e:b8:80,SK-Mitarbeiter,68:d7:9a:6e:b8:80,48.891231190068034,8.699409100621256,5,5,-84.0,5.843414133735177,39.810717055349734,16.407302448466925,usable
philips2 | e8:df:70:49:20:16,philips2,e8:df:70:49:20:16,48.891409453958985,8.701187598058329,5,5,-81.4,5.843414133735177,42.986623470822764,16.721508194963686,usable
DIRECT-a1-HP M183 LaserJet | a6:97:b1:cd:3e:a1,DIRECT-a1-HP M183 LaserJet,a6:97:b1:cd:3e:a1,48.890933443630324,8.699185939768794,5,5,-64.4,3.0,18.478497974222908,16.768690539813736,usable
FRITZ!Box 7530 MP | 3c:a6:2f:3b:30:a5,FRITZ!Box 7530 MP,3c:a6:2f:3b:30:a5,48.890166146478705,8.699500228395882,5,5,-80.2,5.011872336272722,42.986623470822764,16.82120321924548,usable
vs-49e864 | 58:b5:68:49:e8:64,vs-49e864,58:b5:68:49:e8:64,48.88975223802732,8.698427714390464,5,5,-76.8,5.011872336272722,23.263050671536263,16.875110219301547,usable
Vodafone-73B6 | 70:54:25:73:b5:f5,Vodafone-73B6,70:54:25:73:b5:f5,48.89088175669843,8.700527950343249,5,5,-84.8,14.677992676220699,36.869450645195755,17.312484881453194,usable
Ofis_EXT_EXT | 50:3d:d1:bf:33:c1,Ofis_EXT_EXT,50:3d:d1:bf:33:c1,48.89089555466659,8.699200877328584,5,5,-64.6,3.0,36.869450645195755,17.777391314501997,usable
SK-Mitarbeiter2 | 6a:d7:9a:3e:b8:80,SK-Mitarbeiter2,6a:d7:9a:3e:b8:80,48.89122618705785,8.699411816181689,5,5,-83.8,5.843414133735177,39.810717055349734,17.803929871770777,usable
JUNG Modehaus | d6:1a:d1:15:fd:ae,JUNG Modehaus,d6:1a:d1:15:fd:ae,48.89147241655017,8.699735222136082,5,5,-75.6,3.4145488738336014,29.286445646252357,17.826260997924223,usable
SK-Gast | 6a:d7:9a:1e:b8:80,SK-Gast,6a:d7:9a:1e:b8:80,48.89120919641189,8.699385399984005,5,5,-83.6,5.843414133735177,39.810717055349734,18.36248105984302,usable
WLAN-4CYJAV | 74:90:bc:27:02:8f,WLAN-4CYJAV,74:90:bc:27:02:8f,48.89139382084482,8.700925065805425,5,5,-72.2,3.1622776601683795,23.263050671536263,18.56010892830319,usable
WLAN-487346 | cc:d4:2e:25:84:34,WLAN-487346,cc:d4:2e:25:84:34,48.89135510184314,8.700061347268543,5,5,-88.6,17.11328304161781,39.810717055349734,19.274737650492643,usable
MagentaWLAN-0LUI | 94:98:8f:70:2c:cf,MagentaWLAN-0LUI,94:98:8f:70:2c:cf,48.89144890905691,8.699671825663488,5,5,-79.8,5.411695265464636,31.622776601683793,19.33606978996971,usable
MT | 6a:d7:9a:4e:b8:80,MT,6a:d7:9a:4e:b8:80,48.891217777920765,8.699423125261763,5,5,-83.2,5.843414133735177,36.869450645195755,20.16564218884662,usable
Demo | 78:18:ec:ad:3f:08,Demo,78:18:ec:ad:3f:08,48.891480356717096,8.701266046532016,5,5,-76.0,4.298662347082277,29.286445646252357,20.23816706326718,usable
Amadeus | 4c:c5:3e:c2:4d:05,Amadeus,4c:c5:3e:c2:4d:05,48.8914647046712,8.699966216302979,5,5,-76.0,3.1622776601683795,29.286445646252357,20.360904465006705,usable
YellowGuest | 22:11:32:a4:bd:91,YellowGuest,22:11:32:a4:bd:91,48.88975340271385,8.697417699306417,5,5,-84.4,13.593563908785255,42.986623470822764,22.014679878716723,usable
GR FRITZ!Box 7490 | 08:b6:57:6a:aa:8c,GR FRITZ!Box 7490,08:b6:57:6a:aa:8c,48.89019138683829,8.699679836556477,5,5,-83.0,7.943282347242816,39.810717055349734,22.057702000771837,usable
o2-WLAN46 | 2c:ea:dc:6d:b2:4e,o2-WLAN46,2c:ea:dc:6d:b2:4e,48.88971909668775,8.698073249632701,5,5,-84.2,11.659144011798316,42.986623470822764,22.568967905270604,usable
Yellow-RT2600 | 00:11:32:a4:bd:91,Yellow-RT2600,00:11:32:a4:bd:91,48.88975959918813,8.697505129235074,5,5,-87.0,15.848931924611133,50.11872336272722,23.009761673590027,usable
PF-WLAN | 48:4a:e9:d9:e1:d0,PF-WLAN,48:4a:e9:d9:e1:d0,48.8911159456407,8.699362499277061,5,5,-81.2,7.943282347242816,29.286445646252357,23.067371020299746,usable
BerAW-PF | dc:39:6f:19:0f:8d,BerAW-PF,dc:39:6f:19:0f:8d,48.891124389136785,8.699154232351555,5,5,-76.0,3.0,31.622776601683793,24.35781332213801,usable
Vodafone-7A54 | 80:da:c2:6c:7a:60,Vodafone-7A54,80:da:c2:6c:7a:60,48.89004024482927,8.69894092389964,5,5,-77.8,5.411695265464636,29.286445646252357,24.658653837222882,usable
LEDnet0033CF2707 | 18:b9:05:cf:27:07,LEDnet0033CF2707,18:b9:05:cf:27:07,48.88984461810681,8.698582392822134,5,5,-69.2,3.0,13.593563908785255,24.78359901747013,usable
WLAN-746570 | 04:a2:22:2f:1b:d8,WLAN-746570,04:a2:22:2f:1b:d8,48.890060974230146,8.698503289497712,4,4,-84.75,12.589254117941675,31.622776601683793,0.33943154297669825,usable
Actief_Guest | e6:cb:ac:be:46:f1,Actief_Guest,e6:cb:ac:be:46:f1,48.89026007184516,8.70054191966285,4,4,-74.75,3.1622776601683795,31.622776601683793,0.3560733504660533,usable
Actief_Internal | e2:cb:ac:be:46:f1,Actief_Internal,e2:cb:ac:be:46:f1,48.89026007184516,8.70054191966285,4,4,-74.75,3.1622776601683795,31.622776601683793,0.3560733504660533,usable
OS-Ipro | 82:5a:1c:ec:30:f3,OS-Ipro,82:5a:1c:ec:30:f3,48.890291513346135,8.700597062617426,4,4,-67.0,3.0,11.659144011798316,0.6858670151079955,usable
Raum T1 2.24 | 74:4c:a1:56:de:85,Raum T1 2.24,74:4c:a1:56:de:85,48.87883115300267,8.715617990896618,4,4,-85.75,13.593563908785255,34.14548873833603,1.0104907242554275,usable
cloverius | 3c:a6:2f:05:00:8e,cloverius,3c:a6:2f:05:00:8e,48.89084941747388,8.701486573506067,4,4,-67.0,3.0,31.622776601683793,1.0789523095945728,usable
FB-OC-PH-G | 76:42:7f:ab:10:7b,FB-OC-PH-G,76:42:7f:ab:10:7b,48.89080377905586,8.69891257752697,4,4,-76.5,3.686945064519575,31.622776601683793,1.519616788702064,usable
TP-Link_D9CB | 9c:a2:f4:b3:d9:cb,TP-Link_D9CB,9c:a2:f4:b3:d9:cb,48.890909731483134,8.700313494437307,4,4,-69.5,3.0,17.11328304161781,1.8077854016314832,usable
Hollywood Nails | d4:24:dd:60:c6:6b,Hollywood Nails,d4:24:dd:60:c6:6b,48.89095446650318,8.7002883507494,4,4,-83.5,6.812920690579613,42.986623470822764,2.1678722664036645,usable
PF-WLAN | 48:4a:e9:d8:e9:72,PF-WLAN,48:4a:e9:d8:e9:72,48.89153145428151,8.701641832701043,4,4,-84.0,10.0,36.869450645195755,2.571340649457165,usable
RSP | e0:91:f5:c4:df:91,RSP,e0:91:f5:c4:df:91,48.878561719331834,8.71570703337945,4,4,-72.5,3.9810717055349722,13.593563908785255,2.5724387341579518,usable
RSWLAN | 7c:ff:4d:15:85:d8,RSWLAN,7c:ff:4d:15:85:d8,48.89014594671266,8.700637277054089,4,4,-83.75,10.0,39.810717055349734,2.7100355838441503,usable
FRITZ!Box 6690 GB | b0:f2:08:4c:95:a5,FRITZ!Box 6690 GB,b0:f2:08:4c:95:a5,48.88950606951808,8.698564482175884,4,4,-86.75,14.677992676220699,36.869450645195755,3.4419842197522983,usable
FRITZ!Box 6690 OL | 04:b4:fe:78:d8:03,FRITZ!Box 6690 OL,04:b4:fe:78:d8:03,48.890247051705984,8.69870592403551,4,4,-85.75,15.848931924611133,34.14548873833603,3.536052187848191,usable
Vodafone-95EC | b8:a5:35:29:95:f8,Vodafone-95EC,b8:a5:35:29:95:f8,48.890173221163685,8.698695449294886,4,4,-86.0,15.848931924611133,39.810717055349734,3.6212635072522645,usable
FRITZ!Box 7490 | f0:b0:14:bf:9b:b4,FRITZ!Box 7490,f0:b0:14:bf:9b:b4,48.8894466675957,8.697552582475854,4,4,-83.75,7.3564225445964135,34.14548873833603,3.6418326695287013,usable
MagentaWLAN-GN4W | 4c:22:f3:0b:9d:bf,MagentaWLAN-GN4W,4c:22:f3:0b:9d:bf,48.89108182539782,8.699555256860014,4,4,-80.25,5.843414133735177,34.14548873833603,3.930284024060962,usable
Vodafone Hotspot | be:5b:d5:ae:93:14,Vodafone Hotspot,be:5b:d5:ae:93:14,48.890333136272574,8.698821293594117,4,4,-70.75,3.4145488738336014,18.478497974222908,4.034864390621926,usable
PF-NET | 1c:d1:e0:05:9a:c9,PF-NET,1c:d1:e0:05:9a:c9,48.89165150467494,8.701748266894876,4,4,-86.25,12.589254117941675,42.986623470822764,4.7658530820590075,usable
TP-Link_3F64_5G | 24:2f:d0:67:3f:62,TP-Link_3F64_5G,24:2f:d0:67:3f:62,48.890213065394754,8.700361765272609,4,4,-80.75,6.812920690579613,36.869450645195755,4.80458895595635,usable
SFI-Pforzheim | 5c:49:79:5e:df:2d,SFI-Pforzheim,5c:49:79:5e:df:2d,48.891555371913626,8.699877407080496,4,4,-83.5,9.261187281287935,39.810717055349734,4.806467884809352,usable
MagentaWLAN-JBBN | 84:a3:29:67:6e:9f,MagentaWLAN-JBBN,84:a3:29:67:6e:9f,48.89020511500429,8.701913141069912,4,4,-75.0,3.4145488738336014,29.286445646252357,4.89985672435348,usable
CityCafe | 6e:4f:89:3b:10:58,CityCafe,6e:4f:89:3b:10:58,48.89104818836288,8.69912828668395,4,4,-77.5,4.641588833612778,31.622776601683793,5.136449636077786,usable
Palliativ | 7c:f1:7e:ed:c8:ef,Palliativ,7c:f1:7e:ed:c8:ef,48.889607596060166,8.697897082975363,4,4,-85.25,12.589254117941675,34.14548873833603,5.183720592542132,usable
Vodafone-D2CC | 8c:6a:8d:89:d2:d8,Vodafone-D2CC,8c:6a:8d:89:d2:d8,48.89014173618113,8.698542640685098,4,4,-86.0,12.589254117941675,39.810717055349734,5.317914358991211,usable
MagentaWLAN-5HLM | ac:b6:87:42:18:ff,MagentaWLAN-5HLM,ac:b6:87:42:18:ff,48.89098010559387,8.700069434979978,4,4,-82.0,8.576958985908941,36.869450645195755,5.4549911080094216,usable
HaugWeiser-Gast | 0e:ea:14:9f:8e:16,HaugWeiser-Gast,0e:ea:14:9f:8e:16,48.89154469709993,8.699894880346132,4,4,-79.75,7.3564225445964135,29.286445646252357,5.834646505987221,usable
Regionalverband Gastzugang | ea:df:70:91:be:6d,Regionalverband Gastzugang,ea:df:70:91:be:6d,48.89146456080169,8.699196180235655,4,4,-80.25,7.3564225445964135,34.14548873833603,6.127562795625457,usable
FRITZ!Box 6690 HQ | 50:e6:36:8b:0d:94,FRITZ!Box 6690 HQ,50:e6:36:8b:0d:94,48.89148867166823,8.700777382698554,4,4,-75.0,3.0,31.622776601683793,6.264153293766731,usable
MagentaWLAN-0LUI | 94:98:8f:70:2c:ce,MagentaWLAN-0LUI,94:98:8f:70:2c:ce,48.89151430815318,8.699568366797417,4,4,-73.0,4.298662347082277,15.848931924611133,6.304649650480065,usable
Apollo-Gast | ea:55:b8:b4:81:60,Apollo-Gast,ea:55:b8:b4:81:60,48.89138517567708,8.699315028664818,4,4,-81.0,6.812920690579613,34.14548873833603,6.670640003251833,usable
FRITZ!Box 7530 FI | 08:b6:57:b7:30:ac,FRITZ!Box 7530 FI,08:b6:57:b7:30:ac,48.889756929634075,8.697808436349685,4,4,-88.5,17.11328304161781,39.810717055349734,6.74778958158401,usable
Fielmann | d0:4d:c6:a2:52:52,Fielmann,d0:4d:c6:a2:52:52,48.89143238565195,8.69953404418102,4,4,-83.75,9.261187281287935,39.810717055349734,6.857228180226627,usable
FRITZ!Box 6690 HQ | 04:b4:fe:5a:e7:2b,FRITZ!Box 6690 HQ,04:b4:fe:5a:e7:2b,48.891496372315295,8.700884930923563,4,4,-66.0,3.0,13.593563908785255,6.959558992605327,usable
FRITZ!Box 6660 Cable RQ | d4:24:dd:e0:5c:bf,FRITZ!Box 6660 Cable RQ,d4:24:dd:e0:5c:bf,48.89021447909582,8.698654317618132,4,4,-87.75,14.677992676220699,39.810717055349734,7.048744946639013,usable
i-frg | ee:55:b8:b4:81:60,i-frg,ee:55:b8:b4:81:60,48.89137331264962,8.699322810461975,4,4,-82.0,6.812920690579613,34.14548873833603,7.119796838856449,usable
WLAN_EF | d6:1a:d1:16:23:0a,WLAN_EF,d6:1a:d1:16:23:0a,48.890837408278486,8.699141239181529,4,4,-83.75,10.0,36.869450645195755,7.300096362949144,usable
Hotel Montana Wifi_EXT | 5c:e9:31:cc:e2:49,Hotel Montana Wifi_EXT,5c:e9:31:cc:e2:49,48.889945690028256,8.699113043569756,4,4,-89.25,19.952623149688797,39.810717055349734,7.328203677639684,usable
i-fil | e6:55:b8:b4:81:60,i-fil,e6:55:b8:b4:81:60,48.89142101011019,8.699422508426546,4,4,-79.75,6.309573444801933,31.622776601683793,7.4734253819369245,usable
MagentaWLAN-NWCY | c4:eb:42:c2:22:3f,MagentaWLAN-NWCY,c4:eb:42:c2:22:3f,48.88992418314807,8.698628028958325,4,4,-86.25,18.478497974222908,29.286445646252357,7.501647636830533,usable
Digibox-4206 | 00:09:4f:97:e1:2d,Digibox-4206,00:09:4f:97:e1:2d,48.89108167783778,8.69920016888786,4,4,-82.0,7.3564225445964135,42.986623470822764,7.996782729089154,usable
Vodafone-5AEC | ec:a8:1f:af:5a:f8,Vodafone-5AEC,ec:a8:1f:af:5a:f8,48.89146641837223,8.70002056181931,4,4,-88.5,14.677992676220699,42.986623470822764,8.077809324197244,usable
FRITZ!Box 6690 XU | 04:b4:fe:2d:35:f2,FRITZ!Box 6690 XU,04:b4:fe:2d:35:f2,48.889538501405745,8.697954103106566,4,4,-88.5,15.848931924611133,39.810717055349734,8.16836854253152,usable
Kochlöffel Gast-WLAN | 72:a7:41:9a:f7:c2,Kochlöffel Gast-WLAN,72:a7:41:9a:f7:c2,48.89057067677071,8.698921047571808,4,4,-80.75,7.943282347242816,34.14548873833603,8.382706959812248,usable
Vodafone-A121 | 9c:c8:fc:4f:f1:8f,Vodafone-A121,9c:c8:fc:4f:f1:8f,48.89038872298569,8.698818973375788,4,4,-84.0,9.261187281287935,42.986623470822764,8.409037113512232,usable
WiFi4EU | 48:4a:e9:d9:58:d0,WiFi4EU,48:4a:e9:d9:58:d0,48.89150732266575,8.701654185138684,4,4,-83.25,10.0,36.869450645195755,8.845112853816046,usable
PF-WLAN | 48:4a:e9:d9:58:d2,PF-WLAN,48:4a:e9:d9:58:d2,48.89150587913723,8.701649478789948,4,4,-83.0,10.0,36.869450645195755,8.87964452755194,usable
Katze17 | 3e:a6:2f:4f:65:81,Katze17,3e:a6:2f:4f:65:81,48.891106504968526,8.698971735568362,4,4,-80.0,4.641588833612778,36.869450645195755,9.282794399384585,usable
TUI | 72:d7:9a:04:7a:4b,TUI,72:d7:9a:04:7a:4b,48.89153659235704,8.701200642884396,4,4,-83.5,10.0,39.810717055349734,9.609101907937,usable
FRITZ!Box 6591 Cable DI | 74:42:7f:69:47:88,FRITZ!Box 6591 Cable DI,74:42:7f:69:47:88,48.89025315273396,8.701655518137104,4,4,-78.75,3.1622776601683795,34.14548873833603,10.596385628542945,usable
Pralinna | 46:4e:6d:a6:8f:fb,Pralinna,46:4e:6d:a6:8f:fb,48.88986555252662,8.698206548581014,4,4,-83.5,6.812920690579613,36.869450645195755,10.95425017578023,usable
FRITZ!Box 7530 BR | 04:b4:fe:da:34:b3,FRITZ!Box 7530 BR,04:b4:fe:da:34:b3,48.890245397787545,8.70052911470663,4,4,-62.0,3.0,8.576958985908941,10.995650547224717,usable
Vodafone-8B94 | f0:4b:8a:f4:40:23,Vodafone-8B94,f0:4b:8a:f4:40:23,48.891375882622846,8.700904305424519,4,4,-79.75,6.812920690579613,31.622776601683793,11.083131039130304,usable
FRITZ!Box 7510 YM | b4:fc:7d:52:e3:cd,FRITZ!Box 7510 YM,b4:fc:7d:52:e3:cd,48.89120672268402,8.699086608782208,4,4,-82.25,7.3564225445964135,39.810717055349734,11.42577663401013,usable
Geisser | 44:4e:6d:a6:8f:fb,Geisser,44:4e:6d:a6:8f:fb,48.88987394673272,8.69820005460936,4,4,-83.0,6.812920690579613,34.14548873833603,11.445526257579614,usable
#BBBankFree.Wifi.Plus | 78:9a:18:9e:0a:70,#BBBankFree.Wifi.Plus,78:9a:18:9e:0a:70,48.89096662722523,8.701395683837463,4,4,-88.75,15.848931924611133,46.4158883361278,11.709241935217817,usable
Vodafone-1B3B | a4:43:8c:0a:01:cd,Vodafone-1B3B,a4:43:8c:0a:01:cd,48.889505928908896,8.698518056207927,4,4,-87.25,12.589254117941675,42.986623470822764,11.930548123283423,usable
Vodafone-C868 | bc:5b:d5:ae:93:25,Vodafone-C868,bc:5b:d5:ae:93:25,48.890280687289795,8.698765493319305,4,4,-81.25,7.943282347242816,31.622776601683793,12.627999708732562,usable
POCO X7 Pro | 72:98:05:a1:86:7a,POCO X7 Pro,72:98:05:a1:86:7a,48.89121722857906,8.699173845325706,4,4,-79.5,5.411695265464636,42.986623470822764,12.782866641613833,usable
THA-MDE-DE | 08:45:d1:d9:b5:cb,THA-MDE-DE,08:45:d1:d9:b5:cb,48.891436378955696,8.699819473494506,4,4,-83.75,7.943282347242816,42.986623470822764,13.198163812949188,usable
UPCD87FDD9 | 54:67:51:71:cd:2a,UPCD87FDD9,54:67:51:71:cd:2a,48.890417991053624,8.700324606650343,4,4,-80.75,7.3564225445964135,36.869450645195755,13.704244567336826,usable
MagentaWLAN-QD6A | 6c:15:db:3f:ef:9e,MagentaWLAN-QD6A,6c:15:db:3f:ef:9e,48.89089736145347,8.700054326333879,4,4,-68.25,3.0,12.589254117941675,14.054364357452792,usable
TUC-PF-GAST | 6e:d7:9a:04:7a:4b,TUC-PF-GAST,6e:d7:9a:04:7a:4b,48.89150109282341,8.701310180245265,4,4,-82.5,9.261187281287935,36.869450645195755,14.16515558921384,usable
UPCE384547 | ac:22:05:dc:86:e5,UPCE384547,ac:22:05:dc:86:e5,48.89147983439945,8.701335627937869,4,4,-79.0,5.843414133735177,34.14548873833603,14.182353881830208,usable
Goldstern | b2:f2:08:bd:fb:86,Goldstern,b2:f2:08:bd:fb:86,48.89145259943046,8.701082944871022,4,4,-82.5,8.576958985908941,39.810717055349734,14.495893657181428,usable
Vodafone-297C | d4:3f:cb:84:c5:ec,Vodafone-297C,d4:3f:cb:84:c5:ec,48.890661783087175,8.700485019622365,4,4,-80.25,5.011872336272722,39.810717055349734,14.591549426840054,usable
Vodafone-1E36 | b0:5d:d4:8c:41:61,Vodafone-1E36,b0:5d:d4:8c:41:61,48.89126907628045,8.699789168909192,4,4,-80.5,7.943282347242816,31.622776601683793,14.967715010683468,usable
Telekom_SIM | 08:45:d1:d9:b5:cf,Telekom_SIM,08:45:d1:d9:b5:cf,48.89144729840895,8.69985457513813,4,4,-83.5,7.3564225445964135,42.986623470822764,15.151109437341441,usable
BT-NB | 74:88:bb:76:1f:ac,BT-NB,74:88:bb:76:1f:ac,48.891454776747594,8.700379903873719,4,4,-89.75,18.478497974222908,42.986623470822764,15.161750425189332,usable
FRITZ!Box 6690 ZJ | 04:b4:fe:42:4d:62,FRITZ!Box 6690 ZJ,04:b4:fe:42:4d:62,48.889780942001565,8.69836780336462,4,4,-88.0,15.848931924611133,42.986623470822764,15.608093626639137,usable
WLAN-QQ2JL2 | 50:01:d9:9c:97:2b,WLAN-QQ2JL2,50:01:d9:9c:97:2b,48.89094678842772,8.700186820442452,4,4,-76.75,4.298662347082277,31.622776601683793,15.67141105921369,usable
WLAN-807150 | 64:cc:22:8a:a1:78,WLAN-807150,64:cc:22:8a:a1:78,48.88974946927268,8.698274059222403,4,4,-82.75,10.7977516232771,31.622776601683793,16.070589348884425,usable
FRITZ!Box 7590 LL | b0:f2:08:bd:fb:86,FRITZ!Box 7590 LL,b0:f2:08:bd:fb:86,48.891459408364476,8.701052988874372,4,4,-82.0,8.576958985908941,36.869450645195755,16.335576189937747,usable
FRITZ!Box 7490 | 34:31:c4:e2:4e:b6,FRITZ!Box 7490,34:31:c4:e2:4e:b6,48.89132476901536,8.700051886973856,4,4,-86.25,12.589254117941675,46.4158883361278,17.21065754361977,usable
SK-Technik | 6a:d7:9a:2e:b8:80,SK-Technik,6a:d7:9a:2e:b8:80,48.891260924419626,8.699460413410595,4,4,-82.5,6.309573444801933,36.869450645195755,17.336747751648268,usable
Thalia_Free_WiFi | 08:45:d1:d9:b5:c9,Thalia_Free_WiFi,08:45:d1:d9:b5:c9,48.89143488361035,8.699797842346616,4,4,-85.0,7.943282347242816,42.986623470822764,17.364427082816924,usable
RTS-MA | 2c:d7:ff:06:72:14,RTS-MA,2c:d7:ff:06:72:14,48.889578368266164,8.698325302058585,4,4,-85.0,13.593563908785255,42.986623470822764,17.432614904006932,usable
PF-WLAN | 48:4a:e9:d9:81:b2,PF-WLAN,48:4a:e9:d9:81:b2,48.89129306667816,8.701899466694414,4,4,-74.0,4.298662347082277,25.118864315095795,17.768723431702384,usable
RTS-MA | 2c:d7:ff:06:72:11,RTS-MA,2c:d7:ff:06:72:11,48.889577465834854,8.698311943854314,4,4,-85.0,13.593563908785255,39.810717055349734,17.84888176125229,usable
OH ZOE Privat | 60:b5:8d:d5:97:cd,OH ZOE Privat,60:b5:8d:d5:97:cd,48.890179530630455,8.699417333260302,4,4,-87.75,17.11328304161781,36.869450645195755,18.028062894047288,usable
Praxis Neuffer Gast | d6:24:dd:0c:71:2c,Praxis Neuffer Gast,d6:24:dd:0c:71:2c,48.89096898779882,8.699647850040023,4,4,-89.25,19.952623149688797,46.4158883361278,18.241539500759067,usable
BerAW-PF | dc:39:6f:19:0f:8e,BerAW-PF,dc:39:6f:19:0f:8e,48.89130647938168,8.699271799508614,4,4,-68.75,3.4145488738336014,11.659144011798316,18.291914956976438,usable
PF-NET | 1c:d1:e0:1a:4b:ef,PF-NET,1c:d1:e0:1a:4b:ef,48.89099914187344,8.70135940441013,4,4,-85.0,13.593563908785255,31.622776601683793,18.502759816007337,usable
Fassbender | 2c:00:ab:86:7c:c2,Fassbender,2c:00:ab:86:7c:c2,48.89015838191094,8.698578224493946,4,4,-87.25,15.848931924611133,36.869450645195755,18.763147215021974,usable
RTS | 2c:d7:ff:06:72:13,RTS,2c:d7:ff:06:72:13,48.889591058227225,8.69830202421624,4,4,-84.5,13.593563908785255,36.869450645195755,18.85730279410047,usable
PF-EVENT | 1c:d1:e0:1a:4b:ed,PF-EVENT,1c:d1:e0:1a:4b:ed,48.89106311872671,8.701370452428675,4,4,-86.25,12.589254117941675,39.810717055349734,19.020051678204187,usable
FRITZ!Box 6690 QC | d4:24:dd:ef:24:ce,FRITZ!Box 6690 QC,d4:24:dd:ef:24:ce,48.89087902762445,8.700528307073602,4,4,-87.5,15.848931924611133,36.869450645195755,19.249090675122208,usable
OH ZOE Gast | 62:b5:8d:d5:97:cd,OH ZOE Gast,62:b5:8d:d5:97:cd,48.89017604951707,8.69942689183555,4,4,-87.5,17.11328304161781,34.14548873833603,19.326788548259724,usable
Vodafone-F0E4 | ec:a9:40:6b:03:3d,Vodafone-F0E4,ec:a9:40:6b:03:3d,48.89151004910072,8.700784765409482,4,4,-88.0,15.848931924611133,42.986623470822764,19.868218882372663,usable
LOSVPN | 24:5a:4c:63:62:d9,LOSVPN,24:5a:4c:63:62:d9,48.891173492507875,8.701673102704538,4,4,-82.75,8.576958985908941,34.14548873833603,19.976930464033025,usable
Goldstern | 60:a4:b7:d6:d4:73,Goldstern,60:a4:b7:d6:d4:73,48.891441755367794,8.701282070105487,4,4,-75.25,4.641588833612778,34.14548873833603,20.1361427943638,usable
posinstall | 26:5a:4c:33:62:d9,posinstall,26:5a:4c:33:62:d9,48.8911800766196,8.701650126700104,4,4,-84.0,8.576958985908941,39.810717055349734,20.544660119065068,usable
JUNG Modehaus | d6:1a:d1:15:fd:61,JUNG Modehaus,d6:1a:d1:15:fd:61,48.891461322123334,8.70007972627608,4,4,-73.5,3.686945064519575,19.952623149688797,20.98126810160079,usable
PF-NET-GAST | 1c:d1:e0:1a:4b:ec,PF-NET-GAST,1c:d1:e0:1a:4b:ec,48.89106341082508,8.701437249643803,4,4,-85.75,12.589254117941675,31.622776601683793,21.01916436684462,usable
PraBey | d8:07:b6:0b:41:c3,PraBey,d8:07:b6:0b:41:c3,48.89144693831282,8.700997417793388,4,4,-89.75,18.478497974222908,42.986623470822764,21.67250161694593,usable
Vodafone Hotspot | d6:3f:cb:88:b7:17,Vodafone Hotspot,d6:3f:cb:88:b7:17,48.890225457346865,8.69933058188163,4,4,-75.0,5.843414133735177,15.848931924611133,22.132952153604705,usable
WiFi4EU | 48:4a:e9:d9:81:b0,WiFi4EU,48:4a:e9:d9:81:b0,48.89125076641777,8.701887571136588,4,4,-72.5,3.686945064519575,23.263050671536263,22.147323198661145,usable
MFB | 18:fd:74:bb:f3:ac,MFB,18:fd:74:bb:f3:ac,48.88969474190328,8.697421755618674,4,4,-79.25,7.3564225445964135,21.544346900318832,22.962590609920902,usable
WLAN-576047 | 18:83:bf:a9:37:ed,WLAN-576047,18:83:bf:a9:37:ed,48.89010084282038,8.699138061069144,4,4,-82.25,9.261187281287935,25.118864315095795,23.088616692162173,usable
moto g04s | 2a:6d:b6:38:14:a0,moto g04s,2a:6d:b6:38:14:a0,48.89013893901934,8.699541525537368,4,4,-71.0,3.0,25.118864315095795,24.266221296052024,usable
Vodafone-A134 | 8c:6a:8d:8f:a1:40,Vodafone-A134,8c:6a:8d:8f:a1:40,48.889684163766674,8.696603175412749,4,4,-88.0,12.589254117941675,39.810717055349734,24.369518781583807,usable
iPhone von Hamid | ba:64:14:af:40:f1,iPhone von Hamid,ba:64:14:af:40:f1,48.8864440027864,8.705283340769281,44,44,-43.43181818181818,3.0,3.0,643.9485174493204,weak
FRITZ!Box 6690 DB | 0c:72:74:04:89:24,FRITZ!Box 6690 DB,0c:72:74:04:89:24,48.89040141856781,8.700214658383835,17,17,-78.70588235294117,3.0,42.986623470822764,63.295761761103535,weak
PANORAMA NEU LOKAL | 3e:a6:2f:33:11:18,PANORAMA NEU LOKAL,3e:a6:2f:33:11:18,48.89009029001777,8.69918461680206,13,13,-79.6923076923077,3.9810717055349722,36.869450645195755,44.498585288346874,weak
FRITZ!Box 7530 BR | 04:b4:fe:da:34:b4,FRITZ!Box 7530 BR,04:b4:fe:da:34:b4,48.890364662429405,8.700189074143488,13,13,-74.53846153846153,3.0,39.810717055349734,62.262413593422714,weak
MagentaWLAN-QD6A | 6c:15:db:3f:ef:9f,MagentaWLAN-QD6A,6c:15:db:3f:ef:9f,48.890896766427296,8.700080261031188,12,12,-76.66666666666667,3.0,39.810717055349734,38.90939485305939,weak
FRITZ!Box 7530 BR_Ext_5G | a8:42:a1:2b:9e:c2,FRITZ!Box 7530 BR_Ext_5G,a8:42:a1:2b:9e:c2,48.89035941273225,8.699901023032702,12,12,-77.25,3.0,34.14548873833603,71.49123301012821,weak
GR FRITZ!Box 7490 | 38:10:d5:c4:b7:3c,GR FRITZ!Box 7490,38:10:d5:c4:b7:3c,48.89014238995604,8.699599824593427,11,11,-81.63636363636364,7.3564225445964135,39.810717055349734,35.880959802569,weak
YCafe | 30:68:93:66:65:1f,YCafe,30:68:93:66:65:1f,48.890236046673245,8.700046459004119,11,11,-82.81818181818181,3.1622776601683795,42.986623470822764,47.33684632310716,weak
FritzboxPFZ9 | dc:15:c8:30:59:6a,FritzboxPFZ9,dc:15:c8:30:59:6a,48.890021753067884,8.698722058407277,11,11,-77.18181818181819,3.0,42.986623470822764,52.90120173009524,weak
RaPOS-FUTARI | 98:ba:5f:84:92:33,RaPOS-FUTARI,98:ba:5f:84:92:33,48.890713730265745,8.700003359359691,10,10,-81.8,4.298662347082277,39.810717055349734,30.70155662747531,weak
FRITZ!Box 6660 Cable IO | 3c:37:12:b3:62:43,FRITZ!Box 6660 Cable IO,3c:37:12:b3:62:43,48.890778357950346,8.700478356527006,10,10,-81.7,4.641588833612778,42.986623470822764,37.34933098479206,weak
Vodafone-3ACC | 8c:6a:8d:8e:3a:d8,Vodafone-3ACC,8c:6a:8d:8e:3a:d8,48.890166303653295,8.699541058787311,10,10,-78.2,4.298662347082277,36.869450645195755,37.42464748603541,weak
FRITZ!Box 6690 NC | 60:b5:8d:d5:63:9a,FRITZ!Box 6690 NC,60:b5:8d:d5:63:9a,48.89004791726149,8.699026316059673,10,10,-80.3,3.9810717055349722,42.986623470822764,52.658064449459786,weak
Vodafone-56DF | 6c:63:9c:42:cb:b4,Vodafone-56DF,6c:63:9c:42:cb:b4,48.89038532058682,8.699930085851078,9,9,-86.22222222222223,10.0,42.986623470822764,33.165847144098436,weak
Vodafone-5283 | 70:54:25:6f:b4:9e,Vodafone-5283,70:54:25:6f:b4:9e,48.89040182692624,8.699978243140379,9,9,-87.55555555555556,12.589254117941675,42.986623470822764,34.27454023632777,weak
devolo_5G_EXT | f0:a7:31:a7:fb:7d,devolo_5G_EXT,f0:a7:31:a7:fb:7d,48.88979526651311,8.69817680173774,9,9,-82.0,5.843414133735177,42.986623470822764,39.36741357152834,weak
goldner_adler | 34:e1:a9:64:ca:e9,goldner_adler,34:e1:a9:64:ca:e9,48.8912038385803,8.699607678380746,9,9,-81.33333333333333,3.0,39.810717055349734,42.42312901967852,weak
HaugWeiser | 50:e6:36:0a:db:fd,HaugWeiser,50:e6:36:0a:db:fd,48.89122532424766,8.700091644900716,9,9,-79.11111111111111,3.4145488738336014,39.810717055349734,46.958444635864595,weak
FRITZ!Box 6591 Cable UY | 3c:a6:2f:33:11:18,FRITZ!Box 6591 Cable UY,3c:a6:2f:33:11:18,48.890090025407886,8.699085427033625,9,9,-79.22222222222223,4.298662347082277,42.986623470822764,52.5401340827408,weak
HaugWeiser | 50:e6:36:0a:db:fe,HaugWeiser,50:e6:36:0a:db:fe,48.89119808770341,8.700284958179619,9,9,-81.77777777777777,5.011872336272722,39.810717055349734,52.76544102940796,weak
iPhone von Kadir | 1e:98:23:e1:68:4f,iPhone von Kadir,1e:98:23:e1:68:4f,48.890514664033375,8.700256381664351,9,9,-51.55555555555556,3.0,9.261187281287935,56.192374309012806,weak
Ichweisnicht | 1c:ed:6f:00:7b:20,Ichweisnicht,1c:ed:6f:00:7b:20,48.890380493426285,8.700404423843166,9,9,-85.66666666666667,10.7977516232771,42.986623470822764,59.05748619843159,weak
FRITZ!Box 6690 AS | e0:08:55:ea:77:25,FRITZ!Box 6690 AS,e0:08:55:ea:77:25,48.8904123852031,8.700250347853979,9,9,-85.11111111111111,7.943282347242816,34.14548873833603,62.94984092847272,weak
PF-WLAN | 48:4a:e9:da:74:d1,PF-WLAN,48:4a:e9:da:74:d1,48.89039855891011,8.700830139871165,9,9,-85.22222222222223,9.261187281287935,36.869450645195755,65.42084270852378,weak
WiFi4EU | 48:4a:e9:da:74:d3,WiFi4EU,48:4a:e9:da:74:d3,48.8904000572151,8.70085994511039,9,9,-84.22222222222223,9.261187281287935,31.622776601683793,66.07455957092496,weak
FRITZ!Box 6690 CI | b0:f2:08:b5:8b:48,FRITZ!Box 6690 CI,b0:f2:08:b5:8b:48,48.890578528286404,8.700392297067431,9,9,-81.88888888888889,4.298662347082277,50.11872336272722,69.8606365353428,weak
iPhone von Hamid | 82:df:06:ac:c6:78,iPhone von Hamid,82:df:06:ac:c6:78,48.88972042958195,8.697339317395356,9,9,-34.666666666666664,3.0,3.0,94.34781172891867,weak
Vodafone-B244 | 80:da:c2:6b:b2:50,Vodafone-B244,80:da:c2:6b:b2:50,48.891042165642105,8.700019111754298,8,8,-83.875,6.812920690579613,36.869450645195755,26.248842047641894,weak
FRITZ!Box 7590 KF | b0:f2:08:17:1d:3a,FRITZ!Box 7590 KF,b0:f2:08:17:1d:3a,48.88944062521565,8.698066241147796,8,8,-73.5,3.0,36.869450645195755,30.13009246033359,weak
BENSI | 70:54:25:66:d4:45,BENSI,70:54:25:66:d4:45,48.89040156237826,8.700091998094022,8,8,-85.625,7.943282347242816,46.4158883361278,35.47428119272116,weak
WLAN-930995 | ec:6c:9a:a6:75:2b,WLAN-930995,ec:6c:9a:a6:75:2b,48.8899420856634,8.699068275449736,8,8,-86.0,9.261187281287935,46.4158883361278,38.53650270105269,weak
Jetzt ein leckeres Eis Casal | 1c:0b:8b:0c:5b:8b,Jetzt ein leckeres Eis Casal,1c:0b:8b:0c:5b:8b,48.8913565925844,8.700437189352005,8,8,-80.25,3.9810717055349722,39.810717055349734,43.227637399575926,weak
PF-WLAN | 48:4a:e9:d9:2d:d2,PF-WLAN,48:4a:e9:d9:2d:d2,48.89139956616438,8.69986520163762,8,8,-75.375,3.0,34.14548873833603,51.6889687020138,weak
MagentaWLAN-ZSQ6 | 20:37:f0:1d:b3:cf,MagentaWLAN-ZSQ6,20:37:f0:1d:b3:cf,48.889731690126155,8.697984216063436,8,8,-82.5,9.261187281287935,29.286445646252357,59.77426434682469,weak
stadtpforzheim | 48:4a:e9:da:74:d0,stadtpforzheim,48:4a:e9:da:74:d0,48.89040118087243,8.700969907908162,8,8,-85.0,6.309573444801933,36.869450645195755,64.60753168564497,weak
Muessle-Event | e0:28:6d:12:0b:df,Muessle-Event,e0:28:6d:12:0b:df,48.89092541978321,8.701407889748591,7,7,-82.14285714285714,7.943282347242816,39.810717055349734,28.391046584204492,weak
Vodafone-A450 | 64:67:72:85:a4:56,Vodafone-A450,64:67:72:85:a4:56,48.89000389533135,8.699088113840103,7,7,-85.0,10.0,34.14548873833603,28.70988325902698,weak
TP-Link_D168 | 30:68:93:8e:d1:68,TP-Link_D168,30:68:93:8e:d1:68,48.89144476633353,8.699713273319093,7,7,-70.28571428571429,3.0,25.118864315095795,29.81866184234402,weak
FRITZ!Box 6690 OG | d4:24:dd:62:11:93,FRITZ!Box 6690 OG,d4:24:dd:62:11:93,48.890544882247866,8.698988294181824,7,7,-76.0,3.0,39.810717055349734,36.18661675935884,weak
PK-Wlan | c8:0e:14:20:3a:1d,PK-Wlan,c8:0e:14:20:3a:1d,48.88976904067427,8.697405909651687,7,7,-80.42857142857143,6.812920690579613,29.286445646252357,37.77607171538021,weak
Vodafone-933B | f0:4b:8a:7d:3f:de,Vodafone-933B,f0:4b:8a:7d:3f:de,48.89037609849636,8.698944095649614,7,7,-84.28571428571429,10.7977516232771,36.869450645195755,38.431993508592655,weak
Vodafone-8CB2 | dc:73:06:2d:8e:ad,Vodafone-8CB2,dc:73:06:2d:8e:ad,48.89043730081901,8.700247299627833,7,7,-74.42857142857143,3.0,42.986623470822764,43.860978517412825,weak
Vodafone-5413 | d4:3f:cb:81:66:09,Vodafone-5413,d4:3f:cb:81:66:09,48.89067911129361,8.701838410162585,7,7,-85.71428571428571,6.309573444801933,46.4158883361278,44.15275053559526,weak
Vodafone-D304 | ec:a8:1f:9d:d3:10,Vodafone-D304,ec:a8:1f:9d:d3:10,48.890146920930206,8.699444202103374,7,7,-80.0,7.3564225445964135,34.14548873833603,44.29905782006153,weak
iPhone von Kadir | 86:bb:25:ff:8b:e7,iPhone von Kadir,86:bb:25:ff:8b:e7,48.89129924521265,8.699644120403784,7,7,-34.857142857142854,3.0,3.0,44.852377279360475,weak
FRITZ!Box 6591 Cable UH | 2c:91:ab:87:90:8c,FRITZ!Box 6591 Cable UH,2c:91:ab:87:90:8c,48.889915098069096,8.698982016376611,7,7,-81.85714285714286,7.3564225445964135,39.810717055349734,45.19896742011783,weak
MagentaWLAN-8RCV | 04:09:86:5e:e5:6f,MagentaWLAN-8RCV,04:09:86:5e:e5:6f,48.89015458180239,8.699721068896599,7,7,-79.71428571428571,4.641588833612778,39.810717055349734,47.554125545949155,weak
WiFi4EU | 48:4a:e9:d9:2d:d0,WiFi4EU,48:4a:e9:d9:2d:d0,48.89141771250879,8.699878496988045,7,7,-73.71428571428571,3.0,36.869450645195755,48.9880027902574,weak
Rialto_Unifi | d8:b3:70:a2:c7:f7,Rialto_Unifi,d8:b3:70:a2:c7:f7,48.89066835543122,8.701229000141542,7,7,-79.28571428571429,3.4145488738336014,31.622776601683793,59.44277518410695,weak
Rialto_Unifi_Guest | de:b3:70:a2:c7:f7,Rialto_Unifi_Guest,de:b3:70:a2:c7:f7,48.89067862699519,8.701228868251723,7,7,-79.14285714285714,3.4145488738336014,31.622776601683793,59.527181946843804,weak
SBF-AiP-5G | 04:d4:c4:40:57:7c,SBF-AiP-5G,04:d4:c4:40:57:7c,48.891094412687266,8.701644591920276,6,6,-81.33333333333333,5.843414133735177,42.986623470822764,25.623910245487007,weak
Magenta | 78:18:ec:ad:3f:0a,Magenta,78:18:ec:ad:3f:0a,48.89146161468113,8.701168265894333,6,6,-78.33333333333333,3.686945064519575,46.4158883361278,25.884558763213942,weak
WOUTEX_WLAN_B642_5G | 5c:62:8b:4f:b6:41,WOUTEX_WLAN_B642_5G,5c:62:8b:4f:b6:41,48.89142733365095,8.700845372277477,6,6,-75.83333333333333,3.686945064519575,34.14548873833603,26.598410355085424,weak
Vodafone-57C4 | 00:cb:7a:4c:57:d0,Vodafone-57C4,00:cb:7a:4c:57:d0,48.89050464392722,8.700484409341035,6,7,-85.41666666666667,13.593563908785255,36.869450645195755,28.180584693206903,weak
Black&White by Nafiye | d4:24:dd:30:ba:a8,Black&White by Nafiye,d4:24:dd:30:ba:a8,48.8902033285161,8.69937621284029,6,6,-80.5,3.1622776601683795,34.14548873833603,29.496693464855717,weak
Black & White Gastzugang | d6:24:dd:30:ba:a8,Black & White Gastzugang,d6:24:dd:30:ba:a8,48.890203652762295,8.699398324512455,6,6,-81.16666666666667,3.4145488738336014,46.4158883361278,29.550497993932677,weak
MagentaWLAN-G8D1 | dc:92:72:ac:42:ef,MagentaWLAN-G8D1,dc:92:72:ac:42:ef,48.89104294303205,8.701426411947955,6,6,-82.5,8.576958985908941,29.286445646252357,29.6182695966871,weak
Modehaus-Jung | 4e:05:3e:c2:4d:06,Modehaus-Jung,4e:05:3e:c2:4d:06,48.89146741280587,8.700240873430708,6,6,-77.33333333333333,3.1622776601683795,27.12272579332028,30.693127535585063,weak
GoldenG8 | 50:e6:36:05:76:ea,GoldenG8,50:e6:36:05:76:ea,48.88976905867039,8.698113533157947,6,6,-86.33333333333333,10.7977516232771,39.810717055349734,31.233880655272642,weak
Vodafone-4972 | 50:a5:dc:d6:02:34,Vodafone-4972,50:a5:dc:d6:02:34,48.890235882805314,8.699943590157476,6,6,-80.83333333333333,4.641588833612778,29.286445646252357,33.41467453484282,weak
FRITZ!Box 6670 MB | 36:e1:a9:d1:e7:d0,FRITZ!Box 6670 MB,36:e1:a9:d1:e7:d0,48.89056833424065,8.70038761119045,6,6,-79.66666666666667,5.843414133735177,34.14548873833603,34.07703221391654,weak
MagentaWLAN-UZCV | 54:47:cc:95:af:2f,MagentaWLAN-UZCV,54:47:cc:95:af:2f,48.89022363861549,8.699784029492049,6,6,-82.5,6.309573444801933,39.810717055349734,36.95176015474502,weak
Balkan backery lejla | 34:e1:a9:56:50:06,Balkan backery lejla,34:e1:a9:56:50:06,48.89049080760237,8.70059296275772,6,6,-82.66666666666667,6.309573444801933,39.810717055349734,42.24408826910228,weak
WLAN-Handy | 22:6a:1b:7b:43:20,WLAN-Handy,22:6a:1b:7b:43:20,48.89042104839803,8.700594154865506,6,6,-83.83333333333333,9.261187281287935,42.986623470822764,43.77411136259528,weak
Vodafone-2A9B | a0:e7:ae:5c:04:ef,Vodafone-2A9B,a0:e7:ae:5c:04:ef,48.890555200598065,8.700320707835143,6,6,-73.66666666666667,3.0,21.544346900318832,43.80151767390797,weak
WLAN-Intern | 1c:6a:1b:7b:43:20,WLAN-Intern,1c:6a:1b:7b:43:20,48.890416170483284,8.700605599784007,6,6,-83.33333333333333,9.261187281287935,36.869450645195755,44.540409579807836,weak
KonRail | 04:b4:fe:05:9a:ef,KonRail,04:b4:fe:05:9a:ef,48.89019633258164,8.700375456845784,6,6,-81.66666666666667,5.843414133735177,36.869450645195755,48.28235855137787,weak
PF-WLAN | 48:4a:e9:d9:c4:d0,PF-WLAN,48:4a:e9:d9:c4:d0,48.8915001536968,8.700850774876391,6,6,-76.83333333333333,4.641588833612778,31.622776601683793,56.04970021564377,weak
WLAN-740459 | cc:d4:2e:45:dd:22,WLAN-740459,cc:d4:2e:45:dd:22,48.89014973692377,8.700218817097745,6,6,-86.5,13.593563908785255,34.14548873833603,63.271378298526116,weak
WLAN_E&F | 9c:05:d6:b3:a2:96,WLAN_E&F,9c:05:d6:b3:a2:96,48.89147523359942,8.700816925276122,5,5,-84.0,9.261187281287935,34.14548873833603,25.56986441199427,weak
WLAN_E&F_Gast | a2:05:d6:b3:a2:96,WLAN_E&F_Gast,a2:05:d6:b3:a2:96,48.891461176362796,8.700838519530015,5,5,-82.4,7.3564225445964135,31.622776601683793,26.658188962916192,weak
WiFi4EU | 48:4a:e9:d9:e1:d2,WiFi4EU,48:4a:e9:d9:e1:d2,48.89106609443509,8.699358156996539,5,5,-83.6,8.576958985908941,29.286445646252357,27.028000206613843,weak
Paedagogisches_Zentrum_privat | 3c:a6:2f:93:1e:6e,Paedagogisches_Zentrum_privat,3c:a6:2f:93:1e:6e,48.89047012158772,8.70066102675625,5,5,-87.2,15.848931924611133,36.869450645195755,27.509238917383033,weak
UPC831A8AB | 54:67:51:2c:9b:57,UPC831A8AB,54:67:51:2c:9b:57,48.88974930263117,8.698050795056059,5,5,-75.4,4.298662347082277,31.622776601683793,27.655954004802837,weak
Praxis Neuffer | d4:24:dd:0c:71:2c,Praxis Neuffer,d4:24:dd:0c:71:2c,48.890927162962065,8.699891699610857,5,5,-89.2,18.478497974222908,42.986623470822764,29.037658967983464,weak
Paedagogisches_Zentrum | 3e:a6:2f:93:1e:6e,Paedagogisches_Zentrum,3e:a6:2f:93:1e:6e,48.89046222447925,8.700738788663685,5,5,-88.0,17.11328304161781,39.810717055349734,30.43150951709862,weak
Vodafone-1EE1 | 0c:7f:b2:aa:b7:6a,Vodafone-1EE1,0c:7f:b2:aa:b7:6a,48.8902213159308,8.699847120852905,5,5,-80.4,4.641588833612778,39.810717055349734,30.6475622921797,weak
Vodafone-626D | a0:e7:ae:96:0a:fb,Vodafone-626D,a0:e7:ae:96:0a:fb,48.88916822594505,8.698089967630544,5,5,-84.4,12.589254117941675,31.622776601683793,31.08148133811284,weak
WiFi4EU | 48:4a:e9:d8:b6:52,WiFi4EU,48:4a:e9:d8:b6:52,48.89121189374022,8.701330801886963,5,5,-82.0,6.812920690579613,42.986623470822764,31.21571162813095,weak
TK-Internet | f8:b7:e2:ce:fe:01,TK-Internet,f8:b7:e2:ce:fe:01,48.890940348687764,8.701550019207673,5,5,-77.4,5.843414133735177,23.263050671536263,31.45926022795709,weak
FRITZ!Box 6690 QC | 04:b4:fe:29:e6:ba,FRITZ!Box 6690 QC,04:b4:fe:29:e6:ba,48.890686624410755,8.700396526176455,5,5,-79.0,6.309573444801933,46.4158883361278,31.467383757976435,weak
starmobile | cc:58:30:18:d3:ff,starmobile,cc:58:30:18:d3:ff,48.89020019043961,8.69872438132584,5,5,-76.4,3.0,42.986623470822764,31.821492158204396,weak
MagentaWLAN-WD6U | 18:58:80:a2:1b:4f,MagentaWLAN-WD6U,18:58:80:a2:1b:4f,48.89041046529907,8.70136093418069,5,5,-87.2,17.11328304161781,42.986623470822764,32.18962430948951,weak
WiFi4EU | 48:4a:e9:d9:c4:d2,WiFi4EU,48:4a:e9:d9:c4:d2,48.89143076642715,8.700457594917804,5,5,-75.0,3.4145488738336014,31.622776601683793,33.118576057376146,weak
FRITZ!Box 6690 OG | 5c:49:79:12:fd:fb,FRITZ!Box 6690 OG,5c:49:79:12:fd:fb,48.89076843303022,8.699007903442954,5,5,-82.0,5.843414133735177,46.4158883361278,33.1921741737818,weak
Vodafone-49E6 | d4:3f:cb:8c:27:22,Vodafone-49E6,d4:3f:cb:8c:27:22,48.89023991194333,8.699721353407721,5,5,-86.8,10.7977516232771,39.810717055349734,33.233291988442154,weak
Vodafone-EBC3 | 9c:c8:fc:4e:96:a8,Vodafone-EBC3,9c:c8:fc:4e:96:a8,48.890194494254054,8.69950411801085,5,5,-83.6,11.659144011798316,31.622776601683793,33.36355169879227,weak
devolo-593 | b8:be:f4:9a:47:f9,devolo-593,b8:be:f4:9a:47:f9,48.890179875022184,8.699888894653784,5,5,-87.4,15.848931924611133,39.810717055349734,36.732645823082336,weak
Vodafone-30FA | 48:4e:fc:9e:a4:5b,Vodafone-30FA,48:4e:fc:9e:a4:5b,48.89147462892291,8.700631319274766,5,5,-83.6,5.843414133735177,46.4158883361278,38.22999498307749,weak
DIRECT-EB-HP DeskJet 2700 series | e4:11:5b:06:1a:ec,DIRECT-EB-HP DeskJet 2700 series,e4:11:5b:06:1a:ec,48.8905701762698,8.700290000124571,5,5,-76.4,5.843414133735177,23.263050671536263,38.40349014082709,weak
WLAN-Handy | 22:6a:1b:7b:b5:8d,WLAN-Handy,22:6a:1b:7b:b5:8d,48.89063288108649,8.700457732361619,5,5,-86.2,10.0,42.986623470822764,38.437301175582235,weak
VDK Gast | 7c:ff:4d:1d:a4:85,VDK Gast,7c:ff:4d:1d:a4:85,48.889655471057786,8.69686762187614,5,5,-79.2,9.261187281287935,18.478497974222908,40.37291463272438,weak
Vodafone-2EE4 | 1c:9e:cc:3f:2e:f0,Vodafone-2EE4,1c:9e:cc:3f:2e:f0,48.88977296157622,8.697227309627465,5,5,-79.4,5.411695265464636,27.12272579332028,40.525218784585434,weak
PF-WLAN | 48:4a:e9:d8:b6:50,PF-WLAN,48:4a:e9:d8:b6:50,48.89124635024177,8.701463098922146,5,5,-82.2,5.011872336272722,39.810717055349734,40.904398968782324,weak
Ciao Ciao intern | 36:70:4e:c3:53:f1,Ciao Ciao intern,36:70:4e:c3:53:f1,48.8897257197377,8.698383963238705,5,5,-80.2,4.641588833612778,39.810717055349734,41.27311332796764,weak
Ciao Ciao Gast | 28:70:4e:c3:53:f1,Ciao Ciao Gast,28:70:4e:c3:53:f1,48.88972577532268,8.698380363877822,5,5,-80.6,4.641588833612778,39.810717055349734,41.4335540950558,weak
Cassetta-Gastzugang | 58:2f:f7:9d:1c:11,Cassetta-Gastzugang,58:2f:f7:9d:1c:11,48.88963267569144,8.696819218273347,5,5,-83.6,8.576958985908941,39.810717055349734,47.03722501819206,weak
FRITZ!Box 7530 BR_Ext | a8:42:a1:2b:9e:c3,FRITZ!Box 7530 BR_Ext,a8:42:a1:2b:9e:c3,48.89024135432952,8.700090103700864,5,5,-71.4,3.0,14.677992676220699,50.06872357720999,weak
UPC1F12F74 | 90:5c:44:84:b0:ab,UPC1F12F74,90:5c:44:84:b0:ab,48.889597107888385,8.696638446542995,5,5,-87.0,19.952623149688797,34.14548873833603,60.843383281997184,weak
Speedport Gastzugang | cc:d4:2e:45:dd:23,Speedport Gastzugang,cc:d4:2e:45:dd:23,48.8901615493517,8.699901086836627,5,5,-86.4,13.593563908785255,39.810717055349734,61.87489363112866,weak
FRITZ!Repeater 1700 TG | 0e:c5:74:7e:20:31,FRITZ!Repeater 1700 TG,0e:c5:74:7e:20:31,48.88991291655881,8.698774892928657,4,4,-83.75,10.7977516232771,36.869450645195755,26.553590611394508,weak
JUNG Modehaus | d6:1a:d1:15:fd:62,JUNG Modehaus,d6:1a:d1:15:fd:62,48.89142252229131,8.700290721043551,4,4,-67.25,3.0,23.263050671536263,26.58717180809212,weak
SIRTAKI-CAFE | 38:d5:47:c0:18:dc,SIRTAKI-CAFE,38:d5:47:c0:18:dc,48.89027153548994,8.701420303473574,4,4,-81.5,7.3564225445964135,36.869450645195755,27.217021584164414,weak
rektebG | 7a:9a:18:34:f9:c7,rektebG,7a:9a:18:34:f9:c7,48.88975276788666,8.697539129386874,4,4,-84.25,14.677992676220699,27.12272579332028,27.891706361161564,weak
FRITZ!Box 4040 LR | 2c:3a:fd:22:ec:43,FRITZ!Box 4040 LR,2c:3a:fd:22:ec:43,48.89072177827516,8.698924932243726,4,4,-81.5,9.261187281287935,29.286445646252357,28.611149427875,weak
Vodafone-9DC4 | 3c:82:c0:77:9d:d0,Vodafone-9DC4,3c:82:c0:77:9d:d0,48.889957037461336,8.698534616051555,4,4,-85.5,8.576958985908941,34.14548873833603,28.739295753946802,weak
iPhone von Kadir | 9a:9f:5e:a2:ff:e1,iPhone von Kadir,9a:9f:5e:a2:ff:e1,48.89136526845179,8.701207122940021,4,4,-52.0,3.0,7.943282347242816,31.680893699907152,weak
Praxis Neuffer Gast | d6:24:dd:0c:71:2b,Praxis Neuffer Gast,d6:24:dd:0c:71:2b,48.89096841395629,8.699924797563346,4,4,-80.5,10.0,23.263050671536263,32.336337800813865,weak
Vodafone Hotspot | d6:3f:cb:81:66:18,Vodafone Hotspot,d6:3f:cb:81:66:18,48.89027484702843,8.701568371924688,4,4,-75.25,5.411695265464636,27.12272579332028,32.75909789201394,weak
rekteb | 78:9a:18:34:f9:87,rekteb,78:9a:18:34:f9:87,48.889759463915006,8.697559879237,4,4,-80.75,13.593563908785255,21.544346900318832,34.01576859829698,weak
ZadranHome | 8c:6a:8d:a0:ad:08,ZadranHome,8c:6a:8d:a0:ad:08,48.89027441812969,8.69872053395783,4,4,-78.25,6.309573444801933,31.622776601683793,34.59526775459997,weak
Balkan backery lejla_EXT | 78:8c:b5:d3:57:97,Balkan backery lejla_EXT,78:8c:b5:d3:57:97,48.89023891448589,8.700124824680271,4,4,-81.0,6.309573444801933,36.869450645195755,34.79184974355625,weak
SMART-5922 | ee:3e:b3:d0:2f:98,SMART-5922,ee:3e:b3:d0:2f:98,48.890187694860536,8.699962931607834,4,4,-81.25,8.576958985908941,29.286445646252357,35.743824863401954,weak
WLAN-Intern | 1c:6a:1b:7b:b5:8d,WLAN-Intern,1c:6a:1b:7b:b5:8d,48.89070603726092,8.700567163612277,4,4,-87.0,10.0,42.986623470822764,39.118528296071595,weak
FRITZ!Box 7490 | cc:ce:1e:3f:73:b1,FRITZ!Box 7490,cc:ce:1e:3f:73:b1,48.891406106810074,8.701322432402309,4,4,-70.0,4.641588833612778,10.0,40.59352896695343,weak
Haarstudio11 | 1c:b0:44:ed:49:88,Haarstudio11,1c:b0:44:ed:49:88,48.89053320606737,8.700332843396417,4,4,-72.75,4.298662347082277,17.11328304161781,44.72352216940943,weak
Redmi 10C | ee:45:53:71:b2:c4,Redmi 10C,ee:45:53:71:b2:c4,48.89017641106674,8.700067813064434,4,4,-78.5,8.576958985908941,21.544346900318832,46.94150785430957,weak
TheWayOut | c8:0e:14:6c:a4:26,TheWayOut,c8:0e:14:6c:a4:26,48.89084265141105,8.701043153483385,4,4,-69.0,5.411695265464636,7.943282347242816,47.24873559600734,weak
NetConnect-11824-5-36 | a0:cc:2b:58:ac:70,NetConnect-11824-5-36,a0:cc:2b:58:ac:70,48.890799587397915,8.699814661465872,4,4,-76.5,7.3564225445964135,14.677992676220699,50.91166742389157,weak
WLAN-109335 | 0c:8e:29:1e:f9:7c,WLAN-109335,0c:8e:29:1e:f9:7c,48.89019443045307,8.700361406061763,4,4,-86.25,14.677992676220699,36.869450645195755,68.96026942905445,weak
iPhone | 26:68:ca:25:a8:16,iPhone,26:68:ca:25:a8:16,48.890535767376896,8.700936118197191,4,4,-87.25,17.11328304161781,36.869450645195755,80.89083465666631,weak
iPhone von Kadir | 0a:7b:83:23:f3:b7,iPhone von Kadir,0a:7b:83:23:f3:b7,48.89032421110263,8.698538159423695,4,4,-41.75,3.0,3.0,84.75318768246768,weak
THG-LEHRER | 06:a0:57:59:f5:95,THG-LEHRER,06:a0:57:59:f5:95,48.89002814159983,8.698109849901712,4,4,-90.25,23.263050671536263,39.810717055349734,106.77587850162722,weak
THG-Schueler | 12:a0:57:59:f5:95,THG-Schueler,12:a0:57:59:f5:95,48.89003205911409,8.698116834919865,4,4,-89.25,23.263050671536263,34.14548873833603,109.4479133474134,weak
THG-LEHRERNETZ | 0e:a0:57:5a:0f:ed,THG-LEHRERNETZ,0e:a0:57:5a:0f:ed,48.89001574403597,8.69808131407548,4,4,-89.5,18.478497974222908,42.986623470822764,117.34012094812384,weak
Goldstern | d6:24:dd:b2:6a:7a,Goldstern,d6:24:dd:b2:6a:7a,48.89154629391616,8.701525335684506,3,3,-88.0,18.478497974222908,39.810717055349734,0.16372330097506757,weak
SBF-AiP2 | 04:d4:c4:40:57:78,SBF-AiP2,04:d4:c4:40:57:78,48.89108250780575,8.701889918298011,3,3,-77.0,6.309573444801933,21.544346900318832,0.24303745011222377,weak
THA-MDE-DE | 08:45:d1:d9:b3:eb,THA-MDE-DE,08:45:d1:d9:b3:eb,48.891506969485455,8.699816377135273,3,3,-82.66666666666667,10.7977516232771,34.14548873833603,0.2664328905527542,weak
MagentaWLAN-GYPZ | 54:b7:bd:be:1b:9f,MagentaWLAN-GYPZ,54:b7:bd:be:1b:9f,48.89006308437633,8.698912123297115,3,3,-86.0,19.952623149688797,31.622776601683793,0.2678819339286489,weak
Katz-Kunde-Marktcafe | 74:0a:e1:7f:ad:04,Katz-Kunde-Marktcafe,74:0a:e1:7f:ad:04,48.89084124984407,8.701462629017502,3,3,-58.0,3.0,6.309573444801933,0.2729334915400307,weak
T.A_Systemgastro | 44:48:c1:f0:10:f0,T.A_Systemgastro,44:48:c1:f0:10:f0,48.88945021960608,8.698358736192922,3,3,-83.33333333333333,13.593563908785255,25.118864315095795,0.30747328731014517,weak
o2-WLAN38 | 94:91:7f:f9:0a:a6,o2-WLAN38,94:91:7f:f9:0a:a6,48.89136308612619,8.700906394104374,3,3,-75.66666666666667,6.812920690579613,15.848931924611133,0.32951580849164863,weak
WWSFiori | 2c:1a:05:c2:81:ed,WWSFiori,2c:1a:05:c2:81:ed,48.891399698900116,8.701829072725518,3,3,-87.0,14.677992676220699,39.810717055349734,0.3656710339801689,weak
[LG_Wall-Mount A/C]9838 | a6:36:c7:81:98:38,[LG_Wall-Mount A/C]9838,a6:36:c7:81:98:38,48.889499626387746,8.698024936396013,3,3,-70.0,3.0,13.593563908785255,0.3681186257349441,weak
hsweb | f8:c6:50:3f:49:8c,hsweb,f8:c6:50:3f:49:8c,48.87869193901579,8.715740232204357,3,3,-82.0,11.659144011798316,25.118864315095795,0.38494314882945185,weak
Dr.Schulz | 76:42:7f:17:10:9d,Dr.Schulz,76:42:7f:17:10:9d,48.88943276847149,8.698524218919076,3,3,-88.66666666666667,21.544346900318832,34.14548873833603,0.4081123901303326,weak
PF-NET | 48:8b:0a:93:65:61,PF-NET,48:8b:0a:93:65:61,48.8909877237925,8.702285265311202,3,3,-87.33333333333333,15.848931924611133,39.810717055349734,0.4412920688602965,weak
PF-NET-GAST | 48:8b:0a:93:65:6f,PF-NET-GAST,48:8b:0a:93:65:6f,48.8909877237925,8.702285265311202,3,3,-87.33333333333333,15.848931924611133,39.810717055349734,0.4412920688602965,weak
PF-NET-PLUS | 48:8b:0a:93:65:62,PF-NET-PLUS,48:8b:0a:93:65:62,48.8909877237925,8.702285265311202,3,3,-87.33333333333333,15.848931924611133,39.810717055349734,0.4412920688602965,weak
202v202o202i202p-PSK | e4:dc:cc:a1:3c:d9,202v202o202i202p-PSK,e4:dc:cc:a1:3c:d9,48.88922954030143,8.698002000092233,3,3,-87.66666666666667,23.263050671536263,34.14548873833603,0.44832586709654854,weak
hsgast | f8:c6:50:3e:c4:cb,hsgast,f8:c6:50:3e:c4:cb,48.87862830274308,8.715364607358962,3,3,-87.66666666666667,17.11328304161781,39.810717055349734,0.46406989524264164,weak
PC-Filiale | 3e:a6:2f:05:00:8e,PC-Filiale,3e:a6:2f:05:00:8e,48.8908406390171,8.701468587336985,3,3,-58.666666666666664,3.0,6.812920690579613,0.46884436277146235,weak
FRITZ!Box 7690 CW | b0:f2:08:7f:24:fa,FRITZ!Box 7690 CW,b0:f2:08:7f:24:fa,48.890591242091865,8.700533861968815,3,3,-83.33333333333333,10.0,39.810717055349734,0.5075274755986192,weak
Telekom_SIM | 34:b8:83:5d:0b:6c,Telekom_SIM,34:b8:83:5d:0b:6c,48.89162230724569,8.701776564626567,3,3,-82.0,8.576958985908941,34.14548873833603,0.5415320725577659,weak
Pro-Duo_stores | 24:de:c6:72:69:32,Pro-Duo_stores,24:de:c6:72:69:32,48.89014708744811,8.698391943331758,3,3,-87.66666666666667,21.544346900318832,36.869450645195755,0.6432010707050334,weak
Galaxy S20 FE82EA | 3a:99:d1:7b:55:10,Galaxy S20 FE82EA,3a:99:d1:7b:55:10,48.8910965042247,8.699205451076075,3,3,-66.33333333333333,3.0,9.261187281287935,0.6474689780952966,weak
WiFi4EU | 48:4a:e9:d9:2d:c0,WiFi4EU,48:4a:e9:d9:2d:c0,48.89150874509518,8.699407802478614,3,3,-63.333333333333336,3.0,6.309573444801933,0.6621417589262594,weak
CG Gastzugang | 0e:72:74:3d:8a:32,CG Gastzugang,0e:72:74:3d:8a:32,48.89152905693756,8.701322454675168,3,3,-83.66666666666667,11.659144011798316,36.869450645195755,0.7372172002011721,weak
FB-OC-PH | 74:42:7f:ab:10:7b,FB-OC-PH,74:42:7f:ab:10:7b,48.890776833040775,8.698899625383273,3,3,-71.66666666666667,3.4145488738336014,18.478497974222908,0.7376381242097751,weak
WLAN-853398 | cc:00:f1:e8:e8:df,WLAN-853398,cc:00:f1:e8:e8:df,48.890898244455656,8.698902129204221,3,3,-82.33333333333333,9.261187281287935,31.622776601683793,0.7392807410740179,weak
FRITZ!Box 7590 BP | 04:b4:fe:15:b1:19,FRITZ!Box 7590 BP,04:b4:fe:15:b1:19,48.891182151900026,8.701781554138368,3,3,-87.66666666666667,17.11328304161781,39.810717055349734,0.7412186849401176,weak
FRITZ!Box 7590 LD | 0c:72:74:3d:8a:32,FRITZ!Box 7590 LD,0c:72:74:3d:8a:32,48.891354195225006,8.701476390748898,3,3,-82.33333333333333,11.659144011798316,27.12272579332028,0.7582381825149899,weak
FRITZ!Repeater 2400 | e0:08:55:32:ac:b8,FRITZ!Repeater 2400,e0:08:55:32:ac:b8,48.89111090513068,8.69932165275233,3,3,-83.66666666666667,9.261187281287935,36.869450645195755,0.7626088902525818,weak
BEHELSA | 7c:ff:4d:1d:73:d1,BEHELSA,7c:ff:4d:1d:73:d1,48.891596894939056,8.699664274778472,3,3,-78.0,7.3564225445964135,23.263050671536263,0.7715726243634402,weak
MagentaWLAN-HQ5Y | 04:70:56:83:60:2f,MagentaWLAN-HQ5Y,04:70:56:83:60:2f,48.889789198851695,8.69723912199073,3,3,-90.33333333333333,25.118864315095795,39.810717055349734,0.8047146748713119,weak
AGP Gaeste | 8e:5a:1c:33:f0:13,AGP Gaeste,8e:5a:1c:33:f0:13,48.891594694777794,8.69950397947069,3,3,-83.0,11.659144011798316,29.286445646252357,0.8158785677280762,weak
Telekom_SIM | 2c:1a:05:c2:81:ec,Telekom_SIM,2c:1a:05:c2:81:ec,48.89133917329193,8.701750742743195,3,3,-86.0,14.677992676220699,36.869450645195755,0.837919530681001,weak
SMART-6352 | 82:ea:0b:e3:5b:f8,SMART-6352,82:ea:0b:e3:5b:f8,48.89152851593227,8.70148996021956,3,3,-81.33333333333333,10.7977516232771,25.118864315095795,0.8722754414917991,weak
Telekom | 2c:1a:05:c2:81:ef,Telekom,2c:1a:05:c2:81:ef,48.89158457187156,8.701667108053183,3,3,-81.0,10.0,27.12272579332028,0.8898829699143284,weak
FritzboxPFZ9 | dc:15:c8:30:59:6b,FritzboxPFZ9,dc:15:c8:30:59:6b,48.89008718458711,8.698744214118806,3,3,-64.66666666666667,3.0,11.659144011798316,0.9664197307862235,weak
FRITZ!Box 7530 SI | 34:e1:a9:49:64:c7,FRITZ!Box 7530 SI,34:e1:a9:49:64:c7,48.891088897728665,8.698983261214474,3,3,-80.66666666666667,10.0,23.263050671536263,0.9768206214074946,weak
PF-EVENT | 48:8b:0a:93:65:60,PF-EVENT,48:8b:0a:93:65:60,48.89093519342928,8.701895752606992,3,3,-87.66666666666667,15.848931924611133,42.986623470822764,1.0097938642114148,weak
MagentaWLAN-Service1 | 8c:19:b5:2a:eb:af,MagentaWLAN-Service1,8c:19:b5:2a:eb:af,48.89156278601629,8.70170731804182,3,3,-81.0,7.943282347242816,31.622776601683793,1.1200049448381437,weak
Gast Hotel am Theater | e2:28:6d:4e:af:b4,Gast Hotel am Theater,e2:28:6d:4e:af:b4,48.890251866144375,8.700901165692168,3,3,-63.333333333333336,3.0,12.589254117941675,1.14023235906045,weak
wlanztn | 2c:1a:05:c2:db:ae,wlanztn,2c:1a:05:c2:db:ae,48.89158233693348,8.701573815455857,3,3,-85.66666666666667,14.677992676220699,34.14548873833603,1.1697465778113691,weak
Redmi Note 11 | b6:58:d2:e2:54:4c,Redmi Note 11,b6:58:d2:e2:54:4c,48.89105899415541,8.69904741812396,3,3,-77.66666666666667,6.309573444801933,29.286445646252357,1.1773456489088536,weak
Telekom | 34:b8:83:5d:0b:6f,Telekom,34:b8:83:5d:0b:6f,48.89161201112472,8.701758164496606,3,3,-82.0,9.261187281287935,31.622776601683793,1.3424009557789938,weak
wlanztn | 2c:1a:05:c2:81:ee,wlanztn,2c:1a:05:c2:81:ee,48.89135506486159,8.701770350381949,3,3,-86.0,14.677992676220699,36.869450645195755,1.3438905004445862,weak
Maria&karim | 40:2b:50:f5:3a:b4,Maria&karim,40:2b:50:f5:3a:b4,48.88928303340656,8.69846771613093,3,3,-88.0,14.677992676220699,42.986623470822764,1.3735998643084217,weak
FRITZ!Box 7530 YG | 3c:a6:2f:39:a8:3c,FRITZ!Box 7530 YG,3c:a6:2f:39:a8:3c,48.89032981657861,8.701377208640789,3,3,-83.66666666666667,11.659144011798316,31.622776601683793,1.3835957519943023,weak
TGUNET-5Ghz | 50:e6:36:89:ee:01,TGUNET-5Ghz,50:e6:36:89:ee:01,48.889425174213585,8.69851932958489,3,3,-88.66666666666667,19.952623149688797,36.869450645195755,1.418818934199321,weak
Vodafone-297C | d4:3f:cb:84:c5:eb,Vodafone-297C,d4:3f:cb:84:c5:eb,48.89016060378614,8.700401383889337,3,3,-78.0,7.3564225445964135,21.544346900318832,1.4432198211830645,weak
FRITZ!Box 7590 AA | 2c:3a:fd:8d:9f:8e,FRITZ!Box 7590 AA,2c:3a:fd:8d:9f:8e,48.89131291668297,8.700120315601277,3,3,-86.0,15.848931924611133,34.14548873833603,1.802650077647324,weak
AGP Intern | 7c:5a:1c:33:f0:13,AGP Intern,7c:5a:1c:33:f0:13,48.891458462011464,8.699582073504661,3,3,-81.33333333333333,10.0,25.118864315095795,1.8174072042096951,weak
cloverius | dc:39:6f:b3:bd:22,cloverius,dc:39:6f:b3:bd:22,48.89088255295411,8.698893428115703,3,3,-79.66666666666667,7.943282347242816,27.12272579332028,1.8392407224353546,weak
Hassan abi | d2:99:91:92:dd:b0,Hassan abi,d2:99:91:92:dd:b0,48.891348776157635,8.700889067817318,3,3,-68.33333333333333,3.9810717055349722,9.261187281287935,1.8625571381824897,weak
dm CONNECT | f6:55:b8:b2:7d:90,dm CONNECT,f6:55:b8:b2:7d:90,48.89111466880863,8.69914710588998,3,3,-62.333333333333336,3.0,11.659144011798316,1.8638067717461422,weak
hsweb | f8:c6:50:3f:6a:6c,hsweb,f8:c6:50:3f:6a:6c,48.87893727423162,8.715496646300943,3,3,-84.33333333333333,10.0,36.869450645195755,1.9787682925729801,weak
Vodafone-5283 | 70:54:25:6f:b4:9d,Vodafone-5283,70:54:25:6f:b4:9d,48.8902542749012,8.69998311492632,3,3,-71.33333333333333,4.641588833612778,12.589254117941675,1.9931500452890005,weak
Vodafone-705F | ec:a9:40:6b:88:a2,Vodafone-705F,ec:a9:40:6b:88:a2,48.89012397696541,8.701627269126671,3,3,-87.0,14.677992676220699,39.810717055349734,2.023850346060204,weak
APR1 | 00:0f:a3:1a:da:b2,APR1,00:0f:a3:1a:da:b2,48.89079453527261,8.70221426258754,3,3,-81.66666666666667,8.576958985908941,39.810717055349734,2.0356090960701003,weak
HKM-Shop | 22:6a:1b:2c:dc:29,HKM-Shop,22:6a:1b:2c:dc:29,48.89145073076303,8.700103910294715,3,3,-81.66666666666667,7.943282347242816,31.622776601683793,2.0502644759290534,weak
TP-Link_BD26 | 5c:e9:31:58:bd:26,TP-Link_BD26,5c:e9:31:58:bd:26,48.89104717789374,8.699155802726345,3,3,-65.33333333333333,3.0,8.576958985908941,2.1179325283960138,weak
Vodafone-3ACC | 8c:6a:8d:8e:3a:d0,Vodafone-3ACC,8c:6a:8d:8e:3a:d0,48.89014680296925,8.699155171355331,3,3,-74.0,5.411695265464636,18.478497974222908,2.2170282360026405,weak
FRITZ!Box 6660 Cable WH | 04:b4:fe:2b:05:fa,FRITZ!Box 6660 Cable WH,04:b4:fe:2b:05:fa,48.889508171118464,8.698555550973452,3,3,-91.0,27.12272579332028,39.810717055349734,2.265664853092554,weak
FRITZ!Box Fon WLAN 7390 | c0:25:06:36:c8:61,FRITZ!Box Fon WLAN 7390,c0:25:06:36:c8:61,48.89127060438895,8.699287943768535,3,3,-84.33333333333333,13.593563908785255,31.622776601683793,2.3012462851864965,weak
FRITZ!Box 7690 CW | 3c:37:12:fa:66:8c,FRITZ!Box 7690 CW,3c:37:12:fa:66:8c,48.89067125984427,8.700629109633008,3,3,-83.0,11.659144011798316,31.622776601683793,2.308106753554467,weak
FRITZ!Box 7530 KC | 04:b4:fe:27:5e:77,FRITZ!Box 7530 KC,04:b4:fe:27:5e:77,48.89112117637952,8.699357193621934,3,3,-83.66666666666667,12.589254117941675,31.622776601683793,2.313480021315261,weak
Platzhirsch GAST | ea:38:83:56:e3:27,Platzhirsch GAST,ea:38:83:56:e3:27,48.88965861238969,8.698546994272133,3,3,-88.66666666666667,25.118864315095795,36.869450645195755,2.378447034574228,weak
PF-NET-GAST | 1c:d1:e0:14:f0:cc,PF-NET-GAST,1c:d1:e0:14:f0:cc,48.890763478856925,8.701548502706267,3,3,-84.66666666666667,10.0,36.869450645195755,2.4397817755964204,weak
NVR083a2f4bde3c | 08:3a:2f:4b:de:3c,NVR083a2f4bde3c,08:3a:2f:4b:de:3c,48.89144595014185,8.701532308089753,3,3,-75.66666666666667,5.411695265464636,18.478497974222908,2.442010806229799,weak
WWSFiori | 2c:1a:05:c2:db:ad,WWSFiori,2c:1a:05:c2:db:ad,48.89155829510273,8.701523259643029,3,3,-86.0,14.677992676220699,36.869450645195755,2.5312620906882555,weak
PraBey | d8:07:b6:0b:40:eb,PraBey,d8:07:b6:0b:40:eb,48.891526230444775,8.700763663639773,3,3,-86.66666666666667,15.848931924611133,36.869450645195755,2.6167706877817656,weak
FRITZ!Box Gastzugang | 4a:5d:35:4b:b3:32,FRITZ!Box Gastzugang,4a:5d:35:4b:b3:32,48.89013492310219,8.701124646379744,3,3,-83.66666666666667,12.589254117941675,31.622776601683793,2.6489475398592575,weak
Vodafone-BA34 | 8c:6a:8d:97:ba:40,Vodafone-BA34,8c:6a:8d:97:ba:40,48.89023371832945,8.699431941114998,3,3,-87.33333333333333,17.11328304161781,39.810717055349734,2.720822216757366,weak
Ofis_EXT | 78:20:51:3b:50:14,Ofis_EXT,78:20:51:3b:50:14,48.891012295072656,8.699142521181463,3,3,-68.33333333333333,3.0,11.659144011798316,2.7665254564258204,weak
PF-NET-PLUS | 1c:d1:e0:18:99:ea,PF-NET-PLUS,1c:d1:e0:18:99:ea,48.891448776981306,8.702010193263396,3,3,-86.66666666666667,13.593563908785255,39.810717055349734,2.7942431723276435,weak
HaugWeiser-INT | ae:8b:a9:50:a3:eb,HaugWeiser-INT,ae:8b:a9:50:a3:eb,48.891513707447004,8.700181855329554,3,3,-83.33333333333333,10.7977516232771,36.869450645195755,2.8371346280104044,weak
FRITZ!Box 6690 CG | 04:b4:fe:7c:16:24,FRITZ!Box 6690 CG,04:b4:fe:7c:16:24,48.8915366946893,8.701168430248387,3,3,-88.0,17.11328304161781,42.986623470822764,2.844100633090336,weak
FRITZ!Box 6690 XF | e0:08:55:e7:f3:6b,FRITZ!Box 6690 XF,e0:08:55:e7:f3:6b,48.89038401901641,8.69900018736112,3,3,-83.66666666666667,10.7977516232771,36.869450645195755,2.8512212039487803,weak
WLAN-AE75N4 | cc:a2:23:b4:33:b3,WLAN-AE75N4,cc:a2:23:b4:33:b3,48.88943237339217,8.697456525465665,3,3,-85.66666666666667,19.952623149688797,29.286445646252357,2.9043054001726243,weak
FRITZ!Box Gastzugang | 4a:5d:35:19:57:c9,FRITZ!Box Gastzugang,4a:5d:35:19:57:c9,48.891274528157,8.699409912568465,3,3,-84.66666666666667,11.659144011798316,34.14548873833603,2.9117325390911666,weak
Vodafone-B244 | 80:da:c2:6b:b2:48,Vodafone-B244,80:da:c2:6b:b2:48,48.89095334661893,8.699857836318877,3,3,-75.33333333333333,4.641588833612778,18.478497974222908,2.9315745268676565,weak
AGP Media | 82:5a:1c:33:f0:13,AGP Media,82:5a:1c:33:f0:13,48.891433693152116,8.699610526055867,3,3,-82.66666666666667,11.659144011798316,27.12272579332028,2.9652642176928254,weak
StadtApo | 94:18:65:4e:39:d7,StadtApo,94:18:65:4e:39:d7,48.89148281374183,8.699976775780259,3,3,-81.0,4.298662347082277,39.810717055349734,2.9876750564850187,weak
nao | f8:c6:50:3f:6a:6d,nao,f8:c6:50:3f:6a:6d,48.878945962080834,8.715475217081675,3,3,-84.33333333333333,9.261187281287935,36.869450645195755,3.035496347061343,weak
Demo-WLAN | e4:55:a8:04:eb:b2,Demo-WLAN,e4:55:a8:04:eb:b2,48.8913997646258,8.701368535660048,3,3,-62.0,3.0,8.576958985908941,3.0590817548585494,weak
BiberSmile | 96:30:66:60:b5:7e,BiberSmile,96:30:66:60:b5:7e,48.890861351876055,8.702240163892363,3,3,-85.33333333333333,12.589254117941675,39.810717055349734,3.0948013684381515,weak
DIRECT-BMW 64790 | 3a:f9:f5:99:81:11,DIRECT-BMW 64790,3a:f9:f5:99:81:11,48.890201633571365,8.699742714223111,3,3,-83.66666666666667,11.659144011798316,36.869450645195755,3.2638206155187746,weak
Podologie | 34:31:c4:7c:3d:25,Podologie,34:31:c4:7c:3d:25,48.89098103849854,8.699164162820466,3,3,-79.0,9.261187281287935,19.952623149688797,3.29636227123772,weak
Demo-WLAN | e6:55:b8:04:eb:b2,Demo-WLAN,e6:55:b8:04:eb:b2,48.89138693952063,8.701373083515458,3,3,-61.333333333333336,3.0,9.261187281287935,3.3245417583538117,weak
Podologie Gast | 36:31:c4:7c:3d:25,Podologie Gast,36:31:c4:7c:3d:25,48.89097183803331,8.699130744297515,3,3,-81.66666666666667,10.7977516232771,27.12272579332028,3.340447694341161,weak
Gast Hotel am Theater | e2:28:6d:4e:af:b5,Gast Hotel am Theater,e2:28:6d:4e:af:b5,48.89022216180703,8.700921943371007,3,3,-79.33333333333333,3.4145488738336014,39.810717055349734,3.340638425954823,weak
Muessle-Event | cc:ce:1e:25:49:52,Muessle-Event,cc:ce:1e:25:49:52,48.89082059723307,8.702300971474113,3,3,-87.33333333333333,14.677992676220699,42.986623470822764,3.378883480569336,weak
FRITZ!Box 7590 ZX | 98:9b:cb:53:6e:a2,FRITZ!Box 7590 ZX,98:9b:cb:53:6e:a2,48.89090058738093,8.699372391237528,3,3,-82.0,10.7977516232771,29.286445646252357,3.417917509094093,weak
Liebelei 2.0 | 4c:1b:86:4c:24:e6,Liebelei 2.0,4c:1b:86:4c:24:e6,48.88968881581129,8.697855039720617,3,3,-88.66666666666667,21.544346900318832,39.810717055349734,3.553569787783728,weak
FRITZ!Box 7530 AB | 3c:a6:2f:67:7d:b6,FRITZ!Box 7530 AB,3c:a6:2f:67:7d:b6,48.89010312714602,8.699081926779913,3,3,-86.33333333333333,17.11328304161781,34.14548873833603,3.593495531023813,weak
HotspotATPQ | c8:84:4e:29:ce:d8,HotspotATPQ,c8:84:4e:29:ce:d8,48.890278009054576,8.700458533205017,3,3,-78.66666666666667,7.943282347242816,23.263050671536263,3.697248983402924,weak
OS-Internet | 7c:5a:1c:ec:30:f3,OS-Internet,7c:5a:1c:ec:30:f3,48.89024086747392,8.700609896445195,3,3,-63.666666666666664,3.0,9.261187281287935,3.722234506106512,weak
DIRECT-2e-HP M282 LaserJet | 42:23:43:d8:10:2e,DIRECT-2e-HP M282 LaserJet,42:23:43:d8:10:2e,48.87882516573953,8.71565418105522,3,3,-84.33333333333333,14.677992676220699,31.622776601683793,3.7253287514212805,weak
Noubis-Home-Box | 0e:c5:74:2b:df:60,Noubis-Home-Box,0e:c5:74:2b:df:60,48.89158634930575,8.701662856695624,3,3,-84.33333333333333,12.589254117941675,34.14548873833603,3.756829360035601,weak
THA-MDE-DE | 08:45:d1:d8:ff:ab,THA-MDE-DE,08:45:d1:d8:ff:ab,48.891499330744075,8.699767823892303,3,3,-85.66666666666667,14.677992676220699,34.14548873833603,3.807525914331704,weak
Buntes Netz 2 | 1c:ed:6f:ba:97:03,Buntes Netz 2,1c:ed:6f:ba:97:03,48.89134875868666,8.699852776874021,3,3,-89.0,19.952623149688797,42.986623470822764,3.909582022478168,weak
Ofis_EXT | 78:20:51:3b:50:15,Ofis_EXT,78:20:51:3b:50:15,48.89100234372701,8.699086167068957,3,3,-71.33333333333333,4.641588833612778,13.593563908785255,3.9827410925181987,weak
o2-WLAN37 | f8:5b:3b:f8:d0:eb,o2-WLAN37,f8:5b:3b:f8:d0:eb,48.89080692528426,8.698980079818634,3,3,-73.33333333333333,3.686945064519575,17.11328304161781,4.034669958093047,weak
Ince | 3c:a6:2f:33:55:b3,Ince,3c:a6:2f:33:55:b3,48.89067828194588,8.700775614710766,3,3,-87.66666666666667,17.11328304161781,39.810717055349734,4.039393182732464,weak
Telekom_SIM | 08:45:d1:d8:ff:af,Telekom_SIM,08:45:d1:d8:ff:af,48.89148728703657,8.699754630424193,3,3,-85.66666666666667,14.677992676220699,34.14548873833603,4.092260983077732,weak
Kochlöffel Mitarbeiter | 72:a7:41:da:f7:c2,Kochlöffel Mitarbeiter,72:a7:41:da:f7:c2,48.89060562446841,8.698922775923734,3,3,-77.33333333333333,7.3564225445964135,18.478497974222908,4.1349985862707355,weak
Galaxy M214C2E | 7e:03:cf:a6:67:6d,Galaxy M214C2E,7e:03:cf:a6:67:6d,48.89122751321168,8.699244974054931,3,3,-71.66666666666667,5.011872336272722,11.659144011798316,4.155873879264161,weak
Atelier Menduh | 0c:72:74:35:6e:1f,Atelier Menduh,0c:72:74:35:6e:1f,48.89058822125096,8.700255655132079,3,3,-83.33333333333333,10.7977516232771,36.869450645195755,4.2315912532667115,weak
FRITZ!Box 6690 OG | d4:24:dd:62:11:94,FRITZ!Box 6690 OG,d4:24:dd:62:11:94,48.89092958527176,8.699009847357052,3,3,-74.0,3.0,21.544346900318832,4.408102256227287,weak
CP-WLAN-Gast | 12:ea:14:2a:7f:0b,CP-WLAN-Gast,12:ea:14:2a:7f:0b,48.8897541327759,8.697881454171743,3,3,-89.66666666666667,23.263050671536263,36.869450645195755,4.424182743656233,weak
WLAN-759985 | 6c:15:db:4f:a0:af,WLAN-759985,6c:15:db:4f:a0:af,48.89088506053001,8.701132779347827,3,3,-82.0,9.261187281287935,36.869450645195755,4.467920531595239,weak
FRITZ!Box 7590 QP | 50:e6:36:66:29:0c,FRITZ!Box 7590 QP,50:e6:36:66:29:0c,48.89123444063129,8.702150068076936,3,3,-82.66666666666667,10.0,34.14548873833603,4.478761946854397,weak
WG8 | 2e:3a:fd:9c:f3:a8,WG8,2e:3a:fd:9c:f3:a8,48.890278202703,8.701884655687227,3,3,-80.33333333333333,7.943282347242816,27.12272579332028,4.536829402336821,weak
RVN-SW01 | e8:df:70:91:be:6d,RVN-SW01,e8:df:70:91:be:6d,48.8914223362697,8.699388748041564,3,3,-80.0,7.3564225445964135,36.869450645195755,4.571226423023195,weak
myhappyplace4s | ee:a9:40:6b:03:2d,myhappyplace4s,ee:a9:40:6b:03:2d,48.89146517203882,8.700580850024613,3,3,-85.0,12.589254117941675,34.14548873833603,4.583326100992601,weak
TUC-PF | 68:d7:9a:04:7a:4b,TUC-PF,68:d7:9a:04:7a:4b,48.89125937834806,8.701237511462347,3,3,-85.66666666666667,12.589254117941675,39.810717055349734,4.683995741452181,weak
Gast1100001 | 1c:30:03:31:9a:f2,Gast1100001,1c:30:03:31:9a:f2,48.88970973117128,8.697083855601965,3,3,-86.33333333333333,12.589254117941675,36.869450645195755,4.83257063121585,weak
CARLINK_931D4C28C | 34:a6:ef:59:15:35,CARLINK_931D4C28C,34:a6:ef:59:15:35,48.89029020807882,8.700500798678975,3,3,-73.33333333333333,4.641588833612778,21.544346900318832,4.835942411605197,weak
SPFLOCSW11A | ee:55:b8:b2:85:94,SPFLOCSW11A,ee:55:b8:b2:85:94,48.891136825963464,8.699239308785145,3,3,-76.0,5.843414133735177,23.263050671536263,4.99376999278933,weak
dm CONNECT | f6:55:b8:b2:85:94,dm CONNECT,f6:55:b8:b2:85:94,48.891136825963464,8.699239308785145,3,3,-76.0,5.843414133735177,23.263050671536263,4.99376999278933,weak
iPhone von Dannik | ce:10:b7:9f:d8:8c,iPhone von Dannik,ce:10:b7:9f:d8:8c,48.889805660061775,8.69846191870813,3,3,-81.33333333333333,9.261187281287935,29.286445646252357,5.049632243227296,weak
myhappyplace4s | ee:a9:40:6b:03:2c,myhappyplace4s,ee:a9:40:6b:03:2c,48.89144374149705,8.70060530807812,3,3,-77.0,7.3564225445964135,18.478497974222908,5.131611168831982,weak
Vodafone-0876 | b0:5d:d4:8d:4e:ff,Vodafone-0876,b0:5d:d4:8d:4e:ff,48.89159468239932,8.70029903794157,3,3,-87.33333333333333,17.11328304161781,39.810717055349734,5.191604916832416,weak
TP-Link_3D81_5G_EXT | 40:ed:00:c6:b2:63,TP-Link_3D81_5G_EXT,40:ed:00:c6:b2:63,48.89144554468707,8.700022861481758,3,3,-84.33333333333333,10.7977516232771,36.869450645195755,5.229618654461827,weak
WLAN DAK-G | 06:a0:57:83:06:6a,WLAN DAK-G,06:a0:57:83:06:6a,48.890350382366606,8.69917452587306,3,3,-84.66666666666667,10.7977516232771,36.869450645195755,5.264497448266998,weak
Vodafone-327B | 40:2b:50:e2:76:6c,Vodafone-327B,40:2b:50:e2:76:6c,48.89105437596028,8.698958405624914,3,3,-83.0,10.0,36.869450645195755,5.30603514801642,weak
Buntes Gastnetz | 7a:ed:6f:ba:97:04,Buntes Gastnetz,7a:ed:6f:ba:97:04,48.891454877417075,8.699954505114563,3,3,-92.33333333333333,29.286445646252357,42.986623470822764,5.4200565554475,weak
WLAN-759985 | 6c:15:db:4f:a0:ae,WLAN-759985,6c:15:db:4f:a0:ae,48.89086511738187,8.701297789135635,3,3,-76.0,7.3564225445964135,15.848931924611133,5.495376386195353,weak
Intern1100001 | 1c:30:03:31:9a:f1,Intern1100001,1c:30:03:31:9a:f1,48.8896283346683,8.697051291441179,3,3,-86.0,11.659144011798316,42.986623470822764,5.620174095184296,weak
HS Pforzheim | 50:e6:36:5e:f7:bf,HS Pforzheim,50:e6:36:5e:f7:bf,48.89162037958293,8.699801253296009,3,3,-86.66666666666667,13.593563908785255,39.810717055349734,5.681130881230301,weak
Ratssaal_Medientechnik | 70:a7:41:e1:b5:db,Ratssaal_Medientechnik,70:a7:41:e1:b5:db,48.891155848952785,8.702122006908347,3,3,-84.66666666666667,11.659144011798316,39.810717055349734,5.713587941996647,weak
Vodafone-691C | b8:a5:35:14:69:28,Vodafone-691C,b8:a5:35:14:69:28,48.89019393892638,8.7001053421962,3,3,-75.0,6.812920690579613,14.677992676220699,5.972904502366311,weak
Vodafone-2A9B | a0:e7:ae:5c:04:ee,Vodafone-2A9B,a0:e7:ae:5c:04:ee,48.890742757528116,8.70018117024882,3,3,-69.33333333333333,3.1622776601683795,12.589254117941675,6.0400396713389695,weak
WiFi4EU | 48:4a:e9:d9:c4:c2,WiFi4EU,48:4a:e9:d9:c4:c2,48.89138736758231,8.701178779334837,3,3,-64.33333333333333,3.0,7.3564225445964135,6.097711820732768,weak
vs-44cf68 | 58:b5:68:44:cf:68,vs-44cf68,58:b5:68:44:cf:68,48.891127922399896,8.699229163839707,3,3,-71.0,3.4145488738336014,23.263050671536263,6.203623197472461,weak
IPOSNOW_Wifi | e2:63:da:08:0b:c7,IPOSNOW_Wifi,e2:63:da:08:0b:c7,48.891261680207926,8.699337057732203,3,3,-82.0,10.0,31.622776601683793,6.225705910678529,weak
FRITZ!Box 7590 TA | 0c:72:74:c1:9f:b4,FRITZ!Box 7590 TA,0c:72:74:c1:9f:b4,48.8910949831287,8.699389791795333,3,3,-83.0,10.0,34.14548873833603,6.425757494590673,weak
PF-NET-PLUS | 1c:d1:e0:05:9a:ca,PF-NET-PLUS,1c:d1:e0:05:9a:ca,48.89164409961107,8.7015832952759,3,3,-89.0,19.952623149688797,42.986623470822764,6.445220150568834,weak
YCafe | 30:68:93:66:65:20,YCafe,30:68:93:66:65:20,48.89024129023204,8.700468073064766,3,3,-64.0,3.0,6.812920690579613,6.554246590163178,weak
Thalia_Free_WiFi | 08:45:d1:d8:ff:a9,Thalia_Free_WiFi,08:45:d1:d8:ff:a9,48.89145410162412,8.699771631963184,3,3,-87.33333333333333,17.11328304161781,39.810717055349734,6.921796683595464,weak
FRITZ!Box 6591 Cable PH | 3c:a6:2f:58:86:d2,FRITZ!Box 6591 Cable PH,3c:a6:2f:58:86:d2,48.891487264741606,8.701193194905056,3,3,-83.66666666666667,11.659144011798316,36.869450645195755,6.939446573431199,weak
PF-NET | 1c:d1:e0:16:27:8f,PF-NET,1c:d1:e0:16:27:8f,48.890645024026405,8.70145339264981,3,3,-85.66666666666667,13.593563908785255,39.810717055349734,6.963874914744413,weak
FRITZ!Box 6690 MB | 04:b4:fe:40:b7:93,FRITZ!Box 6690 MB,04:b4:fe:40:b7:93,48.89017818830639,8.69928518298095,3,3,-90.0,27.12272579332028,39.810717055349734,7.004955476000192,weak
Vodafone-1C64 | a0:2d:13:43:41:80,Vodafone-1C64,a0:2d:13:43:41:80,48.89126744932091,8.699210003487854,3,3,-84.0,10.0,34.14548873833603,7.097950477863494,weak
FRITZ!Box 7590 QP | b4:fc:7d:64:9e:19,FRITZ!Box 7590 QP,b4:fc:7d:64:9e:19,48.89100912959682,8.701848458966154,3,3,-80.66666666666667,7.943282347242816,29.286445646252357,7.292888345892495,weak
Vodafone-626D | a0:e7:ae:96:0a:fa,Vodafone-626D,a0:e7:ae:96:0a:fa,48.88947835608315,8.698320444816224,3,3,-80.33333333333333,8.576958985908941,23.263050671536263,7.525712980026871,weak
KonRail | 04:b4:fe:57:b2:ff,KonRail,04:b4:fe:57:b2:ff,48.89030958908899,8.700137212139547,3,3,-81.33333333333333,10.7977516232771,25.118864315095795,7.738800158199018,weak
WLAN-QASGA7 | 58:d7:59:ca:42:d8,WLAN-QASGA7,58:d7:59:ca:42:d8,48.89082217992012,8.700832163724076,3,3,-84.66666666666667,10.7977516232771,36.869450645195755,7.799809577438258,weak
PF-NET | 1c:d1:e0:17:c4:6f,PF-NET,1c:d1:e0:17:c4:6f,48.89125526450789,8.701670650736485,3,3,-86.66666666666667,11.659144011798316,39.810717055349734,7.966572579248665,weak
PF-EVENT | 1c:d1:e0:16:27:8d,PF-EVENT,1c:d1:e0:16:27:8d,48.8906357785608,8.701432750951879,3,3,-85.33333333333333,13.593563908785255,36.869450645195755,8.000923554019076,weak
HaugWeiser | 0e:ea:14:2f:8e:16,HaugWeiser,0e:ea:14:2f:8e:16,48.89144807759164,8.70009005647739,3,3,-65.33333333333333,3.1622776601683795,7.3564225445964135,8.05054397840328,weak
Vodafone-4F44 | 00:cb:7a:44:4f:48,Vodafone-4F44,00:cb:7a:44:4f:48,48.89147558542779,8.700843307671022,3,3,-64.0,3.0,8.576958985908941,8.098778981848067,weak
Chicken Soup 5 | 2c:91:ab:85:91:e0,Chicken Soup 5,2c:91:ab:85:91:e0,48.89022910984028,8.701435458630884,3,3,-83.33333333333333,10.0,34.14548873833603,8.321201929357919,weak
FRITZ!Box 6660 Cable EW | 0c:72:74:8a:26:64,FRITZ!Box 6660 Cable EW,0c:72:74:8a:26:64,48.89144834574189,8.701125975688573,3,3,-85.0,9.261187281287935,39.810717055349734,8.48784382435577,weak
philips2 | e8:df:70:49:20:15,philips2,e8:df:70:49:20:15,48.89144100279621,8.70150088010511,3,3,-65.66666666666667,3.0,8.576958985908941,8.83947899782104,weak
MagentaWLAN-M9IJ | 2c:fb:0f:5d:1f:1f,MagentaWLAN-M9IJ,2c:fb:0f:5d:1f:1f,48.890598142589845,8.700171252366683,3,3,-81.0,7.3564225445964135,29.286445646252357,9.806688550862622,weak
Vodafone-8007 | f0:4b:8a:97:29:40,Vodafone-8007,f0:4b:8a:97:29:40,48.89045889985028,8.70018561183589,3,3,-79.0,7.3564225445964135,23.263050671536263,9.909091964720124,weak
TEDi-branch | 00:a0:57:96:5c:80,TEDi-branch,00:a0:57:96:5c:80,48.891179398582075,8.701569482639698,3,3,-81.33333333333333,6.309573444801933,36.869450645195755,10.10586373623233,weak
SBF-AiP2 | 04:d4:c4:40:41:29,SBF-AiP2,04:d4:c4:40:41:29,48.89103436744038,8.701859006645227,3,3,-76.0,6.812920690579613,17.11328304161781,10.215354131420973,weak
Sinjaara | 70:54:25:65:0c:f6,Sinjaara,70:54:25:65:0c:f6,48.89111624192853,8.699940137575911,3,3,-87.0,13.593563908785255,46.4158883361278,10.270428104860889,weak
Vodafone-F87D | 0c:7f:b2:66:91:79,Vodafone-F87D,0c:7f:b2:66:91:79,48.89146089082792,8.701009508371063,3,3,-84.33333333333333,10.7977516232771,36.869450645195755,10.375333257051974,weak
FRITZ!Box 6660 Cable IO | 3c:37:12:b3:62:42,FRITZ!Box 6660 Cable IO,3c:37:12:b3:62:42,48.89089510766441,8.70033519940997,3,3,-63.333333333333336,3.0,6.309573444801933,10.457830783026058,weak
PF-NET-GAST | 1c:d1:e0:05:9a:c7,PF-NET-GAST,1c:d1:e0:05:9a:c7,48.89151882738511,8.701587883821578,3,3,-86.0,13.593563908785255,36.869450645195755,10.801243552147334,weak
FRITZ!Box 7530 YI | dc:39:6f:29:5a:6f,FRITZ!Box 7530 YI,dc:39:6f:29:5a:6f,48.89162008681222,8.699641335521733,3,3,-83.0,9.261187281287935,39.810717055349734,11.145125954304188,weak
Vodafone-700C | 00:cb:7a:aa:70:18,Vodafone-700C,00:cb:7a:aa:70:18,48.887115893477045,8.703463198763437,3,3,-74.0,4.298662347082277,29.286445646252357,11.165113562024684,weak
Vodafone-C868 | bc:5b:d5:ae:93:24,Vodafone-C868,bc:5b:d5:ae:93:24,48.89036822092876,8.698860676840686,3,3,-71.0,3.686945064519575,15.848931924611133,11.212993136817463,weak
PF-WLAN | 48:4a:e9:d9:f9:f2,PF-WLAN,48:4a:e9:d9:f9:f2,48.89154556607757,8.701549230014775,3,3,-85.0,11.659144011798316,36.869450645195755,11.445488365260214,weak
Elemenz Gast | 2e:91:ab:82:7a:00,Elemenz Gast,2e:91:ab:82:7a:00,48.88996289704096,8.698956736618632,3,3,-85.66666666666667,10.0,39.810717055349734,11.454971718312175,weak
WLAN-QASGA7 | 58:d7:59:ca:42:d5,WLAN-QASGA7,58:d7:59:ca:42:d5,48.89081113162143,8.701051672382137,3,3,-76.66666666666667,7.3564225445964135,17.11328304161781,11.819852031321366,weak
HerzAusGold | 2c:91:ab:79:2c:bd,HerzAusGold,2c:91:ab:79:2c:bd,48.88989645852488,8.698462243331313,3,3,-87.66666666666667,15.848931924611133,39.810717055349734,12.505837480169063,weak
TheNailHeadspa | d4:24:dd:de:af:10,TheNailHeadspa,d4:24:dd:de:af:10,48.89026231359023,8.700081246762476,3,3,-78.66666666666667,5.411695265464636,29.286445646252357,12.655836390458303,weak
WLAN-BNN | 74:88:bb:76:1f:af,WLAN-BNN,74:88:bb:76:1f:af,48.89142782114178,8.70033214235148,3,3,-86.33333333333333,14.677992676220699,42.986623470822764,12.721326330563322,weak
FRITZ!Box 6690 NC | 60:b5:8d:d5:63:9b,FRITZ!Box 6690 NC,60:b5:8d:d5:63:9b,48.890020659053036,8.698745407515178,3,3,-72.0,4.298662347082277,15.848931924611133,13.30100938130123,weak
GRAF_3OGS | b2:5d:d4:8d:50:02,GRAF_3OGS,b2:5d:d4:8d:50:02,48.891463915852974,8.700474419831277,3,3,-84.66666666666667,12.589254117941675,36.869450645195755,13.460385715773935,weak
FRITZ!Box 6690 OH | 48:5d:35:50:40:25,FRITZ!Box 6690 OH,48:5d:35:50:40:25,48.890227687617994,8.70000708414601,3,3,-75.33333333333333,4.298662347082277,23.263050671536263,13.51107889877713,weak
FRITZ!Box 6660 Cable JA | 2c:91:ab:6f:52:1e,FRITZ!Box 6660 Cable JA,2c:91:ab:6f:52:1e,48.88966758273904,8.698590850187255,3,3,-90.0,27.12272579332028,39.810717055349734,13.968411403760111,weak
Vodafone Homespot | be:5b:d5:ae:93:34,Vodafone Homespot,be:5b:d5:ae:93:34,48.89032428929172,8.698894295086157,3,3,-72.0,4.298662347082277,18.478497974222908,13.976062146234126,weak
iPhone von Eser | 2e:81:d8:ba:cd:8a,iPhone von Eser,2e:81:d8:ba:cd:8a,48.88963031531051,8.697854033705267,3,3,-80.66666666666667,6.309573444801933,29.286445646252357,13.985205703057431,weak
rezeption | e0:28:6d:4e:af:b5,rezeption,e0:28:6d:4e:af:b5,48.89021905506817,8.70128549979363,3,3,-79.66666666666667,3.686945064519575,39.810717055349734,14.003451352042436,weak
MagentaWLAN-S6GC | 38:06:e6:8e:40:cf,MagentaWLAN-S6GC,38:06:e6:8e:40:cf,48.88978201876632,8.698316512533088,3,3,-86.0,11.659144011798316,42.986623470822764,14.768344439088374,weak
URM_8MPDHTRP4LU5TMTUGAXJ | 3c:83:b5:01:34:94,URM_8MPDHTRP4LU5TMTUGAXJ,3c:83:b5:01:34:94,48.89069270815701,8.70065863399364,3,3,-74.33333333333333,3.686945064519575,18.478497974222908,14.786173001525448,weak
YellowGuest | 22:11:32:a4:bd:92,YellowGuest,22:11:32:a4:bd:92,48.88973086077319,8.697297431715958,3,3,-84.66666666666667,15.848931924611133,29.286445646252357,17.125917218936664,weak
WiFi4EU | 48:4a:e9:d9:f9:f0,WiFi4EU,48:4a:e9:d9:f9:f0,48.891485630915184,8.701581089091821,3,3,-81.66666666666667,10.0,29.286445646252357,17.32506143947185,weak
TGUNET-5Ghz | 5c:49:79:43:c7:12,TGUNET-5Ghz,5c:49:79:43:c7:12,48.88962505747692,8.69851621811233,3,3,-87.66666666666667,19.952623149688797,36.869450645195755,17.376853903864376,weak
MOBILE-BNN | 74:88:bb:76:1f:ad,MOBILE-BNN,74:88:bb:76:1f:ad,48.8914369752945,8.700251716642727,3,3,-86.66666666666667,14.677992676220699,46.4158883361278,17.760028640838325,weak
Vodafone-41BD | 50:a5:dc:d2:9c:dc,Vodafone-41BD,50:a5:dc:d2:9c:dc,48.889711571234834,8.695936071828793,3,3,-75.66666666666667,3.686945064519575,36.869450645195755,17.82567578124681,weak
Vodafone-0FD4 | 08:a7:c0:e1:0f:d8,Vodafone-0FD4,08:a7:c0:e1:0f:d8,48.89071180649883,8.700602954757429,3,3,-70.33333333333333,3.1622776601683795,14.677992676220699,17.92930466393957,weak
TK-Internet | f8:b7:e2:ce:fe:0e,TK-Internet,f8:b7:e2:ce:fe:0e,48.89094360865564,8.701435215319067,3,3,-82.66666666666667,10.0,31.622776601683793,18.30425316001709,weak
WLAN-Handy | 22:6a:1b:7b:7e:ba,WLAN-Handy,22:6a:1b:7b:7e:ba,48.89022579058286,8.700746138498408,3,3,-86.0,17.11328304161781,34.14548873833603,18.706895703749954,weak
iPhone | 76:10:b5:cc:28:e9,iPhone,76:10:b5:cc:28:e9,48.891349351388584,8.699283316926783,3,3,-64.0,3.0,6.812920690579613,18.792792230593747,weak
SMART-5922 | ee:3e:b3:d0:2f:90,SMART-5922,ee:3e:b3:d0:2f:90,48.89027537154695,8.700247180333141,3,3,-75.66666666666667,6.812920690579613,17.11328304161781,18.85750507125865,weak
Internet | 84:d1:5a:93:94:46,Internet,84:d1:5a:93:94:46,48.8907890627308,8.70180877364338,3,3,-71.33333333333333,4.298662347082277,12.589254117941675,18.879706657565148,weak
GAST-BNN | 74:88:bb:76:1f:ae,GAST-BNN,74:88:bb:76:1f:ae,48.89143816651943,8.700240783986896,3,3,-86.33333333333333,14.677992676220699,42.986623470822764,18.996993156443054,weak
FRITZ!Box 6591 Cable CV | 2c:91:ab:93:1e:0c,FRITZ!Box 6591 Cable CV,2c:91:ab:93:1e:0c,48.88960415515544,8.69844497802329,3,3,-79.66666666666667,10.0,25.118864315095795,19.297034975116315,weak
Vodafone Homespot | d6:3f:cb:81:66:38,Vodafone Homespot,d6:3f:cb:81:66:38,48.89024549252679,8.701801676115403,3,3,-76.66666666666667,6.309573444801933,25.118864315095795,19.42475540961896,weak
Ofis_EXT_EXT | 50:3d:d1:bf:33:c0,Ofis_EXT_EXT,50:3d:d1:bf:33:c0,48.89093151870562,8.699151813181615,3,3,-58.666666666666664,3.0,4.298662347082277,19.581876584827963,weak
Vodafone-FDDC | 8c:6a:8d:da:fd:e8,Vodafone-FDDC,8c:6a:8d:da:fd:e8,48.89019124606047,8.700524082261584,3,3,-90.33333333333333,25.118864315095795,39.810717055349734,20.13044008287013,weak
PF-WLAN | 48:4a:e9:d9:c4:c0,PF-WLAN,48:4a:e9:d9:c4:c0,48.891391605356,8.70103265377632,3,3,-65.0,3.0,7.943282347242816,20.308433015904914,weak
Vodafone-1534 | 1c:9d:72:57:15:40,Vodafone-1534,1c:9d:72:57:15:40,48.891392556829,8.699985984371034,3,3,-86.66666666666667,17.11328304161781,31.622776601683793,20.480661182516705,weak
Vodafone-4FA8 | d4:3f:cb:88:b7:68,Vodafone-4FA8,d4:3f:cb:88:b7:68,48.890194360819606,8.699597704785937,3,3,-84.33333333333333,12.589254117941675,27.12272579332028,20.86287674802802,weak
Vodafone Homespot | d6:3f:cb:88:b7:37,Vodafone Homespot,d6:3f:cb:88:b7:37,48.89018351679777,8.699330290107095,3,3,-75.0,5.843414133735177,15.848931924611133,20.991551519853456,weak
FRITZ!Box 7530 KK | 3c:a6:2f:3b:3b:f7,FRITZ!Box 7530 KK,3c:a6:2f:3b:3b:f7,48.89144461879543,8.699829955667376,3,3,-88.33333333333333,18.478497974222908,39.810717055349734,21.01909405827876,weak
FRITZ!Box 7590 KE | 60:b5:8d:45:6a:d6,FRITZ!Box 7590 KE,60:b5:8d:45:6a:d6,48.87951766000059,8.7156832001406,3,3,-88.0,21.544346900318832,42.986623470822764,21.232033922139646,weak
PF-NET-GAST | 1c:d1:e0:17:c4:6c,PF-NET-GAST,1c:d1:e0:17:c4:6c,48.89111626341399,8.701505138246013,3,3,-86.33333333333333,10.7977516232771,39.810717055349734,22.91995447494827,weak
TEDi-tech | 06:a0:57:96:5c:81,TEDi-tech,06:a0:57:96:5c:81,48.89098626273142,8.701554992174188,3,3,-70.0,3.9810717055349722,11.659144011798316,23.107739181282994,weak
TEDi-tech-global | 0a:a0:57:96:5c:81,TEDi-tech-global,0a:a0:57:96:5c:81,48.89098626273142,8.701554992174188,3,3,-70.0,3.9810717055349722,11.659144011798316,23.107739181282994,weak
FRITZ!Box BRSE Gastzugang | 62:b5:8d:45:6a:d6,FRITZ!Box BRSE Gastzugang,62:b5:8d:45:6a:d6,48.879489153174106,8.715664581257476,3,3,-86.33333333333333,19.952623149688797,34.14548873833603,23.8915475143704,weak
TEDi-branch | 00:a0:57:96:5c:81,TEDi-branch,00:a0:57:96:5c:81,48.89100542094816,8.70155035682209,3,3,-70.0,3.9810717055349722,10.7977516232771,23.97417905107343,weak
Slytherin Gemeinschaftsraum | 8a:2d:13:18:65:7d,Slytherin Gemeinschaftsraum,8a:2d:13:18:65:7d,48.88965028464923,8.696520304297614,3,3,-86.33333333333333,17.11328304161781,34.14548873833603,27.716930762330275,weak
WLAN_E&F | 9c:05:d6:b3:a2:95,WLAN_E&F,9c:05:d6:b3:a2:95,48.891357392654044,8.70124317652613,3,3,-75.33333333333333,5.843414133735177,19.952623149688797,29.48566606707786,weak
o2-WLAN56 | 78:29:ed:40:dc:de,o2-WLAN56,78:29:ed:40:dc:de,48.886137674780215,8.69859062855787,3,3,-85.66666666666667,18.478497974222908,34.14548873833603,29.94383177811614,weak
Praxis Neuffer | d4:24:dd:0c:71:2b,Praxis Neuffer,d4:24:dd:0c:71:2b,48.89092930153345,8.699558696325651,3,3,-82.0,12.589254117941675,25.118864315095795,30.658109535935576,weak
Vodafone-56B4 | f0:4b:8a:96:60:b8,Vodafone-56B4,f0:4b:8a:96:60:b8,48.89069004370907,8.700545773343386,3,3,-88.0,21.544346900318832,39.810717055349734,32.26353677030962,weak
FRITZ!Box 6660 Cable KS | dc:15:c8:fb:9e:f5,FRITZ!Box 6660 Cable KS,dc:15:c8:fb:9e:f5,48.88670167328153,8.708234146251455,3,3,-94.0,42.986623470822764,42.986623470822764,33.06248052880873,weak
Paedagogisches_Zentrum | de:39:6f:e3:e6:d8,Paedagogisches_Zentrum,de:39:6f:e3:e6:d8,48.89062152542721,8.700777759668043,3,3,-86.66666666666667,19.952623149688797,34.14548873833603,33.16390827893934,weak
Axxep | 30:68:93:66:67:b3,Axxep,30:68:93:66:67:b3,48.886666793411116,8.708222085414985,3,3,-92.0,36.869450645195755,36.869450645195755,36.76497980730438,weak
UPC543C474 | 54:67:51:02:ad:69,UPC543C474,54:67:51:02:ad:69,48.890269288113934,8.698708591798338,3,3,-79.0,5.011872336272722,31.622776601683793,39.01608031671071,weak
Vodafone-5413 | d4:3f:cb:81:66:08,Vodafone-5413,d4:3f:cb:81:66:08,48.890289123785344,8.701218034855547,3,3,-74.66666666666667,6.812920690579613,14.677992676220699,40.109636704951676,weak
Vodafone-8503 | f0:4b:8a:96:7f:e7,Vodafone-8503,f0:4b:8a:96:7f:e7,48.88663307686461,8.708211793854971,3,3,-90.0,31.622776601683793,31.622776601683793,40.1776081837692,weak
Falb_EXTFast | 1c:61:b4:c8:e1:1b,Falb_EXTFast,1c:61:b4:c8:e1:1b,48.890643286232596,8.701430491885382,3,3,-85.66666666666667,11.659144011798316,34.14548873833603,40.971917765697334,weak
NVR9ca3a977f7af | 9c:a3:a9:77:f7:af,NVR9ca3a977f7af,9c:a3:a9:77:f7:af,48.89030274763008,8.698853061606217,3,3,-65.66666666666667,3.0,31.622776601683793,41.109755584427894,weak
Vodafone-0C04 | f8:d2:ac:76:0c:10,Vodafone-0C04,f8:d2:ac:76:0c:10,48.88661813193968,8.708202727397545,3,3,-89.0,29.286445646252357,29.286445646252357,41.76609139964896,weak
UPC5521462 | 38:43:7d:dd:0f:16,UPC5521462,38:43:7d:dd:0f:16,48.886610619541656,8.708204964032625,3,3,-88.0,27.12272579332028,27.12272579332028,43.26619188658013,weak
Vodafone-4DC0 | 64:67:72:85:4d:c6,Vodafone-4DC0,64:67:72:85:4d:c6,48.886610619541656,8.708204964032625,3,3,-88.0,27.12272579332028,27.12272579332028,43.26619188658013,weak
Vodafone-F7D5 | a4:43:8c:0b:fe:0b,Vodafone-F7D5,a4:43:8c:0b:fe:0b,48.886610619541656,8.708204964032625,3,3,-88.0,27.12272579332028,27.12272579332028,43.26619188658013,weak
Vodafone-B43D | 0c:7f:b2:9d:0a:7a,Vodafone-B43D,0c:7f:b2:9d:0a:7a,48.887137166077274,8.697593977569312,3,3,-90.33333333333333,29.286445646252357,39.810717055349734,45.489814125372554,weak
Vodafone-971C | 00:cb:7a:3f:97:28,Vodafone-971C,00:cb:7a:3f:97:28,48.88705675611972,8.704428277581401,3,3,-87.0,18.478497974222908,29.286445646252357,46.122323864399476,weak
Vodafone-2934 | 80:da:c2:6e:29:40,Vodafone-2934,80:da:c2:6e:29:40,48.88658317201582,8.708190544831929,3,3,-85.0,21.544346900318832,21.544346900318832,47.27876667275381,weak
Vodafone-4885 | bc:5b:d5:a8:f3:e8,Vodafone-4885,bc:5b:d5:a8:f3:e8,48.88658317201582,8.708190544831929,3,3,-85.0,21.544346900318832,21.544346900318832,47.27876667275381,weak
Vodafone-074C | ec:a8:1f:b2:07:58,Vodafone-074C,ec:a8:1f:b2:07:58,48.887072738171135,8.70466719090905,3,3,-84.0,18.478497974222908,23.263050671536263,47.97302863621957,weak
Vodafone-6EB0 | ec:a9:40:7c:75:63,Vodafone-6EB0,ec:a9:40:7c:75:63,48.88657621514571,8.708193626310548,3,3,-84.0,19.952623149688797,19.952623149688797,48.45652950590193,weak
Vodafone-guest | ee:a9:40:7c:75:23,Vodafone-guest,ee:a9:40:7c:75:23,48.88657621514571,8.708193626310548,3,3,-84.0,19.952623149688797,19.952623149688797,48.45652950590193,weak
Zeljko | 04:a2:22:29:02:11,Zeljko,04:a2:22:29:02:11,48.88657621514571,8.708193626310548,3,3,-84.0,19.952623149688797,19.952623149688797,48.45652950590193,weak
STRBAC | 48:5d:35:d5:db:c7,STRBAC,48:5d:35:d5:db:c7,48.88718716894299,8.697612820696037,3,3,-89.66666666666667,29.286445646252357,31.622776601683793,48.591724718399625,weak
Vodafone-F483 | 70:54:25:57:8e:8c,Vodafone-F483,70:54:25:57:8e:8c,48.88656816350383,8.708181381418576,3,3,-81.0,15.848931924611133,15.848931924611133,51.55763995991254,weak
UPCCDEDC9B | dc:53:7c:f2:de:69,UPCCDEDC9B,dc:53:7c:f2:de:69,48.886560715958446,8.708183716676178,3,3,-80.0,14.677992676220699,14.677992676220699,52.4553913089667,weak
Vodafone-64EA | 50:a5:dc:d3:07:d5,Vodafone-64EA,50:a5:dc:d3:07:d5,48.88654723956881,8.708190544836839,3,3,-78.0,12.589254117941675,12.589254117941675,54.079383534414255,weak
MagentaWLAN-ANGG | cc:58:30:c4:4c:cf,MagentaWLAN-ANGG,cc:58:30:c4:4c:cf,48.887256616779304,8.697603980045342,3,3,-85.33333333333333,10.7977516232771,31.622776601683793,56.3658001353645,weak
Vodafone-3A96 | e4:f7:5b:2c:48:85,Vodafone-3A96,e4:f7:5b:2c:48:85,48.887161762724524,8.697577631704373,3,3,-85.33333333333333,21.544346900318832,23.263050671536263,56.427418580857534,weak
gigacube-A9E4 | 54:1f:8d:88:a9:e4,gigacube-A9E4,54:1f:8d:88:a9:e4,48.88653825645708,8.708176883390802,3,3,-74.0,9.261187281287935,9.261187281287935,56.702060334562916,weak
Vodafone-0C04 | f8:d2:ac:76:0c:08,Vodafone-0C04,f8:d2:ac:76:0c:08,48.88653825645708,8.7081768833908,3,3,-73.0,8.576958985908941,8.576958985908941,57.246901339344234,weak
Vodafone-64EA | 50:a5:dc:d3:07:d6,Vodafone-64EA,50:a5:dc:d3:07:d6,48.88653825645709,8.7081768833908,3,3,-72.0,7.943282347242816,7.943282347242816,57.7541345314929,weak
WLAN-168329 | 74:90:bc:31:46:3f,WLAN-168329,74:90:bc:31:46:3f,48.88652927334533,8.7081768833908,3,3,-65.0,4.641588833612778,4.641588833612778,60.42058507977571,weak
THG-GAESTE | 00:a0:57:59:f5:95,THG-GAESTE,00:a0:57:59:f5:95,48.889994893434015,8.69787715452295,3,3,-90.33333333333333,31.622776601683793,34.14548873833603,117.64095303834425,weak
THG-LEHRERNETZ | 0e:a0:57:59:f5:95,THG-LEHRERNETZ,0e:a0:57:59:f5:95,48.89000131091401,8.697969112267948,3,3,-90.33333333333333,31.622776601683793,34.14548873833603,124.16224989658011,weak
THG-SEG | 0a:a0:57:59:f5:95,THG-SEG,0a:a0:57:59:f5:95,48.89000604939396,8.697939598671015,3,3,-90.33333333333333,29.286445646252357,36.869450645195755,124.24059847120313,weak
THG-GAESTE | 00:a0:57:5a:0f:ed,THG-GAESTE,00:a0:57:5a:0f:ed,48.88999315011861,8.697961132743124,3,3,-89.33333333333333,19.952623149688797,42.986623470822764,131.83305934217654,weak
THG-SEG | 0a:a0:57:5a:0f:ed,THG-SEG,0a:a0:57:5a:0f:ed,48.889992844678694,8.697943401474788,3,3,-89.33333333333333,18.478497974222908,39.810717055349734,133.13104696671112,weak
THG-Schueler | 12:a0:57:5a:0f:ed,THG-Schueler,12:a0:57:5a:0f:ed,48.8899915116094,8.697940165590797,3,3,-89.0,17.11328304161781,39.810717055349734,133.73859710374387,weak
THG-LEHRER | 06:a0:57:5a:0f:ed,THG-LEHRER,06:a0:57:5a:0f:ed,48.88999446376686,8.697944519880608,3,3,-89.33333333333333,18.478497974222908,39.810717055349734,133.93636017905246,weak
